ClaimID,PolicyID,IncidentDate,SettlementDate,TurnaroundDays,ClaimType,ClaimAmount,ClaimStatus,RepudiationReason
CLM-50001,POL-104999,2025-10-12,,,Housebreaking / Theft,51021.97,Repudiated,Material Non-Disclosure at Inception
CLM-50002,POL-101924,2025-01-29,2025-02-28,30,Storm / Roof Damage,146666.09,Settled,
CLM-50003,POL-104258,2025-04-09,2025-04-17,8,Windscreen Replacement,9151.29,Settled,
CLM-50004,POL-104548,2025-04-26,2025-05-19,23,Premises Liability,184210.05,Settled,
CLM-50005,POL-104615,2024-07-26,2024-08-17,22,Windscreen Replacement,6187.27,Settled,
CLM-50006,POL-104124,2024-04-20,2024-05-12,22,Vehicle Theft / Hijack,223335.92,Settled,
CLM-50007,POL-102548,2025-03-05,,,Farm Property Fire,328170.23,Repudiated,Uninsured Peril / Exclusion Applied
CLM-50008,POL-104907,2025-02-07,2025-03-07,28,Machinery Breakdown,92838.45,Settled,
CLM-50009,POL-102989,2025-03-14,2025-04-07,24,Agricultural Machinery Breakdown,69115.98,Settled,
CLM-50010,POL-104911,2025-05-15,2025-06-22,38,Agricultural Machinery Breakdown,40069.47,Settled,
CLM-50011,POL-101734,2025-01-10,2025-01-25,15,Vehicle Collision,29490.38,Settled,
CLM-50012,POL-102970,2024-09-09,,,Commercial Fire Damage,246458.05,Repudiated,Fraudulent / Inflated Claim
CLM-50013,POL-103481,2024-05-01,2024-05-20,19,Housebreaking / Theft,118961.29,Settled,
CLM-50014,POL-100287,2025-08-28,,,Fleet Hail Damage,156773.38,Repudiated,Fraudulent / Inflated Claim
CLM-50015,POL-100346,2025-01-27,2025-02-05,9,Hail Damage,29307.43,Settled,
CLM-50016,POL-104235,2025-08-23,2025-09-14,22,Severe Drought / Heat Stress,172366.39,Settled,
CLM-50017,POL-100730,2025-02-02,2025-02-12,10,Vehicle Theft / Hijack,119903.78,Approved,
CLM-50018,POL-103579,2024-11-11,2024-11-21,10,Geyser Burst / Water Damage,27038.27,Settled,
CLM-50019,POL-101433,2024-07-08,2024-07-25,17,Hail Damage,55315.47,Settled,
CLM-50020,POL-102063,2024-05-17,2024-05-25,8,Hail Damage,24876.46,Settled,
CLM-50021,POL-100192,2025-08-04,,,Vehicle Collision,44555.03,Repudiated,Unlicensed / Unauthorised Driver
CLM-50022,POL-100021,2025-04-27,2025-05-18,21,Severe Drought / Heat Stress,104909.82,Settled,
CLM-50023,POL-104584,2025-06-01,2025-06-10,9,Storm / Roof Damage,13937.56,Approved,
CLM-50024,POL-102926,2025-05-09,2025-05-13,4,Vehicle Theft / Hijack,270658.07,Settled,
CLM-50025,POL-102257,2024-06-18,,,Severe Drought / Heat Stress,133169.67,Repudiated,Fraudulent / Inflated Claim
CLM-50026,POL-102901,2024-06-27,2024-07-02,5,Vehicle Collision,19669.06,Settled,
CLM-50027,POL-102980,2025-12-26,,,Storm / Roof Damage,41168.86,Repudiated,Material Non-Disclosure at Inception
CLM-50028,POL-103501,2024-08-12,2024-08-23,11,Hail Damage,37628.02,Settled,
CLM-50029,POL-103619,2025-11-27,2025-12-28,31,Vehicle Collision,74770.33,Settled,
CLM-50030,POL-101950,2025-11-18,2025-12-03,15,Cargo Loss in Transit,289678.03,Settled,
CLM-50031,POL-100291,2024-05-10,,,Premises Liability,111211.82,Under Investigation,
CLM-50032,POL-103539,2024-08-08,2024-08-22,14,Accidental Damage,35861.07,Approved,
CLM-50033,POL-104819,2025-04-28,2025-05-12,14,Vehicle Theft / Hijack,280064.26,Settled,
CLM-50034,POL-100653,2024-09-03,2024-10-01,28,Building Storm Inundation,73657.39,Approved,
CLM-50035,POL-100967,2025-02-20,2025-03-09,17,Premises Liability,115473.2,Settled,
CLM-50036,POL-101998,2025-02-15,2025-02-26,11,Hail Damage,12206.5,Settled,
CLM-50037,POL-102758,2025-02-14,2025-02-26,12,Vehicle Collision,27569.87,Settled,
CLM-50038,POL-100679,2024-10-08,2024-10-25,17,Vehicle Collision,44352.18,Settled,
CLM-50039,POL-100032,2024-04-26,2024-05-06,10,Vehicle Theft / Hijack,105369.35,Settled,
CLM-50040,POL-102350,2025-01-04,2025-01-16,12,Fleet Hail Damage,277768.72,Settled,
CLM-50041,POL-102293,2024-11-08,2024-12-05,27,Vehicle Collision,152288.6,Settled,
CLM-50042,POL-100152,2024-10-31,2024-11-15,15,Storm / Roof Damage,18462.69,Settled,
CLM-50043,POL-100433,2025-06-11,2025-06-24,13,Power Surge,11398.85,Settled,
CLM-50044,POL-101610,2025-02-04,2025-03-07,31,Commercial Fire Damage,654744.01,Settled,
CLM-50045,POL-101215,2025-07-16,2025-08-08,23,Premises Liability,53080.77,Settled,
CLM-50046,POL-100751,2024-10-17,2024-10-26,9,Windscreen Replacement,4374.61,Settled,
CLM-50047,POL-104138,2024-10-31,2024-12-01,31,Business Interruption,161109.64,Approved,
CLM-50048,POL-103922,2024-10-20,2024-10-31,11,Vehicle Collision,31885.13,Settled,
CLM-50049,POL-104120,2025-12-13,2026-01-05,23,Cargo Loss in Transit,83035.42,Settled,
CLM-50050,POL-101118,2024-06-28,,,Geyser Burst / Water Damage,13605.66,Repudiated,Unlicensed / Unauthorised Driver
CLM-50051,POL-101933,2024-04-17,2024-05-05,18,Major Fleet Theft,454935.03,Settled,
CLM-50052,POL-101685,2024-10-20,2024-11-19,30,Major Fleet Theft,632030.33,Settled,
CLM-50053,POL-102926,2025-10-06,,,Windscreen Replacement,12655.12,Repudiated,Failure to Take Reasonable Precautions
CLM-50054,POL-103783,2024-04-04,2024-04-28,24,Driver Vehicle Rollover,327150.83,Settled,
CLM-50055,POL-103916,2025-05-17,,,Vehicle Collision,25755.23,Under Investigation,
CLM-50056,POL-103986,2025-02-15,2025-03-07,20,Major Fleet Theft,333288.33,Settled,
CLM-50057,POL-100683,2025-09-23,2025-10-09,16,Premises Liability,94562.56,Settled,
CLM-50058,POL-104898,2025-08-25,2025-09-12,18,Power Surge,12036.02,Settled,
CLM-50059,POL-104092,2024-04-09,2024-04-20,11,Storm / Roof Damage,29964.1,Settled,
CLM-50060,POL-102917,2025-09-10,,,Third Party Liability,56826.37,Repudiated,Fraudulent / Inflated Claim
CLM-50061,POL-103206,2025-09-27,2025-11-09,43,Farm Property Fire,425731.71,Settled,
CLM-50062,POL-102619,2025-01-01,,,Major Fleet Theft,635368.44,Repudiated,Fraudulent / Inflated Claim
CLM-50063,POL-100399,2025-07-01,,,Storm / Roof Damage,13574.23,Repudiated,Unlicensed / Unauthorised Driver
CLM-50064,POL-104013,2024-12-02,,,Fleet Hail Damage,204067.92,Under Investigation,
CLM-50065,POL-100083,2025-09-25,2025-10-11,16,Vehicle Collision,22490.51,Settled,
CLM-50066,POL-103543,2024-05-12,,,Windscreen Replacement,4272.92,Repudiated,Material Non-Disclosure at Inception
CLM-50067,POL-102230,2025-06-17,2025-06-21,4,Vehicle Collision,39389.91,Settled,
CLM-50068,POL-100722,2025-01-02,,,Vehicle Collision,23119.43,Repudiated,Failure to Take Reasonable Precautions
CLM-50069,POL-100972,2025-08-11,2025-09-05,25,Building Storm Inundation,195388.04,Approved,
CLM-50070,POL-102205,2025-05-26,2025-05-30,4,Storm / Roof Damage,30109.37,Settled,
CLM-50071,POL-104445,2024-12-27,,,Hail Damage,40097.69,Repudiated,Unlicensed / Unauthorised Driver
CLM-50072,POL-102329,2025-01-16,2025-02-26,41,Storm / Roof Damage,232379.57,Settled,
CLM-50073,POL-102749,2025-08-25,2025-09-26,32,Machinery Breakdown,176546.31,Settled,
CLM-50074,POL-100705,2025-07-05,,,Hail Damage,19643.55,Repudiated,Material Non-Disclosure at Inception
CLM-50075,POL-101397,2024-07-02,2024-07-27,25,Fleet Hail Damage,144489.57,Approved,
CLM-50076,POL-100363,2024-11-30,2024-12-13,13,Geyser Burst / Water Damage,13745.04,Settled,
CLM-50077,POL-100474,2025-03-13,,,Windscreen Replacement,6322.94,Repudiated,Unlicensed / Unauthorised Driver
CLM-50078,POL-103851,2024-10-24,2024-11-18,25,Machinery Breakdown,87868.26,Settled,
CLM-50079,POL-100448,2024-08-25,2024-09-05,11,Hail Damage,40485.19,Settled,
CLM-50080,POL-101230,2025-03-14,2025-04-04,21,Vehicle Theft / Hijack,288508.53,Settled,
CLM-50081,POL-104861,2025-01-17,2025-02-20,34,Geyser Burst / Water Damage,139803.82,Settled,
CLM-50082,POL-100164,2024-07-01,,,Driver Vehicle Rollover,422093.6,Repudiated,Material Non-Disclosure at Inception
CLM-50083,POL-104753,2025-07-17,2025-08-15,29,Business Interruption,61270.32,Settled,
CLM-50084,POL-101888,2025-07-05,,,Fleet Heavy Collision,125895.27,Repudiated,Unlicensed / Unauthorised Driver
CLM-50085,POL-101777,2024-03-23,,,Housebreaking / Theft,58698.57,Under Investigation,
CLM-50086,POL-101525,2024-12-24,2025-01-10,17,Storm / Roof Damage,164875.91,Approved,
CLM-50087,POL-104593,2025-04-12,2025-05-07,25,Livestock Loss,46267.77,Settled,
CLM-50088,POL-101962,2025-08-11,2025-09-03,23,Fleet Heavy Collision,76808.45,Settled,
CLM-50089,POL-102120,2024-11-22,2024-12-03,11,Storm / Roof Damage,44600.28,Settled,
CLM-50090,POL-103113,2025-06-19,2025-07-07,18,Driver Vehicle Rollover,576105.06,Settled,
CLM-50091,POL-102274,2025-10-08,2025-10-24,16,Geyser Burst / Water Damage,36079.14,Settled,
CLM-50092,POL-102551,2024-07-22,2024-08-05,14,Power Surge,10061.6,Settled,
CLM-50093,POL-103162,2024-10-31,2024-11-15,15,Vehicle Collision,48836.08,Settled,
CLM-50094,POL-100302,2025-07-31,2025-08-18,18,Major Fleet Theft,585816.64,Settled,
CLM-50095,POL-102941,2024-12-16,2025-01-03,18,Storm / Roof Damage,43674.84,Settled,
CLM-50096,POL-102167,2024-12-18,2025-01-07,20,Premises Liability,99974.96,Settled,
CLM-50097,POL-104237,2024-10-18,2024-11-10,23,Driver Vehicle Rollover,379088.63,Settled,
CLM-50098,POL-101966,2024-10-22,2024-10-29,7,Third Party Liability,30840.66,Settled,
CLM-50099,POL-100148,2025-06-03,2025-06-22,19,Geyser Burst / Water Damage,37192.41,Approved,
CLM-50100,POL-104574,2025-12-23,,,Storm / Roof Damage,18045.47,Repudiated,Unlicensed / Unauthorised Driver
CLM-50101,POL-100008,2025-06-23,,,Fleet Hail Damage,102691.47,Repudiated,Unlicensed / Unauthorised Driver
CLM-50102,POL-102678,2025-07-27,2025-08-15,19,Accidental Damage,30694.26,Settled,
CLM-50103,POL-103797,2024-10-13,2024-11-20,38,Crop Hail Damage,232692.22,Settled,
CLM-50104,POL-100204,2024-12-11,2024-12-16,5,Hail Damage,10934.27,Approved,
CLM-50105,POL-102425,2024-10-31,,,Fleet Heavy Collision,183970.09,Repudiated,Material Non-Disclosure at Inception
CLM-50106,POL-104374,2025-05-16,2025-05-20,4,Third Party Liability,24928.19,Settled,
CLM-50107,POL-103331,2025-05-02,2025-05-14,12,Geyser Burst / Water Damage,26497.59,Settled,
CLM-50108,POL-103480,2025-08-14,2025-08-24,10,Vehicle Theft / Hijack,211311.71,Settled,
CLM-50109,POL-103006,2025-04-06,2025-04-25,19,Accidental Damage,10643.5,Settled,
CLM-50110,POL-103252,2024-07-27,2024-08-05,9,Vehicle Theft / Hijack,200085.58,Approved,
CLM-50111,POL-104467,2024-04-11,2024-04-25,14,Vehicle Collision,34460.66,Settled,
CLM-50112,POL-100016,2025-04-22,2025-05-07,15,Third Party Liability,19099.54,Settled,
CLM-50113,POL-101648,2024-12-13,2024-12-21,8,Hail Damage,33441.06,Settled,
CLM-50114,POL-101904,2024-12-23,2025-01-11,19,Geyser Burst / Water Damage,32398.45,Settled,
CLM-50115,POL-104435,2025-09-28,2025-10-11,13,Geyser Burst / Water Damage,29245.86,Settled,
CLM-50116,POL-101744,2025-10-15,,,Power Surge,5882.2,Repudiated,Failure to Take Reasonable Precautions
CLM-50117,POL-100300,2024-12-25,2025-01-24,30,Vehicle Collision,156280.69,Settled,
CLM-50118,POL-104781,2025-07-31,,,Power Surge,6945.58,Repudiated,Unlicensed / Unauthorised Driver
CLM-50119,POL-100386,2025-07-28,2025-08-19,22,Premises Liability,209490.56,Approved,
CLM-50120,POL-102123,2024-06-02,2024-06-16,14,Accidental Damage,28628.57,Settled,
CLM-50121,POL-101255,2025-05-28,2025-06-09,12,Geyser Burst / Water Damage,20266.49,Settled,
CLM-50122,POL-101826,2024-09-05,2024-09-29,24,Machinery Breakdown,48040.71,Settled,
CLM-50123,POL-101706,2025-06-04,2025-06-24,20,Machinery Breakdown,142663.94,Settled,
CLM-50124,POL-101375,2025-05-18,2025-06-08,21,Geyser Burst / Water Damage,14495.22,Settled,
CLM-50125,POL-100883,2024-10-27,2024-11-22,26,Agricultural Machinery Breakdown,230837.51,Settled,
CLM-50126,POL-102472,2025-07-22,2025-08-11,20,Business Interruption,93804.92,Settled,
CLM-50127,POL-100266,2025-02-10,2025-03-16,34,Crop Hail Damage,208560.36,Settled,
CLM-50128,POL-103425,2025-01-18,2025-01-31,13,Vehicle Collision,26253.39,Settled,
CLM-50129,POL-100830,2025-03-13,2025-03-21,8,Hail Damage,36202.99,Settled,
CLM-50130,POL-100505,2024-04-03,2024-04-14,11,Vehicle Collision,26392.08,Settled,
CLM-50131,POL-102617,2025-05-11,,,Livestock Loss,234599.94,Under Investigation,
CLM-50132,POL-102371,2024-12-16,,,Vehicle Collision,208410.99,Under Investigation,
CLM-50133,POL-103527,2024-12-23,2025-01-15,23,Cargo Loss in Transit,153010.44,Settled,
CLM-50134,POL-104447,2025-05-20,2025-05-31,11,Vehicle Theft / Hijack,194038.57,Settled,
CLM-50135,POL-102784,2025-04-11,2025-04-19,8,Vehicle Theft / Hijack,147456.69,Settled,
CLM-50136,POL-101110,2024-07-05,2024-07-23,18,Windscreen Replacement,8276.74,Settled,
CLM-50137,POL-100871,2024-10-09,2024-11-09,31,Business Interruption,138037.23,Settled,
CLM-50138,POL-100370,2024-07-17,,,Commercial Fire Damage,328511.55,Repudiated,Uninsured Peril / Exclusion Applied
CLM-50139,POL-103522,2025-08-13,2025-08-29,16,Machinery Breakdown,80889.13,Settled,
CLM-50140,POL-101089,2024-11-11,2024-12-02,21,Storm / Roof Damage,29461.87,Approved,
CLM-50141,POL-104970,2025-10-03,2025-10-14,11,Power Surge,6618.7,Approved,
CLM-50142,POL-104038,2025-04-04,2025-04-27,23,Major Fleet Theft,310553.42,Settled,
CLM-50143,POL-100127,2025-05-04,2025-06-04,31,Building Storm Inundation,69613.92,Approved,
CLM-50144,POL-104576,2025-11-01,2025-11-09,8,Vehicle Theft / Hijack,289710.46,Settled,
CLM-50145,POL-102000,2025-06-19,2025-06-23,4,Geyser Burst / Water Damage,40148.21,Settled,
CLM-50146,POL-100940,2025-03-06,2025-03-26,20,Vehicle Collision,29509.83,Settled,
CLM-50147,POL-105000,2025-04-09,2025-04-26,17,Storm / Roof Damage,28146.98,Approved,
CLM-50148,POL-100056,2025-04-14,2025-05-07,23,Vehicle Collision,48245.98,Settled,
CLM-50149,POL-104271,2025-09-21,,,Vehicle Collision,50961.95,Repudiated,Unlicensed / Unauthorised Driver
CLM-50150,POL-103223,2025-04-04,2025-04-23,19,Accidental Damage,25301.56,Settled,
CLM-50151,POL-104772,2025-05-29,2025-06-02,4,Housebreaking / Theft,80347.54,Settled,
CLM-50152,POL-102396,2025-02-28,2025-03-06,6,Housebreaking / Theft,172422.21,Approved,
CLM-50153,POL-104790,2024-12-08,2024-12-18,10,Hail Damage,44080.75,Settled,
CLM-50154,POL-101973,2024-09-29,2024-11-06,38,Agricultural Machinery Breakdown,172045.88,Settled,
CLM-50155,POL-102638,2025-09-05,2025-10-03,28,Machinery Breakdown,45224.99,Settled,
CLM-50156,POL-102345,2024-07-19,2024-08-06,18,Vehicle Theft / Hijack,278031.49,Settled,
CLM-50157,POL-103910,2025-12-05,2025-12-24,19,Geyser Burst / Water Damage,88848.6,Settled,
CLM-50158,POL-103010,2025-07-14,2025-07-30,16,Driver Vehicle Rollover,392594.06,Settled,
CLM-50159,POL-104026,2025-08-06,2025-08-11,5,Vehicle Collision,22234.27,Settled,
CLM-50160,POL-103836,2025-03-01,2025-03-09,8,Storm / Roof Damage,29138.73,Settled,
CLM-50161,POL-101958,2025-07-05,2025-07-30,25,Major Fleet Theft,546330.8,Settled,
CLM-50162,POL-102462,2025-05-23,2025-06-03,11,Hail Damage,15257.19,Approved,
CLM-50163,POL-103284,2024-04-19,2024-05-05,16,Housebreaking / Theft,76555.28,Settled,
CLM-50164,POL-100556,2025-05-27,2025-06-13,17,Third Party Liability,23106.05,Settled,
CLM-50165,POL-100307,2024-08-06,,,Fleet Heavy Collision,146410.38,Under Investigation,
CLM-50166,POL-103475,2025-01-26,2025-02-05,10,Geyser Burst / Water Damage,29870.88,Settled,
CLM-50167,POL-102459,2024-12-01,2024-12-31,30,Fleet Heavy Collision,163001.4,Settled,
CLM-50168,POL-102561,2025-12-16,2026-01-15,30,Premises Liability,86633.73,Settled,
CLM-50169,POL-100592,2025-01-30,,,Hail Damage,71211.53,Repudiated,Uninsured Peril / Exclusion Applied
CLM-50170,POL-100456,2024-10-29,2024-11-23,25,Machinery Breakdown,125237.29,Settled,
CLM-50171,POL-101892,2025-08-04,2025-08-21,17,Vehicle Theft / Hijack,135372.26,Settled,
CLM-50172,POL-101723,2025-04-09,2025-04-15,6,Vehicle Theft / Hijack,191740.44,Settled,
CLM-50173,POL-104886,2025-07-10,,,Commercial Fire Damage,162521.81,Under Investigation,
CLM-50174,POL-100792,2025-02-15,2025-03-01,14,Windscreen Replacement,12735.74,Settled,
CLM-50175,POL-103608,2025-02-08,2025-02-22,14,Windscreen Replacement,10545.16,Settled,
CLM-50176,POL-102583,2025-11-14,2025-12-03,19,Business Interruption,138645.24,Settled,
CLM-50177,POL-100932,2025-10-19,2025-10-31,12,Geyser Burst / Water Damage,17423.6,Approved,
CLM-50178,POL-100012,2024-04-16,2024-05-10,24,Driver Vehicle Rollover,482049.1,Settled,
CLM-50179,POL-102963,2025-08-04,2025-08-25,21,Power Surge,12528.22,Settled,
CLM-50180,POL-102006,2025-01-08,2025-01-25,17,Power Surge,7802.59,Settled,
CLM-50181,POL-101324,2025-08-29,2025-09-04,6,Accidental Damage,35265.34,Settled,
CLM-50182,POL-104771,2025-03-09,2025-03-28,19,Third Party Liability,23205.66,Settled,
CLM-50183,POL-101312,2024-10-28,2024-11-03,6,Power Surge,11005.16,Settled,
CLM-50184,POL-102058,2025-08-20,2025-09-06,17,Accidental Damage,25152.16,Settled,
CLM-50185,POL-103330,2025-06-27,2025-07-23,26,Commercial Fire Damage,446383.98,Settled,
CLM-50186,POL-100863,2025-10-24,,,Cargo Loss in Transit,94018.38,Repudiated,Material Non-Disclosure at Inception
CLM-50187,POL-101040,2024-12-02,2024-12-23,21,Housebreaking / Theft,154548.04,Settled,
CLM-50188,POL-104747,2024-12-06,,,Geyser Burst / Water Damage,22277.21,Repudiated,Unlicensed / Unauthorised Driver
CLM-50189,POL-103419,2025-08-15,2025-09-01,17,Premises Liability,61768.01,Settled,
CLM-50190,POL-102523,2025-11-18,2025-12-05,17,Storm / Roof Damage,143884.46,Settled,
CLM-50191,POL-102022,2025-05-29,2025-07-05,37,Livestock Loss,145906.32,Settled,
CLM-50192,POL-103372,2025-07-24,,,Accidental Damage,13599.65,Under Investigation,
CLM-50193,POL-100466,2025-08-21,2025-09-17,27,Crop Hail Damage,236906.97,Settled,
CLM-50194,POL-100062,2025-03-26,2025-04-27,32,Fleet Heavy Collision,253825.9,Approved,
CLM-50195,POL-100472,2025-05-11,2025-05-22,11,Windscreen Replacement,12699.23,Settled,
CLM-50196,POL-103917,2024-04-24,2024-05-11,17,Third Party Liability,46361.31,Settled,
CLM-50197,POL-104380,2024-11-26,,,Geyser Burst / Water Damage,14156.42,Under Investigation,
CLM-50198,POL-104737,2025-09-14,2025-09-29,15,Hail Damage,51269.94,Settled,
CLM-50199,POL-103198,2025-03-16,2025-03-30,14,Third Party Liability,17881.41,Settled,
CLM-50200,POL-101861,2024-10-25,2024-11-07,13,Vehicle Collision,17743.97,Settled,
CLM-50201,POL-103973,2025-12-21,2026-01-13,23,Geyser Burst / Water Damage,53448.06,Settled,
CLM-50202,POL-103088,2025-01-31,2025-02-08,8,Power Surge,14357.56,Settled,
CLM-50203,POL-104521,2025-03-31,,,Livestock Loss,188883.84,Repudiated,Material Non-Disclosure at Inception
CLM-50204,POL-104487,2025-02-25,2025-03-08,11,Windscreen Replacement,10265.48,Settled,
CLM-50205,POL-101904,2024-12-23,2025-01-12,20,Geyser Burst / Water Damage,17352.95,Settled,
CLM-50206,POL-103719,2025-10-30,2025-11-11,12,Housebreaking / Theft,168263.22,Settled,
CLM-50207,POL-100562,2024-11-25,2024-12-12,17,Machinery Breakdown,69311.42,Settled,
CLM-50208,POL-104918,2025-08-27,2025-09-10,14,Geyser Burst / Water Damage,15339.76,Settled,
CLM-50209,POL-102923,2024-11-28,,,Geyser Burst / Water Damage,73842.8,Repudiated,Uninsured Peril / Exclusion Applied
CLM-50210,POL-102050,2025-11-22,2025-12-14,22,Accidental Damage,37452.46,Settled,
CLM-50211,POL-101592,2025-07-28,,,Housebreaking / Theft,79848.66,Repudiated,Unlicensed / Unauthorised Driver
CLM-50212,POL-104433,2025-09-04,2025-09-26,22,Hail Damage,44359.84,Approved,
CLM-50213,POL-104621,2025-08-31,2025-09-06,6,Third Party Liability,26219.07,Settled,
CLM-50214,POL-101898,2024-08-04,2024-08-17,13,Vehicle Collision,44546.49,Settled,
CLM-50215,POL-100208,2025-07-31,2025-08-18,18,Accidental Damage,20353.17,Settled,
CLM-50216,POL-102961,2025-01-03,2025-01-24,21,Geyser Burst / Water Damage,38385.28,Approved,
CLM-50217,POL-104104,2025-08-03,,,Machinery Breakdown,140226.0,Repudiated,Unlicensed / Unauthorised Driver
CLM-50218,POL-101300,2024-03-19,,,Windscreen Replacement,4769.1,Under Investigation,
CLM-50219,POL-103519,2025-07-24,2025-08-12,19,Farm Property Fire,182674.31,Settled,
CLM-50220,POL-102757,2025-06-06,2025-06-21,15,Driver Vehicle Rollover,479919.04,Settled,
CLM-50221,POL-102936,2025-11-22,2025-12-10,18,Vehicle Collision,24299.62,Settled,
CLM-50222,POL-104864,2024-12-09,,,Accidental Damage,19765.03,Repudiated,Fraudulent / Inflated Claim
CLM-50223,POL-102949,2025-06-01,,,Third Party Liability,45111.34,Under Investigation,
CLM-50224,POL-102296,2025-05-05,2025-05-30,25,Fleet Heavy Collision,300977.95,Settled,
CLM-50225,POL-103887,2024-12-03,2024-12-26,23,Livestock Loss,232066.65,Settled,
CLM-50226,POL-103351,2025-06-22,,,Vehicle Theft / Hijack,173896.61,Repudiated,Material Non-Disclosure at Inception
CLM-50227,POL-104733,2025-09-10,2025-09-23,13,Housebreaking / Theft,46945.85,Settled,
CLM-50228,POL-100365,2025-02-17,,,Farm Property Fire,527525.18,Under Investigation,
CLM-50229,POL-101251,2025-06-07,,,Agricultural Machinery Breakdown,130599.22,Under Investigation,
CLM-50230,POL-101461,2024-08-11,,,Fleet Heavy Collision,220985.79,Repudiated,Material Non-Disclosure at Inception
CLM-50231,POL-101957,2025-10-13,2025-11-13,31,Business Interruption,102574.39,Approved,
CLM-50232,POL-101568,2025-05-14,2025-05-28,14,Power Surge,8055.51,Settled,
CLM-50233,POL-100192,2025-10-19,2025-11-03,15,Windscreen Replacement,12506.37,Settled,
CLM-50234,POL-100592,2025-01-14,2025-02-05,22,Geyser Burst / Water Damage,219161.51,Settled,
CLM-50235,POL-102775,2025-05-21,2025-06-04,14,Housebreaking / Theft,89822.28,Settled,
CLM-50236,POL-100166,2024-04-26,,,Storm / Roof Damage,29599.41,Repudiated,Uninsured Peril / Exclusion Applied
CLM-50237,POL-104585,2025-02-15,2025-02-21,6,Housebreaking / Theft,138161.03,Settled,
CLM-50238,POL-100111,2025-07-07,2025-07-17,10,Power Surge,4309.32,Settled,
CLM-50239,POL-102742,2024-05-30,2024-06-03,4,Housebreaking / Theft,140227.57,Approved,
CLM-50240,POL-101624,2025-10-19,2025-10-27,8,Storm / Roof Damage,41862.35,Settled,
CLM-50241,POL-102815,2025-03-02,2025-04-14,43,Severe Drought / Heat Stress,152491.12,Settled,
CLM-50242,POL-104772,2024-09-04,2024-09-22,18,Accidental Damage,22382.85,Settled,
CLM-50243,POL-101061,2024-12-08,2024-12-30,22,Vehicle Theft / Hijack,245494.1,Settled,
CLM-50244,POL-100081,2025-06-25,,,Hail Damage,53854.55,Repudiated,Unlicensed / Unauthorised Driver
CLM-50245,POL-100545,2024-12-19,2025-01-02,14,Vehicle Collision,38693.1,Settled,
CLM-50246,POL-100038,2024-10-02,2024-10-16,14,Third Party Liability,13263.59,Settled,
CLM-50247,POL-102799,2025-12-11,2025-12-18,7,Geyser Burst / Water Damage,28353.47,Settled,
CLM-50248,POL-103523,2024-07-13,2024-08-03,21,Major Fleet Theft,200823.1,Settled,
CLM-50249,POL-103052,2024-01-14,2024-02-02,19,Storm / Roof Damage,28127.24,Approved,
CLM-50250,POL-103547,2024-06-12,2024-07-04,22,Building Storm Inundation,106458.85,Settled,
CLM-50251,POL-102086,2024-09-07,2024-09-13,6,Housebreaking / Theft,112933.94,Settled,
CLM-50252,POL-104671,2024-08-07,2024-08-28,21,Fleet Hail Damage,150711.16,Settled,
CLM-50253,POL-102311,2024-04-28,2024-05-10,12,Storm / Roof Damage,39998.63,Settled,
CLM-50254,POL-101691,2025-11-02,2025-11-08,6,Storm / Roof Damage,13263.87,Settled,
CLM-50255,POL-102804,2024-05-08,2024-05-29,21,Business Interruption,121396.13,Settled,
CLM-50256,POL-104630,2025-07-01,2025-07-26,25,Fleet Hail Damage,132708.29,Settled,
CLM-50257,POL-100160,2025-07-30,2025-08-20,21,Vehicle Collision,53510.84,Settled,
CLM-50258,POL-104323,2025-02-22,2025-03-05,11,Third Party Liability,48766.54,Settled,
CLM-50259,POL-102636,2024-04-07,2024-05-01,24,Building Storm Inundation,202950.93,Settled,
CLM-50260,POL-102793,2024-08-27,2024-09-02,6,Windscreen Replacement,6614.02,Settled,
CLM-50261,POL-103001,2024-12-14,2025-01-15,32,Vehicle Collision,143931.42,Settled,
CLM-50262,POL-100754,2024-07-08,2024-07-21,13,Building Storm Inundation,161925.8,Approved,
CLM-50263,POL-102819,2024-09-24,,,Fleet Hail Damage,144658.93,Under Investigation,
CLM-50264,POL-100888,2025-01-10,2025-02-10,31,Vehicle Collision,139122.62,Settled,
CLM-50265,POL-100331,2024-10-20,2024-11-09,20,Agricultural Machinery Breakdown,58838.57,Settled,
CLM-50266,POL-101751,2024-11-27,2024-12-17,20,Vehicle Collision,36591.29,Settled,
CLM-50267,POL-104378,2025-03-07,2025-03-14,7,Storm / Roof Damage,31327.62,Settled,
CLM-50268,POL-104921,2025-09-05,2025-09-12,7,Accidental Damage,31822.92,Settled,
CLM-50269,POL-104225,2025-08-14,,,Power Surge,11347.11,Repudiated,Material Non-Disclosure at Inception
CLM-50270,POL-104872,2025-11-12,2025-12-08,26,Machinery Breakdown,62346.87,Settled,
CLM-50271,POL-102792,2024-08-25,,,Vehicle Collision,43130.91,Repudiated,Fraudulent / Inflated Claim
CLM-50272,POL-104611,2024-11-26,,,Storm / Roof Damage,33351.11,Repudiated,Unlicensed / Unauthorised Driver
CLM-50273,POL-104778,2025-08-21,2025-09-18,28,Major Fleet Theft,559673.1,Settled,
CLM-50274,POL-102202,2024-11-25,2024-12-02,7,Third Party Liability,44741.16,Settled,
CLM-50275,POL-104840,2025-02-03,2025-02-23,20,Vehicle Collision,25090.09,Settled,
CLM-50276,POL-104959,2025-06-21,2025-07-04,13,Windscreen Replacement,10802.7,Approved,
CLM-50277,POL-102156,2024-07-15,2024-08-08,24,Driver Vehicle Rollover,363585.76,Settled,
CLM-50278,POL-101453,2025-09-15,2025-09-28,13,Housebreaking / Theft,133315.94,Settled,
CLM-50279,POL-102538,2025-12-04,,,Vehicle Theft / Hijack,97128.29,Repudiated,Failure to Take Reasonable Precautions
CLM-50280,POL-102209,2025-01-18,2025-02-03,16,Storm / Roof Damage,26261.05,Settled,
CLM-50281,POL-104834,2024-05-17,2024-05-29,12,Vehicle Theft / Hijack,206444.76,Approved,
CLM-50282,POL-102677,2025-09-27,2025-10-10,13,Third Party Liability,31165.43,Approved,
CLM-50283,POL-104704,2025-05-19,2025-06-08,20,Fleet Hail Damage,307790.72,Settled,
CLM-50284,POL-100331,2025-05-03,2025-06-12,40,Livestock Loss,172334.41,Settled,
CLM-50285,POL-103971,2025-08-13,2025-09-05,23,Machinery Breakdown,153502.17,Settled,
CLM-50286,POL-100024,2025-09-30,2025-11-06,37,Severe Drought / Heat Stress,67128.05,Settled,
CLM-50287,POL-101627,2025-02-01,2025-02-08,7,Third Party Liability,53592.74,Settled,
CLM-50288,POL-103489,2025-02-15,2025-03-01,14,Third Party Liability,27319.41,Settled,
CLM-50289,POL-100368,2025-12-24,2026-01-12,19,Geyser Burst / Water Damage,31709.74,Settled,
CLM-50290,POL-103348,2024-11-18,2024-11-30,12,Geyser Burst / Water Damage,32066.56,Settled,
CLM-50291,POL-102816,2024-12-29,2025-01-18,20,Driver Vehicle Rollover,464944.83,Settled,
CLM-50292,POL-100457,2024-10-29,,,Housebreaking / Theft,110079.64,Under Investigation,
CLM-50293,POL-100641,2025-08-03,2025-08-12,9,Power Surge,9646.37,Approved,
CLM-50294,POL-103038,2025-04-25,2025-05-13,18,Driver Vehicle Rollover,634020.91,Settled,
CLM-50295,POL-101274,2024-11-10,2024-12-05,25,Fleet Heavy Collision,83042.51,Settled,
CLM-50296,POL-103568,2024-11-05,,,Driver Vehicle Rollover,573639.96,Repudiated,Unlicensed / Unauthorised Driver
CLM-50297,POL-103340,2025-06-02,2025-06-19,17,Hail Damage,39465.01,Settled,
CLM-50298,POL-101264,2025-06-23,,,Vehicle Collision,45807.37,Repudiated,Failure to Take Reasonable Precautions
CLM-50299,POL-100882,2024-12-04,,,Geyser Burst / Water Damage,28775.18,Repudiated,Uninsured Peril / Exclusion Applied
CLM-50300,POL-102524,2024-11-14,2024-12-09,25,Vehicle Collision,172595.32,Settled,
CLM-50301,POL-102189,2025-10-06,2025-10-24,18,Windscreen Replacement,6695.71,Settled,
CLM-50302,POL-101080,2025-08-17,2025-09-02,16,Building Storm Inundation,127454.2,Settled,
CLM-50303,POL-104154,2025-04-23,2025-05-13,20,Third Party Liability,21953.83,Approved,
CLM-50304,POL-101173,2025-06-28,,,Power Surge,3522.08,Repudiated,Fraudulent / Inflated Claim
CLM-50305,POL-103508,2024-07-07,2024-08-01,25,Commercial Fire Damage,449749.52,Settled,
CLM-50306,POL-101218,2024-11-03,2024-11-11,8,Hail Damage,11517.24,Settled,
CLM-50307,POL-103787,2024-07-30,2024-08-10,11,Storm / Roof Damage,24382.13,Settled,
CLM-50308,POL-100315,2024-11-21,2024-12-01,10,Vehicle Collision,43197.9,Settled,
CLM-50309,POL-101472,2024-04-08,2024-04-29,21,Fleet Heavy Collision,140787.99,Settled,
CLM-50310,POL-100282,2025-11-20,2025-11-24,4,Power Surge,7273.99,Settled,
CLM-50311,POL-100632,2025-04-16,2025-05-20,34,Livestock Loss,185611.81,Settled,
CLM-50312,POL-100620,2025-12-24,2026-02-06,44,Geyser Burst / Water Damage,168003.62,Settled,
CLM-50313,POL-101257,2024-12-15,,,Crop Hail Damage,52433.14,Repudiated,Failure to Take Reasonable Precautions
CLM-50314,POL-101477,2025-09-10,,,Vehicle Collision,22725.98,Repudiated,Fraudulent / Inflated Claim
CLM-50315,POL-103947,2025-03-18,2025-03-27,9,Windscreen Replacement,6147.04,Settled,
CLM-50316,POL-104767,2025-08-11,2025-08-31,20,Power Surge,4748.23,Approved,
CLM-50317,POL-104665,2025-05-25,2025-05-30,5,Vehicle Collision,43876.6,Settled,
CLM-50318,POL-104418,2025-04-01,,,Geyser Burst / Water Damage,41221.31,Under Investigation,
CLM-50319,POL-104714,2025-04-21,2025-05-06,15,Storm / Roof Damage,25856.26,Settled,
CLM-50320,POL-102757,2024-11-28,2024-12-26,28,Storm / Roof Damage,167154.21,Settled,
CLM-50321,POL-100166,2025-03-14,,,Power Surge,10928.86,Repudiated,Material Non-Disclosure at Inception
CLM-50322,POL-102192,2025-01-13,2025-02-12,30,Geyser Burst / Water Damage,147773.02,Settled,
CLM-50323,POL-102137,2025-07-21,2025-07-29,8,Power Surge,7965.77,Settled,
CLM-50324,POL-102327,2024-12-20,2025-01-12,23,Storm / Roof Damage,37694.64,Settled,
CLM-50325,POL-103700,2024-05-23,,,Housebreaking / Theft,86352.51,Repudiated,Fraudulent / Inflated Claim
CLM-50326,POL-103404,2025-09-02,2025-09-16,14,Vehicle Collision,48645.85,Approved,
CLM-50327,POL-101257,2025-05-12,2025-06-08,27,Crop Hail Damage,59502.9,Settled,
CLM-50328,POL-100228,2025-03-20,2025-04-08,19,Business Interruption,151503.17,Settled,
CLM-50329,POL-103619,2025-03-08,2025-04-10,33,Business Interruption,130026.32,Settled,
CLM-50330,POL-101717,2024-06-24,2024-07-29,35,Fleet Hail Damage,270337.86,Settled,
CLM-50331,POL-100544,2024-05-24,2024-06-01,8,Vehicle Theft / Hijack,292426.98,Settled,
CLM-50332,POL-102237,2025-01-25,2025-02-03,9,Third Party Liability,42923.56,Settled,
CLM-50333,POL-102303,2024-10-07,2024-10-21,14,Power Surge,9865.98,Approved,
CLM-50334,POL-104739,2024-05-26,2024-06-06,11,Third Party Liability,54824.25,Settled,
CLM-50335,POL-101013,2024-10-07,2024-10-24,17,Vehicle Collision,52122.24,Settled,
CLM-50336,POL-100877,2025-10-17,2025-11-04,18,Housebreaking / Theft,58967.18,Settled,
CLM-50337,POL-100467,2025-04-16,2025-04-26,10,Storm / Roof Damage,23301.09,Settled,
CLM-50338,POL-104668,2024-10-31,2024-11-17,17,Windscreen Replacement,10982.84,Approved,
CLM-50339,POL-102503,2025-08-15,2025-08-25,10,Vehicle Collision,16213.18,Settled,
CLM-50340,POL-104859,2024-10-15,2024-10-28,13,Fleet Heavy Collision,186608.73,Settled,
CLM-50341,POL-103082,2024-04-22,2024-05-09,17,Livestock Loss,106343.19,Settled,
CLM-50342,POL-102463,2025-09-15,2025-10-03,18,Vehicle Theft / Hijack,247015.88,Settled,
CLM-50343,POL-101498,2024-03-02,2024-04-02,31,Commercial Fire Damage,627646.7,Settled,
CLM-50344,POL-104011,2025-08-17,2025-08-29,12,Accidental Damage,30573.72,Approved,
CLM-50345,POL-102841,2025-06-23,2025-07-15,22,Third Party Liability,26224.68,Settled,
CLM-50346,POL-101426,2025-01-11,2025-01-29,18,Geyser Burst / Water Damage,41828.52,Settled,
CLM-50347,POL-100479,2025-02-28,2025-03-22,22,Fleet Heavy Collision,255747.28,Settled,
CLM-50348,POL-101802,2025-05-26,2025-06-05,10,Storm / Roof Damage,38764.84,Settled,
CLM-50349,POL-101602,2025-06-09,,,Vehicle Theft / Hijack,271565.39,Repudiated,Failure to Take Reasonable Precautions
CLM-50350,POL-103375,2025-12-05,2026-01-06,32,Vehicle Collision,285624.85,Settled,
CLM-50351,POL-100043,2024-12-04,2025-01-12,39,Agricultural Machinery Breakdown,198121.59,Settled,
CLM-50352,POL-102568,2025-04-17,2025-05-04,17,Vehicle Collision,45285.02,Approved,
CLM-50353,POL-104396,2025-07-17,2025-07-29,12,Geyser Burst / Water Damage,11395.14,Settled,
CLM-50354,POL-102874,2025-02-16,2025-03-02,14,Power Surge,6959.17,Settled,
CLM-50355,POL-102179,2024-11-23,2024-12-15,22,Driver Vehicle Rollover,246808.39,Settled,
CLM-50356,POL-103184,2025-06-01,2025-06-23,22,Storm / Roof Damage,28712.78,Settled,
CLM-50357,POL-100829,2025-05-24,2025-06-19,26,Commercial Fire Damage,347130.75,Settled,
CLM-50358,POL-100605,2025-10-21,2025-11-08,18,Storm / Roof Damage,29314.86,Settled,
CLM-50359,POL-102736,2025-07-02,2025-07-24,22,Hail Damage,38536.25,Settled,
CLM-50360,POL-101006,2025-02-07,2025-03-01,22,Hail Damage,43944.55,Settled,
CLM-50361,POL-102346,2025-09-14,,,Geyser Burst / Water Damage,30840.83,Repudiated,Material Non-Disclosure at Inception
CLM-50362,POL-103572,2025-08-09,2025-08-30,21,Housebreaking / Theft,170877.71,Settled,
CLM-50363,POL-100076,2025-05-20,2025-06-05,16,Storm / Roof Damage,28169.51,Settled,
CLM-50364,POL-104129,2024-12-27,2025-01-10,14,Hail Damage,274196.97,Settled,
CLM-50365,POL-102404,2024-12-10,2024-12-25,15,Storm / Roof Damage,26032.17,Settled,
CLM-50366,POL-100044,2024-11-12,2024-11-24,12,Geyser Burst / Water Damage,34161.83,Settled,
CLM-50367,POL-104666,2025-03-30,,,Power Surge,5868.33,Under Investigation,
CLM-50368,POL-100673,2024-11-28,2024-12-16,18,Cargo Loss in Transit,149313.59,Settled,
CLM-50369,POL-101234,2025-03-01,2025-03-20,19,Hail Damage,54296.21,Settled,
CLM-50370,POL-104418,2025-11-06,,,Vehicle Collision,18560.37,Under Investigation,
CLM-50371,POL-104368,2025-07-26,2025-08-13,18,Machinery Breakdown,90809.76,Approved,
CLM-50372,POL-100987,2025-11-20,2025-12-03,13,Geyser Burst / Water Damage,41828.43,Approved,
CLM-50373,POL-100029,2025-01-13,2025-02-12,30,Vehicle Collision,171015.09,Settled,
CLM-50374,POL-100543,2025-01-23,2025-02-21,29,Geyser Burst / Water Damage,144463.75,Settled,
CLM-50375,POL-100948,2025-01-09,,,Driver Vehicle Rollover,470142.7,Repudiated,Failure to Take Reasonable Precautions
CLM-50376,POL-103599,2025-09-26,2025-10-21,25,Farm Property Fire,296123.49,Settled,
CLM-50377,POL-103431,2025-03-29,2025-04-18,20,Hail Damage,53227.87,Settled,
CLM-50378,POL-103965,2024-03-07,2024-03-20,13,Vehicle Theft / Hijack,96958.88,Settled,
CLM-50379,POL-102692,2024-12-23,2025-01-09,17,Hail Damage,18004.67,Settled,
CLM-50380,POL-102554,2025-05-09,2025-06-16,38,Building Storm Inundation,74083.05,Settled,
CLM-50381,POL-104193,2025-03-23,2025-04-13,21,Major Fleet Theft,308073.29,Settled,
CLM-50382,POL-102997,2025-07-12,,,Hail Damage,21646.52,Repudiated,Uninsured Peril / Exclusion Applied
CLM-50383,POL-100123,2025-09-17,,,Third Party Liability,53683.85,Repudiated,Uninsured Peril / Exclusion Applied
CLM-50384,POL-103552,2024-12-11,2024-12-21,10,Storm / Roof Damage,29733.94,Settled,
CLM-50385,POL-104350,2025-07-02,2025-07-14,12,Accidental Damage,23572.77,Settled,
CLM-50386,POL-102527,2024-06-02,,,Third Party Liability,43310.45,Repudiated,Fraudulent / Inflated Claim
CLM-50387,POL-101501,2025-05-22,2025-06-04,13,Hail Damage,36072.33,Settled,
CLM-50388,POL-104606,2025-01-05,2025-02-11,37,Farm Property Fire,237178.82,Settled,
CLM-50389,POL-104484,2025-12-21,2026-01-07,17,Storm / Roof Damage,50672.14,Settled,
CLM-50390,POL-102442,2025-08-27,2025-09-13,17,Fleet Heavy Collision,84414.4,Settled,
CLM-50391,POL-101879,2025-10-08,2025-10-20,12,Housebreaking / Theft,152010.37,Approved,
CLM-50392,POL-101430,2024-06-27,,,Hail Damage,55453.68,Repudiated,Failure to Take Reasonable Precautions
CLM-50393,POL-104456,2025-10-10,2025-11-03,24,Storm / Roof Damage,33841.59,Settled,
CLM-50394,POL-104645,2024-10-19,2024-11-08,20,Cargo Loss in Transit,180443.57,Settled,
CLM-50395,POL-104511,2025-10-09,,,Farm Property Fire,122705.63,Under Investigation,
CLM-50396,POL-104118,2025-09-06,2025-10-04,28,Premises Liability,205041.63,Settled,
CLM-50397,POL-100063,2024-11-19,2024-12-09,20,Geyser Burst / Water Damage,16710.59,Settled,
CLM-50398,POL-102955,2025-04-28,2025-05-26,28,Driver Vehicle Rollover,241946.66,Settled,
CLM-50399,POL-101105,2025-03-21,2025-03-24,3,Vehicle Theft / Hijack,148578.59,Settled,
CLM-50400,POL-101818,2025-01-23,2025-02-15,23,Storm / Roof Damage,79919.43,Settled,
CLM-50401,POL-101078,2025-09-03,2025-09-23,20,Livestock Loss,147903.93,Approved,
CLM-50402,POL-103822,2025-03-04,2025-03-22,18,Agricultural Machinery Breakdown,191476.95,Settled,
CLM-50403,POL-101304,2025-07-27,2025-08-14,18,Storm / Roof Damage,29118.01,Settled,
CLM-50404,POL-101901,2025-10-23,,,Power Surge,6230.11,Repudiated,Uninsured Peril / Exclusion Applied
CLM-50405,POL-100887,2024-08-16,,,Fleet Hail Damage,258235.17,Under Investigation,
CLM-50406,POL-103594,2025-09-17,2025-10-01,14,Windscreen Replacement,8973.43,Settled,
CLM-50407,POL-102923,2025-03-31,2025-04-30,30,Premises Liability,155748.53,Settled,
CLM-50408,POL-102254,2025-08-26,2025-09-05,10,Vehicle Theft / Hijack,133104.83,Settled,
CLM-50409,POL-101521,2025-03-24,2025-04-22,29,Livestock Loss,144605.1,Settled,
CLM-50410,POL-103733,2024-12-01,2024-12-22,21,Hail Damage,84460.07,Settled,
CLM-50411,POL-102231,2025-01-13,,,Storm / Roof Damage,10532.65,Under Investigation,
CLM-50412,POL-103520,2024-03-22,2024-04-05,14,Premises Liability,59048.64,Settled,
CLM-50413,POL-100401,2025-07-16,2025-08-20,35,Livestock Loss,59052.29,Settled,
CLM-50414,POL-104299,2025-07-07,,,Geyser Burst / Water Damage,16774.98,Repudiated,Fraudulent / Inflated Claim
CLM-50415,POL-103029,2025-09-10,2025-09-27,17,Accidental Damage,34689.47,Settled,
CLM-50416,POL-100649,2024-05-11,2024-06-02,22,Premises Liability,180070.57,Settled,
CLM-50417,POL-101764,2025-10-06,,,Windscreen Replacement,8163.1,Repudiated,Failure to Take Reasonable Precautions
CLM-50418,POL-101107,2025-11-13,2025-12-02,19,Fleet Hail Damage,309506.2,Settled,
CLM-50419,POL-103245,2025-01-14,2025-01-30,16,Accidental Damage,32147.22,Settled,
CLM-50420,POL-104951,2025-07-09,,,Windscreen Replacement,6816.14,Under Investigation,
CLM-50421,POL-104854,2025-07-10,2025-07-24,14,Storm / Roof Damage,38637.91,Settled,
CLM-50422,POL-102046,2025-12-16,2026-01-10,25,Fleet Hail Damage,93109.57,Settled,
CLM-50423,POL-104378,2025-06-01,,,Storm / Roof Damage,40116.94,Repudiated,Unlicensed / Unauthorised Driver
CLM-50424,POL-102666,2024-09-25,2024-10-03,8,Windscreen Replacement,13262.37,Settled,
CLM-50425,POL-104514,2025-07-14,2025-07-25,11,Accidental Damage,30628.62,Settled,
CLM-50426,POL-100821,2024-03-03,2024-03-10,7,Third Party Liability,25770.99,Settled,
CLM-50427,POL-103187,2025-05-01,2025-05-12,11,Storm / Roof Damage,11451.37,Settled,
CLM-50428,POL-101745,2025-05-23,2025-06-27,35,Building Storm Inundation,190481.8,Settled,
CLM-50429,POL-103946,2024-07-06,2024-07-27,21,Commercial Fire Damage,654067.85,Settled,
CLM-50430,POL-101609,2024-09-25,2024-11-03,39,Livestock Loss,69548.93,Settled,
CLM-50431,POL-102425,2024-08-25,2024-09-24,30,Fleet Heavy Collision,114067.38,Approved,
CLM-50432,POL-103720,2024-09-23,2024-10-21,28,Business Interruption,86334.89,Settled,
CLM-50433,POL-101502,2024-09-04,,,Third Party Liability,28264.77,Repudiated,Material Non-Disclosure at Inception
CLM-50434,POL-104868,2025-08-13,2025-08-18,5,Accidental Damage,39564.87,Settled,
CLM-50435,POL-104079,2025-08-15,2025-08-24,9,Vehicle Collision,26946.2,Settled,
CLM-50436,POL-103472,2024-10-02,2024-10-16,14,Fleet Heavy Collision,114966.86,Settled,
CLM-50437,POL-102579,2025-03-02,2025-03-18,16,Windscreen Replacement,3603.29,Approved,
CLM-50438,POL-101829,2025-08-17,2025-09-12,26,Premises Liability,115540.63,Settled,
CLM-50439,POL-103549,2025-03-24,2025-04-14,21,Livestock Loss,58774.78,Settled,
CLM-50440,POL-100995,2025-06-01,2025-06-17,16,Geyser Burst / Water Damage,32501.86,Approved,
CLM-50441,POL-104281,2025-04-13,2025-05-15,32,Cargo Loss in Transit,275527.92,Settled,
CLM-50442,POL-104774,2025-01-22,2025-01-31,9,Housebreaking / Theft,118579.82,Settled,
CLM-50443,POL-104503,2025-05-21,2025-06-04,14,Accidental Damage,35811.01,Settled,
CLM-50444,POL-101350,2024-08-30,,,Commercial Fire Damage,610495.6,Repudiated,Fraudulent / Inflated Claim
CLM-50445,POL-100306,2025-07-02,2025-07-12,10,Hail Damage,26762.94,Settled,
CLM-50446,POL-104784,2024-11-18,2024-11-27,9,Vehicle Collision,46977.27,Settled,
CLM-50447,POL-103402,2025-12-14,,,Fleet Heavy Collision,85843.65,Under Investigation,
CLM-50448,POL-101858,2024-11-13,2024-12-10,27,Premises Liability,175875.28,Settled,
CLM-50449,POL-104085,2025-05-02,2025-05-05,3,Geyser Burst / Water Damage,17273.28,Settled,
CLM-50450,POL-101758,2025-01-11,2025-02-01,21,Fleet Heavy Collision,298407.92,Approved,
CLM-50451,POL-102245,2025-08-02,2025-08-21,19,Driver Vehicle Rollover,285733.95,Settled,
CLM-50452,POL-104424,2025-09-04,2025-10-05,31,Machinery Breakdown,102214.15,Settled,
CLM-50453,POL-101313,2024-10-19,2024-11-11,23,Machinery Breakdown,169723.94,Settled,
CLM-50454,POL-101783,2024-04-07,2024-04-21,14,Vehicle Theft / Hijack,204416.52,Settled,
CLM-50455,POL-104293,2025-03-23,2025-04-01,9,Geyser Burst / Water Damage,34542.65,Settled,
CLM-50456,POL-103748,2024-08-08,2024-08-30,22,Building Storm Inundation,54970.45,Approved,
CLM-50457,POL-103405,2025-12-09,2025-12-27,18,Vehicle Collision,39946.63,Settled,
CLM-50458,POL-103436,2025-09-23,2025-10-31,38,Farm Property Fire,178877.67,Settled,
CLM-50459,POL-102114,2024-07-16,2024-07-28,12,Vehicle Theft / Hijack,260703.58,Settled,
CLM-50460,POL-102710,2025-09-25,2025-10-17,22,Crop Hail Damage,91241.39,Approved,
CLM-50461,POL-100413,2025-10-26,2025-11-17,22,Cargo Loss in Transit,117795.68,Settled,
CLM-50462,POL-100260,2025-08-15,,,Business Interruption,190478.02,Repudiated,Unlicensed / Unauthorised Driver
CLM-50463,POL-104617,2025-01-18,2025-01-27,9,Geyser Burst / Water Damage,33533.53,Settled,
CLM-50464,POL-100046,2024-12-06,2025-01-07,32,Vehicle Collision,270424.49,Settled,
CLM-50465,POL-101212,2025-09-08,,,Accidental Damage,19781.86,Under Investigation,
CLM-50466,POL-100963,2024-05-29,2024-06-14,16,Major Fleet Theft,660843.29,Approved,
CLM-50467,POL-102647,2025-09-12,2025-10-08,26,Cargo Loss in Transit,186424.22,Approved,
CLM-50468,POL-104778,2025-01-24,2025-02-10,17,Vehicle Collision,298447.64,Settled,
CLM-50469,POL-104534,2025-03-16,2025-03-29,13,Geyser Burst / Water Damage,17798.43,Settled,
CLM-50470,POL-103100,2025-04-24,2025-05-27,33,Agricultural Machinery Breakdown,123299.16,Settled,
CLM-50471,POL-104088,2024-08-10,2024-09-23,44,Crop Hail Damage,53108.99,Settled,
CLM-50472,POL-100327,2025-06-19,2025-06-30,11,Hail Damage,52952.03,Settled,
CLM-50473,POL-104898,2025-08-11,2025-08-17,6,Power Surge,6992.7,Settled,
CLM-50474,POL-102574,2025-06-19,2025-07-11,22,Major Fleet Theft,573604.13,Settled,
CLM-50475,POL-103150,2025-09-28,2025-11-06,39,Livestock Loss,78906.06,Settled,
CLM-50476,POL-103230,2024-10-24,2024-11-04,11,Geyser Burst / Water Damage,12814.27,Settled,
CLM-50477,POL-103297,2024-06-02,,,Building Storm Inundation,145249.35,Repudiated,Fraudulent / Inflated Claim
CLM-50478,POL-103411,2024-12-25,2025-01-20,26,Driver Vehicle Rollover,664814.21,Settled,
CLM-50479,POL-102202,2024-10-25,2024-11-07,13,Vehicle Theft / Hijack,206508.15,Settled,
CLM-50480,POL-102179,2024-11-06,2024-11-20,14,Fleet Hail Damage,113609.13,Settled,
CLM-50481,POL-102327,2025-04-09,2025-05-01,22,Storm / Roof Damage,27914.58,Settled,
CLM-50482,POL-103501,2024-10-14,2024-10-31,17,Vehicle Collision,15966.72,Settled,
CLM-50483,POL-103530,2025-05-15,2025-05-21,6,Housebreaking / Theft,175771.0,Settled,
CLM-50484,POL-103206,2025-11-22,2025-12-26,34,Storm / Roof Damage,210734.31,Settled,
CLM-50485,POL-103794,2024-08-12,2024-08-27,15,Vehicle Theft / Hijack,174559.62,Approved,
CLM-50486,POL-100472,2025-09-12,2025-09-23,11,Vehicle Theft / Hijack,96756.63,Settled,
CLM-50487,POL-104884,2024-02-26,2024-03-06,9,Vehicle Theft / Hijack,215027.03,Settled,
CLM-50488,POL-100594,2025-07-24,2025-08-14,21,Vehicle Theft / Hijack,295065.61,Approved,
CLM-50489,POL-100164,2024-06-13,2024-07-14,31,Driver Vehicle Rollover,294165.4,Approved,
CLM-50490,POL-104039,2024-09-23,2024-10-14,21,Fleet Heavy Collision,263565.38,Settled,
CLM-50491,POL-104857,2024-11-01,,,Storm / Roof Damage,39320.22,Repudiated,Material Non-Disclosure at Inception
CLM-50492,POL-103024,2025-06-03,2025-06-19,16,Windscreen Replacement,9540.11,Settled,
CLM-50493,POL-102503,2025-03-27,,,Vehicle Collision,43984.39,Under Investigation,
CLM-50494,POL-103010,2025-08-06,2025-09-03,28,Cargo Loss in Transit,66899.34,Settled,
CLM-50495,POL-100104,2024-08-17,,,Power Surge,14416.05,Under Investigation,
CLM-50496,POL-101746,2025-05-21,2025-06-14,24,Driver Vehicle Rollover,460090.07,Settled,
CLM-50497,POL-101996,2024-12-13,2024-12-25,12,Vehicle Collision,22485.84,Approved,
CLM-50498,POL-101387,2025-09-18,,,Windscreen Replacement,10836.16,Repudiated,Uninsured Peril / Exclusion Applied
CLM-50499,POL-100393,2024-02-17,2024-03-07,19,Vehicle Collision,56433.96,Settled,
CLM-50500,POL-100883,2024-10-18,2024-11-19,32,Severe Drought / Heat Stress,118032.32,Settled,
CLM-50501,POL-100641,2025-11-25,2025-12-16,21,Housebreaking / Theft,179874.93,Settled,
CLM-50502,POL-104822,2024-12-02,2024-12-12,10,Storm / Roof Damage,29829.18,Settled,
CLM-50503,POL-102091,2025-08-19,2025-09-05,17,Storm / Roof Damage,16431.19,Approved,
CLM-50504,POL-101442,2025-09-23,2025-10-15,22,Third Party Liability,30647.64,Approved,
CLM-50505,POL-104192,2024-11-17,2024-11-23,6,Hail Damage,31069.58,Settled,
CLM-50506,POL-102771,2024-12-24,2025-01-05,12,Windscreen Replacement,12486.88,Settled,
CLM-50507,POL-102909,2025-06-02,2025-06-20,18,Third Party Liability,36135.55,Settled,
CLM-50508,POL-103995,2025-03-17,2025-03-26,9,Third Party Liability,54888.56,Approved,
CLM-50509,POL-100019,2025-11-17,2025-12-06,19,Hail Damage,83636.31,Settled,
CLM-50510,POL-103424,2025-08-02,2025-08-05,3,Storm / Roof Damage,41979.15,Settled,
CLM-50511,POL-104301,2025-07-01,2025-07-29,28,Fleet Heavy Collision,261059.88,Approved,
CLM-50512,POL-101470,2024-10-10,2024-10-30,20,Power Surge,4961.28,Settled,
CLM-50513,POL-104235,2025-12-04,,,Vehicle Collision,35970.03,Under Investigation,
CLM-50514,POL-103996,2025-03-25,,,Major Fleet Theft,241468.39,Repudiated,Material Non-Disclosure at Inception
CLM-50515,POL-100808,2025-04-20,2025-05-02,12,Vehicle Collision,56569.96,Approved,
CLM-50516,POL-101417,2025-08-23,2025-09-24,32,Farm Property Fire,295912.81,Settled,
CLM-50517,POL-103465,2024-09-23,2024-10-20,27,Fleet Heavy Collision,288088.31,Settled,
CLM-50518,POL-101735,2025-09-16,,,Cargo Loss in Transit,165417.46,Repudiated,Uninsured Peril / Exclusion Applied
CLM-50519,POL-103435,2025-11-12,,,Geyser Burst / Water Damage,76170.47,Under Investigation,
CLM-50520,POL-104026,2025-03-26,,,Third Party Liability,49294.16,Repudiated,Uninsured Peril / Exclusion Applied
CLM-50521,POL-104155,2025-05-03,2025-06-01,29,Commercial Fire Damage,548273.87,Settled,
CLM-50522,POL-104940,2025-06-15,2025-07-13,28,Cargo Loss in Transit,301156.1,Settled,
CLM-50523,POL-104385,2024-08-08,2024-08-21,13,Windscreen Replacement,10934.36,Settled,
CLM-50524,POL-103710,2025-09-19,2025-10-06,17,Windscreen Replacement,4859.23,Settled,
CLM-50525,POL-103498,2025-08-13,,,Crop Hail Damage,201475.19,Repudiated,Unlicensed / Unauthorised Driver
CLM-50526,POL-103371,2024-11-20,2024-12-22,32,Farm Property Fire,274993.77,Settled,
CLM-50527,POL-102356,2024-08-15,2024-09-09,25,Major Fleet Theft,678905.9,Settled,
CLM-50528,POL-102314,2024-10-08,2024-10-19,11,Fleet Hail Damage,112488.59,Settled,
CLM-50529,POL-102841,2025-05-04,2025-05-16,12,Hail Damage,30271.29,Settled,
CLM-50530,POL-101924,2024-11-29,2025-01-05,37,Geyser Burst / Water Damage,298248.64,Settled,
CLM-50531,POL-102181,2024-09-03,,,Hail Damage,22243.31,Under Investigation,
CLM-50532,POL-100088,2025-02-01,,,Crop Hail Damage,193931.46,Under Investigation,
CLM-50533,POL-102199,2025-03-14,2025-03-22,8,Vehicle Theft / Hijack,208436.3,Settled,
CLM-50534,POL-101257,2025-09-15,2025-10-27,42,Livestock Loss,133120.32,Settled,
CLM-50535,POL-101046,2024-08-04,2024-09-01,28,Business Interruption,170409.29,Settled,
CLM-50536,POL-104895,2025-04-09,2025-04-30,21,Commercial Fire Damage,361703.43,Approved,
CLM-50537,POL-103484,2025-06-15,2025-06-28,13,Hail Damage,21986.57,Settled,
CLM-50538,POL-102199,2025-04-29,2025-05-16,17,Hail Damage,30411.35,Settled,
CLM-50539,POL-104427,2024-05-25,2024-06-08,14,Vehicle Theft / Hijack,245058.96,Settled,
CLM-50540,POL-101590,2024-11-10,2024-11-30,20,Geyser Burst / Water Damage,240777.88,Settled,
CLM-50541,POL-100453,2025-04-24,2025-05-01,7,Third Party Liability,42129.08,Settled,
CLM-50542,POL-102141,2024-08-26,2024-09-03,8,Hail Damage,21085.63,Approved,
CLM-50543,POL-101988,2024-08-12,2024-08-27,15,Geyser Burst / Water Damage,18630.25,Settled,
CLM-50544,POL-103401,2025-10-07,2025-11-10,34,Commercial Fire Damage,481746.54,Settled,
CLM-50545,POL-100109,2025-08-08,2025-08-22,14,Power Surge,8928.05,Settled,
CLM-50546,POL-103165,2025-05-13,,,Fleet Hail Damage,69057.82,Under Investigation,
CLM-50547,POL-103292,2024-10-17,,,Agricultural Machinery Breakdown,184220.82,Repudiated,Unlicensed / Unauthorised Driver
CLM-50548,POL-101234,2024-06-05,2024-06-19,14,Windscreen Replacement,10062.47,Settled,
CLM-50549,POL-101346,2025-09-05,2025-09-23,18,Windscreen Replacement,4501.99,Settled,
CLM-50550,POL-103840,2025-06-12,2025-07-16,34,Major Fleet Theft,258214.45,Settled,
CLM-50551,POL-101139,2025-02-18,2025-02-25,7,Third Party Liability,39748.59,Settled,
CLM-50552,POL-103995,2025-11-18,2025-12-04,16,Geyser Burst / Water Damage,29125.54,Settled,
CLM-50553,POL-102028,2025-02-22,2025-03-27,33,Fleet Heavy Collision,266947.34,Settled,
CLM-50554,POL-103588,2024-09-04,2024-09-10,6,Storm / Roof Damage,20277.71,Approved,
CLM-50555,POL-103381,2025-02-10,,,Fleet Hail Damage,163801.74,Repudiated,Uninsured Peril / Exclusion Applied
CLM-50556,POL-103901,2024-08-20,2024-09-08,19,Driver Vehicle Rollover,611541.23,Settled,
CLM-50557,POL-104839,2025-12-12,2025-12-26,14,Third Party Liability,38844.45,Settled,
CLM-50558,POL-100760,2024-04-26,2024-05-06,10,Hail Damage,18745.27,Settled,
CLM-50559,POL-104003,2024-09-07,2024-10-03,26,Cargo Loss in Transit,203664.98,Settled,
CLM-50560,POL-103417,2024-10-30,2024-11-12,13,Vehicle Theft / Hijack,227211.29,Settled,
CLM-50561,POL-102193,2025-10-08,,,Agricultural Machinery Breakdown,149047.95,Repudiated,Material Non-Disclosure at Inception
CLM-50562,POL-102962,2025-09-13,2025-10-05,22,Storm / Roof Damage,31031.98,Settled,
CLM-50563,POL-103132,2025-07-22,2025-08-02,11,Geyser Burst / Water Damage,10517.62,Settled,
CLM-50564,POL-101281,2025-11-14,2025-12-01,17,Hail Damage,35716.62,Settled,
CLM-50565,POL-103986,2025-01-29,2025-03-04,34,Vehicle Collision,247011.74,Settled,
CLM-50566,POL-101432,2025-08-11,2025-09-06,26,Farm Property Fire,429521.06,Settled,
CLM-50567,POL-101587,2025-01-27,2025-02-21,25,Geyser Burst / Water Damage,203248.67,Settled,
CLM-50568,POL-100556,2025-02-04,2025-02-18,14,Vehicle Theft / Hijack,118483.75,Settled,
CLM-50569,POL-100091,2025-08-12,2025-09-02,21,Accidental Damage,41031.06,Settled,
CLM-50570,POL-100195,2024-10-09,,,Housebreaking / Theft,86788.14,Under Investigation,
CLM-50571,POL-103815,2025-07-09,2025-07-23,14,Third Party Liability,33575.31,Settled,
CLM-50572,POL-103041,2025-03-08,2025-03-17,9,Windscreen Replacement,8466.82,Settled,
CLM-50573,POL-103673,2024-07-01,2024-07-15,14,Third Party Liability,16449.46,Settled,
CLM-50574,POL-103540,2025-04-22,2025-04-27,5,Windscreen Replacement,6141.1,Settled,
CLM-50575,POL-104183,2024-10-13,2024-10-25,12,Windscreen Replacement,13495.75,Settled,
CLM-50576,POL-101822,2025-08-10,2025-08-30,20,Major Fleet Theft,219307.01,Settled,
CLM-50577,POL-104875,2024-11-03,2024-11-20,17,Business Interruption,136265.76,Settled,
CLM-50578,POL-103773,2024-10-16,2024-10-28,12,Windscreen Replacement,9742.96,Approved,
CLM-50579,POL-104601,2025-08-16,,,Hail Damage,49503.26,Under Investigation,
CLM-50580,POL-103019,2024-11-23,2024-12-22,29,Vehicle Collision,51695.17,Settled,
CLM-50581,POL-101350,2024-11-07,2024-12-03,26,Commercial Fire Damage,606104.1,Settled,
CLM-50582,POL-103325,2025-02-26,2025-03-21,23,Farm Property Fire,520045.73,Approved,
CLM-50583,POL-102542,2025-06-27,2025-07-16,19,Windscreen Replacement,6660.73,Settled,
CLM-50584,POL-100958,2025-06-08,2025-06-18,10,Geyser Burst / Water Damage,36232.7,Settled,
CLM-50585,POL-104298,2025-03-13,2025-04-01,19,Crop Hail Damage,102674.08,Settled,
CLM-50586,POL-102643,2025-02-22,2025-03-04,10,Accidental Damage,38903.09,Settled,
CLM-50587,POL-100499,2025-01-02,2025-01-27,25,Vehicle Collision,120826.72,Settled,
CLM-50588,POL-104963,2024-06-18,2024-07-05,17,Fleet Heavy Collision,93369.13,Settled,
CLM-50589,POL-102879,2024-12-11,2025-01-06,26,Geyser Burst / Water Damage,206540.68,Approved,
CLM-50590,POL-104696,2024-12-28,2025-01-12,15,Accidental Damage,27798.44,Settled,
CLM-50591,POL-100377,2024-01-30,2024-02-21,22,Storm / Roof Damage,79418.38,Settled,
CLM-50592,POL-101122,2025-08-30,2025-09-09,10,Power Surge,3974.88,Settled,
CLM-50593,POL-101905,2025-10-29,2025-12-05,37,Agricultural Machinery Breakdown,211834.41,Settled,
CLM-50594,POL-101428,2025-04-02,2025-04-16,14,Storm / Roof Damage,35169.1,Approved,
CLM-50595,POL-100100,2025-02-21,2025-03-13,20,Vehicle Collision,28275.76,Settled,
CLM-50596,POL-103968,2024-08-04,2024-08-21,17,Accidental Damage,11280.97,Settled,
CLM-50597,POL-100774,2025-09-05,2025-09-22,17,Major Fleet Theft,634074.06,Settled,
CLM-50598,POL-103183,2025-03-12,2025-03-27,15,Windscreen Replacement,12311.85,Settled,
CLM-50599,POL-101898,2025-02-02,2025-02-15,13,Vehicle Theft / Hijack,189612.88,Settled,
CLM-50600,POL-104197,2025-06-08,2025-06-19,11,Vehicle Theft / Hijack,161573.44,Settled,
CLM-50601,POL-101265,2025-06-11,2025-06-26,15,Building Storm Inundation,125915.29,Settled,
CLM-50602,POL-100864,2024-12-10,2024-12-20,10,Vehicle Collision,49387.9,Settled,
CLM-50603,POL-100635,2025-06-27,2025-07-02,5,Storm / Roof Damage,10867.97,Settled,
CLM-50604,POL-102259,2024-12-22,,,Hail Damage,52147.98,Under Investigation,
CLM-50605,POL-100624,2025-12-30,2026-01-26,27,Fleet Hail Damage,102852.38,Settled,
CLM-50606,POL-103828,2024-05-23,2024-06-03,11,Third Party Liability,15141.49,Settled,
CLM-50607,POL-101546,2025-06-09,2025-06-23,14,Cargo Loss in Transit,308695.95,Approved,
CLM-50608,POL-103156,2024-11-11,2024-11-27,16,Vehicle Collision,91991.02,Settled,
CLM-50609,POL-104722,2025-06-16,,,Geyser Burst / Water Damage,38724.57,Repudiated,Uninsured Peril / Exclusion Applied
CLM-50610,POL-101128,2025-07-26,,,Housebreaking / Theft,69584.8,Repudiated,Uninsured Peril / Exclusion Applied
CLM-50611,POL-103039,2025-10-21,2025-10-27,6,Accidental Damage,23448.71,Approved,
CLM-50612,POL-101290,2025-07-13,2025-07-31,18,Geyser Burst / Water Damage,23490.43,Approved,
CLM-50613,POL-104302,2025-01-28,,,Hail Damage,28048.42,Repudiated,Uninsured Peril / Exclusion Applied
CLM-50614,POL-103454,2025-12-09,,,Vehicle Collision,27813.88,Under Investigation,
CLM-50615,POL-100760,2024-05-29,2024-06-17,19,Hail Damage,31420.86,Approved,
CLM-50616,POL-104421,2024-05-08,2024-05-24,16,Vehicle Theft / Hijack,294690.06,Approved,
CLM-50617,POL-100115,2024-05-24,2024-06-10,17,Business Interruption,189613.06,Approved,
CLM-50618,POL-100646,2025-11-17,2025-11-25,8,Geyser Burst / Water Damage,23307.69,Settled,
CLM-50619,POL-102770,2024-08-26,2024-09-10,15,Driver Vehicle Rollover,584720.28,Settled,
CLM-50620,POL-100100,2025-10-27,,,Windscreen Replacement,10900.04,Repudiated,Material Non-Disclosure at Inception
CLM-50621,POL-103893,2024-06-01,2024-07-05,34,Driver Vehicle Rollover,477665.95,Settled,
CLM-50622,POL-104655,2025-09-24,2025-10-09,15,Accidental Damage,14103.94,Settled,
CLM-50623,POL-102340,2025-03-04,2025-03-12,8,Windscreen Replacement,10057.49,Settled,
CLM-50624,POL-103873,2025-04-25,,,Vehicle Theft / Hijack,245131.07,Repudiated,Material Non-Disclosure at Inception
CLM-50625,POL-104550,2024-11-21,2024-12-10,19,Vehicle Collision,15936.46,Settled,
CLM-50626,POL-102942,2024-10-13,2024-10-25,12,Geyser Burst / Water Damage,14016.98,Settled,
CLM-50627,POL-103420,2025-06-08,,,Vehicle Theft / Hijack,163638.82,Under Investigation,
CLM-50628,POL-100123,2025-03-18,2025-04-04,17,Vehicle Theft / Hijack,109504.54,Settled,
CLM-50629,POL-103327,2025-04-25,2025-05-08,13,Housebreaking / Theft,46063.53,Approved,
CLM-50630,POL-101618,2025-03-09,2025-03-29,20,Third Party Liability,55296.54,Settled,
CLM-50631,POL-104672,2025-06-21,2025-06-26,5,Power Surge,7431.26,Settled,
CLM-50632,POL-103224,2024-08-17,2024-09-01,15,Machinery Breakdown,71092.62,Approved,
CLM-50633,POL-103099,2025-05-28,2025-06-08,11,Housebreaking / Theft,64974.48,Settled,
CLM-50634,POL-101529,2024-11-21,2024-12-14,23,Storm / Roof Damage,13556.94,Settled,
CLM-50635,POL-104440,2024-10-19,,,Third Party Liability,52414.22,Repudiated,Failure to Take Reasonable Precautions
CLM-50636,POL-103859,2024-11-29,2024-12-08,9,Hail Damage,47544.87,Settled,
CLM-50637,POL-100073,2025-08-30,2025-09-04,5,Housebreaking / Theft,142063.92,Settled,
CLM-50638,POL-104387,2025-07-18,,,Agricultural Machinery Breakdown,231939.39,Repudiated,Fraudulent / Inflated Claim
CLM-50639,POL-101960,2025-09-10,2025-09-27,17,Housebreaking / Theft,141906.84,Settled,
CLM-50640,POL-101058,2024-02-03,2024-03-07,33,Severe Drought / Heat Stress,90527.83,Settled,
CLM-50641,POL-102201,2025-05-17,2025-06-02,16,Vehicle Collision,41471.06,Approved,
CLM-50642,POL-100644,2024-07-05,2024-07-24,19,Geyser Burst / Water Damage,16729.48,Approved,
CLM-50643,POL-101678,2025-05-12,,,Power Surge,4568.23,Repudiated,Fraudulent / Inflated Claim
CLM-50644,POL-102589,2024-10-29,2024-11-09,11,Hail Damage,54805.76,Settled,
CLM-50645,POL-101262,2025-07-23,2025-08-02,10,Vehicle Collision,17016.27,Settled,
CLM-50646,POL-100132,2024-04-12,2024-04-22,10,Third Party Liability,56777.51,Settled,
CLM-50647,POL-102927,2025-03-18,2025-04-09,22,Premises Liability,157081.64,Approved,
CLM-50648,POL-103078,2025-09-19,2025-10-14,25,Machinery Breakdown,188028.89,Settled,
CLM-50649,POL-103559,2025-03-21,2025-03-30,9,Storm / Roof Damage,33842.03,Settled,
CLM-50650,POL-104209,2025-06-23,2025-07-12,19,Hail Damage,20541.25,Settled,
CLM-50651,POL-102740,2024-08-11,2024-09-13,33,Business Interruption,157127.95,Settled,
CLM-50652,POL-101593,2025-03-10,2025-03-31,21,Commercial Fire Damage,328297.01,Settled,
CLM-50653,POL-101964,2025-03-05,2025-03-27,22,Major Fleet Theft,153771.14,Settled,
CLM-50654,POL-102233,2025-10-07,2025-10-23,16,Vehicle Theft / Hijack,252976.0,Settled,
CLM-50655,POL-104539,2024-11-16,2024-12-01,15,Third Party Liability,26763.83,Settled,
CLM-50656,POL-104264,2024-09-05,2024-09-18,13,Commercial Fire Damage,481657.45,Approved,
CLM-50657,POL-102670,2024-10-04,2024-10-29,25,Fleet Heavy Collision,201084.11,Settled,
CLM-50658,POL-101618,2024-11-24,2024-12-06,12,Storm / Roof Damage,17906.15,Approved,
CLM-50659,POL-100293,2025-01-06,2025-01-15,9,Windscreen Replacement,12047.12,Settled,
CLM-50660,POL-102244,2024-08-17,2024-08-22,5,Vehicle Collision,49042.39,Settled,
CLM-50661,POL-100698,2025-04-12,2025-05-07,25,Business Interruption,103166.99,Settled,
CLM-50662,POL-103931,2025-07-24,,,Driver Vehicle Rollover,571719.21,Repudiated,Fraudulent / Inflated Claim
CLM-50663,POL-104082,2024-05-03,2024-05-15,12,Geyser Burst / Water Damage,16880.15,Settled,
CLM-50664,POL-102072,2024-08-22,,,Premises Liability,183930.05,Repudiated,Failure to Take Reasonable Precautions
CLM-50665,POL-103983,2024-01-20,2024-02-04,15,Vehicle Collision,21477.0,Settled,
CLM-50666,POL-102579,2025-02-26,2025-03-14,16,Windscreen Replacement,11445.05,Settled,
CLM-50667,POL-104626,2024-08-29,2024-10-05,37,Severe Drought / Heat Stress,143790.02,Settled,
CLM-50668,POL-104315,2024-03-19,2024-04-03,15,Power Surge,14452.91,Settled,
CLM-50669,POL-101119,2024-12-22,2025-01-04,13,Storm / Roof Damage,39922.2,Settled,
CLM-50670,POL-101855,2024-08-26,,,Vehicle Theft / Hijack,119339.62,Under Investigation,
CLM-50671,POL-102458,2025-12-31,,,Hail Damage,17406.15,Under Investigation,
CLM-50672,POL-101429,2025-07-26,,,Building Storm Inundation,51757.94,Repudiated,Fraudulent / Inflated Claim
CLM-50673,POL-103744,2024-06-17,2024-06-26,9,Windscreen Replacement,11362.48,Settled,
CLM-50674,POL-104478,2025-05-29,2025-06-13,15,Power Surge,8317.7,Settled,
CLM-50675,POL-104230,2025-03-04,2025-03-17,13,Vehicle Collision,29709.81,Settled,
CLM-50676,POL-103006,2025-03-27,2025-04-13,17,Geyser Burst / Water Damage,40776.54,Settled,
CLM-50677,POL-101193,2025-02-19,,,Third Party Liability,48222.41,Repudiated,Material Non-Disclosure at Inception
CLM-50678,POL-104593,2024-12-07,2025-01-08,32,Crop Hail Damage,120144.31,Settled,
CLM-50679,POL-104580,2025-06-02,2025-06-30,28,Machinery Breakdown,67054.44,Settled,
CLM-50680,POL-102228,2024-12-16,2025-01-04,19,Geyser Burst / Water Damage,241871.02,Settled,
CLM-50681,POL-103064,2025-04-02,,,Accidental Damage,14898.24,Under Investigation,
CLM-50682,POL-100311,2025-09-17,2025-09-24,7,Power Surge,13183.1,Settled,
CLM-50683,POL-104628,2025-05-29,2025-06-09,11,Housebreaking / Theft,133213.3,Settled,
CLM-50684,POL-102254,2024-12-31,2025-01-17,17,Storm / Roof Damage,52400.95,Settled,
CLM-50685,POL-104791,2024-05-11,,,Vehicle Collision,48723.53,Under Investigation,
CLM-50686,POL-102992,2024-09-20,,,Housebreaking / Theft,48927.05,Under Investigation,
CLM-50687,POL-103316,2024-08-13,2024-09-11,29,Farm Property Fire,445571.14,Settled,
CLM-50688,POL-100162,2025-07-23,2025-08-17,25,Major Fleet Theft,283782.75,Settled,
CLM-50689,POL-104509,2025-04-29,2025-05-17,18,Vehicle Collision,28082.19,Settled,
CLM-50690,POL-103076,2025-08-06,2025-08-25,19,Driver Vehicle Rollover,188823.29,Settled,
CLM-50691,POL-102105,2025-07-23,2025-07-31,8,Accidental Damage,34299.53,Approved,
CLM-50692,POL-103500,2025-07-04,2025-07-17,13,Vehicle Theft / Hijack,202438.06,Settled,
CLM-50693,POL-103930,2025-10-05,2025-11-05,31,Severe Drought / Heat Stress,151430.99,Settled,
CLM-50694,POL-103072,2024-11-15,2024-12-01,16,Fleet Hail Damage,183953.94,Settled,
CLM-50695,POL-100623,2025-05-13,2025-05-25,12,Storm / Roof Damage,30701.61,Settled,
CLM-50696,POL-102539,2025-06-20,2025-06-29,9,Vehicle Theft / Hijack,136111.32,Approved,
CLM-50697,POL-100112,2025-05-21,2025-05-25,4,Vehicle Theft / Hijack,111614.68,Settled,
CLM-50698,POL-100701,2024-07-14,2024-07-30,16,Third Party Liability,56482.8,Settled,
CLM-50699,POL-102622,2025-08-01,2025-08-25,24,Cargo Loss in Transit,187350.88,Approved,
CLM-50700,POL-101337,2024-08-28,,,Agricultural Machinery Breakdown,35519.84,Under Investigation,
CLM-50701,POL-104472,2025-03-04,2025-03-28,24,Commercial Fire Damage,587524.83,Approved,
CLM-50702,POL-100158,2025-07-08,2025-07-18,10,Accidental Damage,41390.33,Settled,
CLM-50703,POL-104102,2024-08-03,2024-08-13,10,Third Party Liability,32892.71,Settled,
CLM-50704,POL-104873,2025-09-24,2025-10-24,30,Machinery Breakdown,74948.69,Settled,
CLM-50705,POL-100310,2025-10-25,2025-11-12,18,Fleet Hail Damage,177226.96,Settled,
CLM-50706,POL-103686,2024-06-19,2024-07-10,21,Building Storm Inundation,128971.34,Settled,
CLM-50707,POL-103299,2025-06-15,2025-06-22,7,Accidental Damage,39113.07,Settled,
CLM-50708,POL-103997,2024-10-05,2024-10-25,20,Storm / Roof Damage,15852.75,Settled,
CLM-50709,POL-104168,2025-07-17,2025-07-30,13,Vehicle Collision,43180.13,Settled,
CLM-50710,POL-100818,2024-11-12,2024-11-29,17,Vehicle Collision,50487.88,Settled,
CLM-50711,POL-103531,2024-01-17,2024-02-17,31,Severe Drought / Heat Stress,139219.16,Settled,
CLM-50712,POL-104571,2025-11-06,2025-12-02,26,Vehicle Collision,149040.49,Approved,
CLM-50713,POL-104043,2025-05-13,2025-06-06,24,Storm / Roof Damage,36473.48,Settled,
CLM-50714,POL-102500,2025-02-09,,,Cargo Loss in Transit,131527.77,Under Investigation,
CLM-50715,POL-104228,2024-05-28,2024-06-10,13,Housebreaking / Theft,98407.8,Settled,
CLM-50716,POL-104199,2025-05-06,,,Fleet Hail Damage,263076.44,Repudiated,Failure to Take Reasonable Precautions
CLM-50717,POL-102248,2025-06-17,2025-07-03,16,Third Party Liability,40474.94,Settled,
CLM-50718,POL-104967,2025-01-25,,,Storm / Roof Damage,28264.83,Under Investigation,
CLM-50719,POL-102033,2024-09-18,,,Vehicle Theft / Hijack,254887.26,Repudiated,Uninsured Peril / Exclusion Applied
CLM-50720,POL-101110,2024-07-20,2024-07-31,11,Vehicle Collision,34777.13,Approved,
CLM-50721,POL-100049,2025-01-28,2025-02-12,15,Storm / Roof Damage,52410.77,Settled,
CLM-50722,POL-102206,2025-06-09,2025-06-22,13,Geyser Burst / Water Damage,27503.88,Settled,
CLM-50723,POL-100277,2025-11-08,2025-11-30,22,Fleet Hail Damage,195363.46,Settled,
CLM-50724,POL-101693,2025-11-26,,,Storm / Roof Damage,64942.83,Repudiated,Fraudulent / Inflated Claim
CLM-50725,POL-103475,2025-10-12,2025-10-27,15,Vehicle Theft / Hijack,301324.77,Settled,
CLM-50726,POL-100249,2025-08-07,2025-08-23,16,Hail Damage,52271.78,Settled,
CLM-50727,POL-100746,2025-05-31,2025-06-13,13,Vehicle Collision,20127.18,Approved,
CLM-50728,POL-102196,2025-12-05,2025-12-19,14,Hail Damage,164864.77,Settled,
CLM-50729,POL-104399,2024-08-02,2024-08-15,13,Accidental Damage,16067.96,Settled,
CLM-50730,POL-102482,2025-09-04,2025-09-28,24,Fleet Hail Damage,234455.95,Settled,
CLM-50731,POL-103361,2025-08-07,2025-08-17,10,Vehicle Collision,21042.04,Settled,
CLM-50732,POL-104857,2025-03-29,2025-04-16,18,Vehicle Theft / Hijack,123726.42,Settled,
CLM-50733,POL-100457,2025-05-15,2025-05-20,5,Storm / Roof Damage,38006.59,Approved,
CLM-50734,POL-100181,2025-06-27,2025-07-20,23,Power Surge,9039.84,Settled,
CLM-50735,POL-102789,2025-05-10,2025-06-14,35,Farm Property Fire,498895.45,Settled,
CLM-50736,POL-104056,2025-03-10,2025-03-30,20,Fleet Hail Damage,276445.31,Settled,
CLM-50737,POL-100185,2025-08-26,2025-09-07,12,Vehicle Collision,32570.61,Settled,
CLM-50738,POL-103161,2025-05-28,2025-06-20,23,Fleet Hail Damage,70617.09,Settled,
CLM-50739,POL-102929,2025-10-10,2025-11-05,26,Building Storm Inundation,49783.9,Settled,
CLM-50740,POL-103445,2025-06-18,2025-06-26,8,Power Surge,8426.36,Settled,
CLM-50741,POL-104618,2025-03-29,2025-04-16,18,Housebreaking / Theft,98882.12,Settled,
CLM-50742,POL-100810,2025-08-12,2025-09-09,28,Premises Liability,121183.92,Settled,
CLM-50743,POL-103099,2025-07-19,2025-08-06,18,Accidental Damage,12829.76,Settled,
CLM-50744,POL-101768,2025-06-16,2025-06-27,11,Vehicle Theft / Hijack,166927.21,Settled,
CLM-50745,POL-104303,2024-04-05,2024-04-16,11,Vehicle Theft / Hijack,274608.25,Settled,
CLM-50746,POL-103453,2025-04-13,2025-04-30,17,Storm / Roof Damage,23387.76,Settled,
CLM-50747,POL-100346,2024-11-07,,,Vehicle Collision,36740.73,Under Investigation,
CLM-50748,POL-102569,2024-09-18,2024-10-07,19,Accidental Damage,9845.48,Approved,
CLM-50749,POL-102170,2025-10-19,2025-11-17,29,Agricultural Machinery Breakdown,170286.5,Settled,
CLM-50750,POL-100063,2024-09-21,2024-10-04,13,Storm / Roof Damage,26207.36,Settled,
CLM-50751,POL-100087,2025-01-19,,,Crop Hail Damage,199735.67,Repudiated,Failure to Take Reasonable Precautions
CLM-50752,POL-102186,2025-08-20,2025-09-09,20,Vehicle Collision,40712.05,Settled,
CLM-50753,POL-102276,2025-07-12,,,Windscreen Replacement,5322.66,Repudiated,Fraudulent / Inflated Claim
CLM-50754,POL-101705,2024-10-04,2024-11-01,28,Commercial Fire Damage,152691.8,Settled,
CLM-50755,POL-102914,2025-04-02,2025-04-18,16,Farm Property Fire,439583.38,Settled,
CLM-50756,POL-101360,2024-08-15,,,Vehicle Collision,22071.46,Repudiated,Material Non-Disclosure at Inception
CLM-50757,POL-101410,2024-10-06,,,Windscreen Replacement,14137.92,Repudiated,Unlicensed / Unauthorised Driver
CLM-50758,POL-102088,2025-05-02,2025-05-24,22,Fleet Hail Damage,132418.73,Settled,
CLM-50759,POL-100511,2024-12-13,2024-12-16,3,Vehicle Theft / Hijack,117019.25,Settled,
CLM-50760,POL-103040,2025-07-05,2025-07-14,9,Vehicle Collision,13011.62,Settled,
CLM-50761,POL-101096,2024-07-26,2024-08-12,17,Geyser Burst / Water Damage,10766.92,Settled,
CLM-50762,POL-103276,2024-12-14,2024-12-19,5,Hail Damage,36303.89,Approved,
CLM-50763,POL-101065,2024-04-30,2024-05-09,9,Accidental Damage,19162.96,Settled,
CLM-50764,POL-102453,2024-12-08,,,Hail Damage,39600.14,Repudiated,Failure to Take Reasonable Precautions
CLM-50765,POL-101745,2025-10-10,,,Premises Liability,182119.57,Under Investigation,
CLM-50766,POL-102803,2025-01-16,2025-01-26,10,Storm / Roof Damage,37385.69,Settled,
CLM-50767,POL-104569,2025-06-02,2025-06-21,19,Vehicle Theft / Hijack,208500.57,Settled,
CLM-50768,POL-101184,2025-07-16,,,Windscreen Replacement,8701.99,Repudiated,Uninsured Peril / Exclusion Applied
CLM-50769,POL-101574,2025-01-01,2025-02-02,32,Driver Vehicle Rollover,565224.51,Settled,
CLM-50770,POL-100679,2025-01-12,2025-01-19,7,Storm / Roof Damage,55095.57,Settled,
CLM-50771,POL-101061,2025-02-24,2025-03-18,22,Vehicle Theft / Hijack,159766.22,Approved,
CLM-50772,POL-104274,2025-10-10,2025-10-19,9,Power Surge,12447.32,Settled,
CLM-50773,POL-102507,2025-09-15,2025-10-01,16,Third Party Liability,50884.11,Settled,
CLM-50774,POL-100259,2025-03-07,2025-03-19,12,Third Party Liability,30732.21,Settled,
CLM-50775,POL-102475,2025-02-07,,,Hail Damage,39400.35,Repudiated,Failure to Take Reasonable Precautions
CLM-50776,POL-103074,2025-09-01,2025-09-28,27,Agricultural Machinery Breakdown,211493.26,Settled,
CLM-50777,POL-104331,2025-01-03,,,Hail Damage,32545.29,Repudiated,Material Non-Disclosure at Inception
CLM-50778,POL-102805,2025-02-08,2025-03-01,21,Power Surge,8610.84,Approved,
CLM-50779,POL-104202,2025-07-28,2025-08-20,23,Business Interruption,91838.85,Settled,
CLM-50780,POL-101004,2024-12-23,2025-01-11,19,Geyser Burst / Water Damage,25269.07,Settled,
CLM-50781,POL-104997,2025-01-04,2025-01-17,13,Farm Property Fire,332187.72,Settled,
CLM-50782,POL-102429,2025-11-30,,,Driver Vehicle Rollover,451671.04,Repudiated,Unlicensed / Unauthorised Driver
CLM-50783,POL-103551,2025-06-24,,,Windscreen Replacement,4351.09,Repudiated,Failure to Take Reasonable Precautions
CLM-50784,POL-104801,2025-02-20,2025-03-04,12,Vehicle Theft / Hijack,125428.74,Settled,
CLM-50785,POL-103100,2025-05-29,2025-06-16,18,Livestock Loss,194187.26,Settled,
CLM-50786,POL-103675,2025-08-06,2025-08-16,10,Windscreen Replacement,6323.17,Settled,
CLM-50787,POL-101325,2025-01-29,2025-03-02,32,Farm Property Fire,274992.15,Settled,
CLM-50788,POL-100533,2024-07-31,,,Storm / Roof Damage,12854.62,Under Investigation,
CLM-50789,POL-100420,2024-04-20,2024-05-04,14,Storm / Roof Damage,27559.74,Settled,
CLM-50790,POL-102469,2025-01-19,2025-02-14,26,Storm / Roof Damage,197399.29,Settled,
CLM-50791,POL-101599,2025-03-30,,,Vehicle Theft / Hijack,175792.71,Under Investigation,
CLM-50792,POL-104124,2024-10-23,2024-11-13,21,Vehicle Theft / Hijack,91789.05,Settled,
CLM-50793,POL-104944,2024-06-09,2024-07-01,22,Crop Hail Damage,76189.22,Settled,
CLM-50794,POL-104038,2024-10-31,,,Driver Vehicle Rollover,555958.12,Repudiated,Unlicensed / Unauthorised Driver
CLM-50795,POL-100797,2025-10-31,2025-11-20,20,Major Fleet Theft,357213.59,Settled,
CLM-50796,POL-103268,2024-03-16,2024-04-05,20,Accidental Damage,11728.43,Settled,
CLM-50797,POL-103585,2024-03-15,2024-04-03,19,Third Party Liability,43243.97,Settled,
CLM-50798,POL-100751,2024-06-24,2024-07-10,16,Windscreen Replacement,3715.86,Settled,
CLM-50799,POL-100922,2024-08-08,2024-08-20,12,Housebreaking / Theft,83479.79,Settled,
CLM-50800,POL-100281,2025-10-18,2025-11-05,18,Hail Damage,21988.14,Settled,
CLM-50801,POL-104859,2025-05-24,2025-06-08,15,Cargo Loss in Transit,287863.53,Settled,
CLM-50802,POL-102012,2024-11-15,2024-12-01,16,Third Party Liability,57737.02,Settled,
CLM-50803,POL-100533,2024-12-20,2025-01-01,12,Accidental Damage,40459.23,Settled,
CLM-50804,POL-103836,2025-07-10,2025-07-29,19,Geyser Burst / Water Damage,24216.19,Approved,
CLM-50805,POL-103451,2024-09-23,,,Windscreen Replacement,9161.03,Repudiated,Uninsured Peril / Exclusion Applied
CLM-50806,POL-102549,2025-10-03,2025-10-20,17,Vehicle Collision,47232.54,Settled,
CLM-50807,POL-103708,2025-08-15,2025-08-29,14,Vehicle Theft / Hijack,153207.2,Settled,
CLM-50808,POL-100255,2024-11-01,2024-12-11,40,Farm Property Fire,414216.32,Settled,
CLM-50809,POL-101421,2025-06-10,,,Severe Drought / Heat Stress,156746.07,Repudiated,Failure to Take Reasonable Precautions
CLM-50810,POL-102783,2025-01-20,2025-02-20,31,Commercial Fire Damage,587138.07,Settled,
CLM-50811,POL-102577,2025-08-27,2025-09-22,26,Major Fleet Theft,429031.5,Settled,
CLM-50812,POL-100754,2024-10-18,2024-11-18,31,Business Interruption,146739.74,Settled,
CLM-50813,POL-102850,2024-12-15,2025-01-05,21,Hail Damage,32109.47,Approved,
CLM-50814,POL-102648,2025-08-26,2025-09-09,14,Building Storm Inundation,200355.48,Settled,
CLM-50815,POL-103227,2025-11-02,,,Hail Damage,22129.53,Repudiated,Fraudulent / Inflated Claim
CLM-50816,POL-103569,2025-08-21,2025-09-22,32,Major Fleet Theft,672767.14,Settled,
CLM-50817,POL-101552,2025-04-07,2025-04-29,22,Severe Drought / Heat Stress,171322.75,Approved,
CLM-50818,POL-101169,2025-07-13,2025-07-21,8,Power Surge,13368.8,Settled,
CLM-50819,POL-101930,2025-07-05,2025-07-13,8,Hail Damage,57137.43,Settled,
CLM-50820,POL-100545,2025-03-24,2025-04-12,19,Third Party Liability,52629.53,Settled,
CLM-50821,POL-104438,2025-07-22,2025-07-30,8,Power Surge,12010.52,Settled,
CLM-50822,POL-102788,2025-06-13,2025-07-19,36,Fleet Hail Damage,255011.63,Settled,
CLM-50823,POL-103408,2025-12-18,,,Driver Vehicle Rollover,447659.9,Repudiated,Failure to Take Reasonable Precautions
CLM-50824,POL-100020,2024-10-16,2024-11-09,24,Business Interruption,150138.22,Settled,
CLM-50825,POL-104083,2025-11-10,2025-11-24,14,Vehicle Theft / Hijack,150712.56,Settled,
CLM-50826,POL-103535,2025-07-25,2025-08-09,15,Hail Damage,16939.06,Settled,
CLM-50827,POL-103703,2025-06-14,,,Housebreaking / Theft,53295.99,Repudiated,Uninsured Peril / Exclusion Applied
CLM-50828,POL-101292,2024-03-06,2024-04-03,28,Major Fleet Theft,529140.2,Settled,
CLM-50829,POL-103140,2024-07-07,2024-07-22,15,Vehicle Collision,38424.19,Settled,
CLM-50830,POL-104867,2025-06-20,2025-07-10,20,Business Interruption,112459.91,Settled,
CLM-50831,POL-100863,2025-08-23,2025-09-08,16,Cargo Loss in Transit,198138.65,Settled,
CLM-50832,POL-102242,2025-04-26,,,Cargo Loss in Transit,239003.29,Repudiated,Failure to Take Reasonable Precautions
CLM-50833,POL-101747,2024-10-30,2024-11-15,16,Vehicle Theft / Hijack,154204.32,Settled,
CLM-50834,POL-101769,2025-07-02,2025-07-12,10,Third Party Liability,54324.27,Settled,
CLM-50835,POL-104306,2024-11-20,2024-12-01,11,Hail Damage,13755.37,Approved,
CLM-50836,POL-101293,2024-11-12,2024-11-25,13,Accidental Damage,24421.66,Settled,
CLM-50837,POL-102519,2025-07-15,2025-07-21,6,Vehicle Theft / Hijack,284866.28,Settled,
CLM-50838,POL-104033,2024-04-04,2024-04-26,22,Livestock Loss,231283.06,Settled,
CLM-50839,POL-102471,2025-06-30,,,Windscreen Replacement,13823.46,Repudiated,Unlicensed / Unauthorised Driver
CLM-50840,POL-100055,2025-11-16,2025-11-26,10,Vehicle Collision,16676.82,Approved,
CLM-50841,POL-103652,2025-06-14,2025-06-30,16,Fleet Heavy Collision,91640.07,Settled,
CLM-50842,POL-104684,2025-05-02,2025-06-01,30,Farm Property Fire,167399.37,Settled,
CLM-50843,POL-103812,2025-07-22,2025-08-09,18,Livestock Loss,159965.77,Settled,
CLM-50844,POL-103781,2024-07-24,2024-08-21,28,Livestock Loss,122121.94,Approved,
CLM-50845,POL-102991,2024-12-21,2025-01-03,13,Hail Damage,15976.6,Settled,
CLM-50846,POL-103532,2024-07-29,2024-08-20,22,Storm / Roof Damage,14230.24,Settled,
CLM-50847,POL-103868,2025-08-02,2025-08-16,14,Windscreen Replacement,13800.07,Settled,
CLM-50848,POL-100461,2025-05-25,2025-06-12,18,Fleet Hail Damage,100273.48,Settled,
CLM-50849,POL-102675,2025-01-24,2025-03-01,36,Hail Damage,197345.04,Settled,
CLM-50850,POL-104685,2025-11-05,2025-11-14,9,Hail Damage,33268.58,Settled,
CLM-50851,POL-100651,2024-09-04,2024-09-22,18,Housebreaking / Theft,96714.65,Settled,
CLM-50852,POL-101729,2024-08-28,2024-09-13,16,Hail Damage,48959.29,Settled,
CLM-50853,POL-101972,2025-04-18,2025-05-28,40,Agricultural Machinery Breakdown,154466.14,Settled,
CLM-50854,POL-102721,2024-12-03,2024-12-14,11,Vehicle Collision,28404.65,Settled,
CLM-50855,POL-101607,2025-06-01,2025-06-15,14,Commercial Fire Damage,228390.0,Settled,
CLM-50856,POL-101508,2025-01-01,2025-02-05,35,Storm / Roof Damage,198260.75,Settled,
CLM-50857,POL-102815,2025-01-13,2025-02-04,22,Hail Damage,49108.92,Settled,
CLM-50858,POL-100549,2024-09-16,2024-09-29,13,Storm / Roof Damage,19772.04,Settled,
CLM-50859,POL-100425,2025-10-01,2025-10-23,22,Housebreaking / Theft,94278.34,Settled,
CLM-50860,POL-102114,2024-07-19,2024-07-26,7,Vehicle Theft / Hijack,162613.12,Settled,
CLM-50861,POL-103137,2025-11-21,2025-12-01,10,Storm / Roof Damage,140310.42,Settled,
CLM-50862,POL-104605,2024-08-25,2024-09-15,21,Fleet Heavy Collision,175455.12,Settled,
CLM-50863,POL-103828,2024-01-30,2024-02-10,11,Geyser Burst / Water Damage,50108.9,Settled,
CLM-50864,POL-102297,2025-07-20,2025-07-31,11,Vehicle Collision,44373.13,Settled,
CLM-50865,POL-101447,2025-01-09,,,Geyser Burst / Water Damage,30363.17,Repudiated,Failure to Take Reasonable Precautions
CLM-50866,POL-104596,2025-01-01,2025-01-15,14,Power Surge,9880.02,Settled,
CLM-50867,POL-103193,2024-07-26,2024-08-14,19,Storm / Roof Damage,17194.53,Settled,
CLM-50868,POL-104794,2025-08-03,2025-08-08,5,Vehicle Collision,43539.04,Approved,
CLM-50869,POL-103090,2025-08-18,2025-09-07,20,Fleet Heavy Collision,240781.24,Approved,
CLM-50870,POL-100629,2024-11-22,,,Geyser Burst / Water Damage,151191.22,Under Investigation,
CLM-50871,POL-100238,2025-07-05,2025-07-28,23,Major Fleet Theft,172875.0,Settled,
CLM-50872,POL-102983,2025-11-11,,,Windscreen Replacement,14255.67,Repudiated,Material Non-Disclosure at Inception
CLM-50873,POL-102843,2025-01-10,,,Geyser Burst / Water Damage,42541.55,Repudiated,Uninsured Peril / Exclusion Applied
CLM-50874,POL-103255,2025-07-14,2025-07-26,12,Geyser Burst / Water Damage,37753.83,Settled,
CLM-50875,POL-103997,2025-05-15,2025-05-28,13,Storm / Roof Damage,13096.43,Settled,
CLM-50876,POL-101369,2025-02-27,2025-03-18,19,Vehicle Collision,46022.38,Approved,
CLM-50877,POL-100550,2025-07-28,2025-08-12,15,Third Party Liability,17406.85,Settled,
CLM-50878,POL-101879,2025-06-08,2025-06-22,14,Geyser Burst / Water Damage,18545.99,Settled,
CLM-50879,POL-104868,2025-03-05,2025-03-13,8,Accidental Damage,11092.15,Settled,
CLM-50880,POL-101674,2024-06-25,2024-07-06,11,Power Surge,3082.24,Settled,
CLM-50881,POL-104465,2025-05-23,,,Fleet Hail Damage,132994.9,Repudiated,Uninsured Peril / Exclusion Applied
CLM-50882,POL-103954,2024-11-09,2024-11-15,6,Vehicle Theft / Hijack,219528.68,Settled,
CLM-50883,POL-103641,2025-10-07,2025-11-07,31,Business Interruption,78376.26,Settled,
CLM-50884,POL-102707,2025-02-01,2025-02-15,14,Windscreen Replacement,12363.99,Settled,
CLM-50885,POL-101279,2025-05-03,,,Driver Vehicle Rollover,362672.15,Repudiated,Unlicensed / Unauthorised Driver
CLM-50886,POL-104845,2025-06-23,2025-07-16,23,Machinery Breakdown,52405.82,Approved,
CLM-50887,POL-104227,2025-07-06,2025-08-05,30,Commercial Fire Damage,370514.64,Settled,
CLM-50888,POL-104031,2025-04-01,2025-04-18,17,Windscreen Replacement,4122.17,Settled,
CLM-50889,POL-104232,2024-12-13,,,Vehicle Collision,175526.07,Under Investigation,
CLM-50890,POL-102034,2024-12-05,2024-12-28,23,Storm / Roof Damage,145094.63,Settled,
CLM-50891,POL-103176,2024-08-20,2024-09-09,20,Premises Liability,74278.22,Settled,
CLM-50892,POL-101238,2024-06-05,2024-06-27,22,Fleet Heavy Collision,283554.4,Settled,
CLM-50893,POL-103633,2025-12-30,2026-01-08,9,Vehicle Collision,38557.21,Settled,
CLM-50894,POL-104841,2024-11-04,2024-12-11,37,Geyser Burst / Water Damage,42702.2,Settled,
CLM-50895,POL-100654,2024-07-25,2024-08-11,17,Severe Drought / Heat Stress,100792.03,Settled,
CLM-50896,POL-103354,2025-09-22,2025-10-08,16,Housebreaking / Theft,76339.28,Settled,
CLM-50897,POL-102801,2025-09-09,2025-09-15,6,Housebreaking / Theft,63326.45,Settled,
CLM-50898,POL-102361,2024-10-28,2024-10-31,3,Vehicle Theft / Hijack,132848.21,Settled,
CLM-50899,POL-101349,2025-07-10,,,Accidental Damage,13472.17,Repudiated,Unlicensed / Unauthorised Driver
CLM-50900,POL-101967,2025-09-24,2025-10-27,33,Livestock Loss,80310.8,Approved,
CLM-50901,POL-103757,2025-06-25,2025-07-04,9,Vehicle Theft / Hijack,272439.63,Settled,
CLM-50902,POL-104834,2025-03-19,2025-04-01,13,Windscreen Replacement,12587.02,Settled,
CLM-50903,POL-100473,2025-06-09,,,Agricultural Machinery Breakdown,133915.77,Under Investigation,
CLM-50904,POL-104792,2025-02-19,2025-02-26,7,Power Surge,10631.01,Settled,
CLM-50905,POL-101807,2025-04-24,2025-05-23,29,Business Interruption,197623.75,Settled,
CLM-50906,POL-100655,2024-12-09,2024-12-23,14,Windscreen Replacement,9675.04,Settled,
CLM-50907,POL-103915,2024-12-24,2025-01-08,15,Vehicle Collision,48212.01,Settled,
CLM-50908,POL-103242,2025-01-26,2025-02-23,28,Storm / Roof Damage,110681.06,Settled,
CLM-50909,POL-102188,2025-01-10,2025-02-12,33,Geyser Burst / Water Damage,107298.63,Settled,
CLM-50910,POL-103925,2024-04-13,2024-04-22,9,Accidental Damage,22491.41,Settled,
CLM-50911,POL-102324,2025-08-03,2025-08-25,22,Premises Liability,177307.8,Settled,
CLM-50912,POL-100514,2024-06-17,2024-07-31,44,Crop Hail Damage,188478.03,Settled,
CLM-50913,POL-104040,2024-06-27,2024-07-18,21,Third Party Liability,38888.67,Settled,
CLM-50914,POL-100980,2024-10-22,,,Commercial Fire Damage,614964.41,Repudiated,Fraudulent / Inflated Claim
CLM-50915,POL-103547,2025-03-01,2025-03-18,17,Premises Liability,170839.04,Settled,
CLM-50916,POL-104992,2025-08-15,2025-09-05,21,Driver Vehicle Rollover,430194.77,Settled,
CLM-50917,POL-104283,2024-11-30,2024-12-20,20,Hail Damage,34976.29,Settled,
CLM-50918,POL-101610,2025-03-26,2025-04-25,30,Machinery Breakdown,60263.92,Settled,
CLM-50919,POL-103516,2025-07-17,2025-08-04,18,Hail Damage,55277.14,Settled,
CLM-50920,POL-102751,2025-08-21,,,Fleet Hail Damage,300570.72,Under Investigation,
CLM-50921,POL-101965,2025-08-20,2025-08-28,8,Storm / Roof Damage,31067.37,Approved,
CLM-50922,POL-104851,2025-05-14,2025-05-31,17,Vehicle Collision,32461.89,Settled,
CLM-50923,POL-102515,2025-05-13,2025-05-26,13,Storm / Roof Damage,29787.23,Settled,
CLM-50924,POL-102900,2025-02-11,2025-03-06,23,Fleet Hail Damage,77427.32,Settled,
CLM-50925,POL-102131,2025-06-07,,,Third Party Liability,38592.13,Repudiated,Failure to Take Reasonable Precautions
CLM-50926,POL-103042,2024-07-04,2024-07-11,7,Vehicle Theft / Hijack,149744.47,Settled,
CLM-50927,POL-100730,2025-04-05,,,Vehicle Collision,34429.81,Repudiated,Uninsured Peril / Exclusion Applied
CLM-50928,POL-103408,2025-02-22,2025-03-22,28,Fleet Hail Damage,127007.75,Settled,
CLM-50929,POL-100734,2025-07-12,2025-07-22,10,Storm / Roof Damage,31408.62,Settled,
CLM-50930,POL-103706,2025-03-31,2025-04-06,6,Storm / Roof Damage,26331.38,Approved,
CLM-50931,POL-100572,2024-06-23,2024-07-07,14,Vehicle Theft / Hijack,116811.75,Settled,
CLM-50932,POL-100843,2025-05-10,2025-05-25,15,Windscreen Replacement,3496.67,Approved,
CLM-50933,POL-102799,2025-07-23,2025-07-27,4,Storm / Roof Damage,35969.3,Settled,
CLM-50934,POL-100992,2025-05-11,2025-06-10,30,Commercial Fire Damage,458935.32,Settled,
CLM-50935,POL-102305,2025-09-22,2025-09-27,5,Geyser Burst / Water Damage,33910.09,Settled,
CLM-50936,POL-101847,2025-01-12,2025-01-31,19,Storm / Roof Damage,28385.13,Settled,
CLM-50937,POL-104944,2024-06-24,,,Agricultural Machinery Breakdown,36172.92,Repudiated,Material Non-Disclosure at Inception
CLM-50938,POL-101033,2025-01-02,2025-01-10,8,Hail Damage,14444.77,Settled,
CLM-50939,POL-104311,2025-06-15,2025-07-20,35,Driver Vehicle Rollover,669237.11,Settled,
CLM-50940,POL-104374,2025-05-14,2025-05-27,13,Vehicle Theft / Hijack,107043.66,Settled,
CLM-50941,POL-104623,2024-08-18,2024-09-05,18,Fleet Hail Damage,227208.21,Settled,
CLM-50942,POL-103896,2025-09-30,,,Driver Vehicle Rollover,315450.73,Under Investigation,
CLM-50943,POL-102331,2025-02-01,2025-02-22,21,Premises Liability,176322.96,Settled,
CLM-50944,POL-100972,2025-10-01,,,Commercial Fire Damage,424212.66,Repudiated,Uninsured Peril / Exclusion Applied
CLM-50945,POL-101177,2025-06-04,2025-06-13,9,Geyser Burst / Water Damage,18919.14,Settled,
CLM-50946,POL-104629,2024-06-09,2024-06-26,17,Geyser Burst / Water Damage,37994.03,Approved,
CLM-50947,POL-102148,2024-08-24,,,Cargo Loss in Transit,219284.32,Under Investigation,
CLM-50948,POL-101353,2024-10-21,2024-11-09,19,Cargo Loss in Transit,124226.69,Settled,
CLM-50949,POL-103616,2025-07-19,2025-08-05,17,Vehicle Collision,13363.34,Approved,
CLM-50950,POL-101154,2025-12-02,2026-01-08,37,Building Storm Inundation,161503.07,Settled,
CLM-50951,POL-103639,2024-11-17,2024-12-22,35,Vehicle Collision,211967.9,Settled,
CLM-50952,POL-100643,2024-02-17,2024-03-09,21,Fleet Hail Damage,271495.25,Settled,
CLM-50953,POL-100442,2025-03-19,,,Building Storm Inundation,48080.56,Repudiated,Uninsured Peril / Exclusion Applied
CLM-50954,POL-104202,2025-05-24,2025-06-16,23,Business Interruption,90624.04,Approved,
CLM-50955,POL-103686,2024-07-10,,,Business Interruption,142780.77,Repudiated,Fraudulent / Inflated Claim
CLM-50956,POL-101770,2025-09-25,2025-10-18,23,Building Storm Inundation,140853.47,Settled,
CLM-50957,POL-102716,2025-03-23,2025-04-09,17,Hail Damage,37361.27,Settled,
CLM-50958,POL-104355,2025-06-17,2025-07-05,18,Vehicle Theft / Hijack,281865.83,Settled,
CLM-50959,POL-104680,2025-11-12,2025-12-01,19,Power Surge,13547.79,Settled,
CLM-50960,POL-102340,2025-04-25,2025-05-18,23,Hail Damage,41920.18,Settled,
CLM-50961,POL-100677,2025-07-23,2025-08-07,15,Premises Liability,180402.08,Settled,
CLM-50962,POL-103637,2024-10-31,2024-12-01,31,Premises Liability,76542.91,Settled,
CLM-50963,POL-102127,2025-01-19,2025-02-06,18,Farm Property Fire,470491.19,Settled,
CLM-50964,POL-100030,2025-10-22,2025-11-08,17,Power Surge,6105.87,Settled,
CLM-50965,POL-104921,2025-10-23,2025-11-05,13,Accidental Damage,34922.74,Approved,
CLM-50966,POL-103888,2024-12-26,2025-01-07,12,Vehicle Collision,47360.06,Settled,
CLM-50967,POL-102026,2025-09-20,2025-10-07,17,Commercial Fire Damage,473770.34,Approved,
CLM-50968,POL-102194,2025-05-17,2025-06-05,19,Business Interruption,71875.75,Approved,
CLM-50969,POL-103158,2025-12-09,2025-12-26,17,Storm / Roof Damage,36998.5,Settled,
CLM-50970,POL-101612,2024-05-29,2024-06-11,13,Storm / Roof Damage,12628.69,Settled,
CLM-50971,POL-103529,2024-09-09,2024-09-12,3,Storm / Roof Damage,28891.14,Settled,
CLM-50972,POL-104242,2025-08-06,2025-08-26,20,Storm / Roof Damage,35717.33,Settled,
CLM-50973,POL-103658,2025-03-03,2025-03-20,17,Vehicle Theft / Hijack,167090.16,Approved,
CLM-50974,POL-100259,2024-10-25,2024-11-07,13,Vehicle Collision,18470.67,Settled,
CLM-50975,POL-102223,2024-10-30,,,Power Surge,12006.1,Repudiated,Fraudulent / Inflated Claim
CLM-50976,POL-103972,2024-04-12,,,Housebreaking / Theft,60124.98,Repudiated,Fraudulent / Inflated Claim
CLM-50977,POL-104394,2025-03-09,2025-03-21,12,Vehicle Theft / Hijack,307242.81,Settled,
CLM-50978,POL-102617,2025-06-09,2025-07-01,22,Farm Property Fire,530313.63,Approved,
CLM-50979,POL-101028,2024-04-06,2024-05-09,33,Cargo Loss in Transit,168662.34,Settled,
CLM-50980,POL-104243,2024-07-08,2024-07-18,10,Geyser Burst / Water Damage,41692.3,Settled,
CLM-50981,POL-100898,2025-01-30,2025-02-08,9,Third Party Liability,14476.56,Settled,
CLM-50982,POL-103683,2025-08-13,,,Severe Drought / Heat Stress,201878.0,Repudiated,Material Non-Disclosure at Inception
CLM-50983,POL-104541,2025-01-03,2025-01-21,18,Third Party Liability,31204.16,Approved,
CLM-50984,POL-104662,2025-08-08,2025-08-14,6,Vehicle Collision,15115.22,Settled,
CLM-50985,POL-101309,2024-07-11,2024-07-20,9,Vehicle Collision,16013.22,Settled,
CLM-50986,POL-100387,2024-09-18,2024-10-09,21,Severe Drought / Heat Stress,122045.43,Settled,
CLM-50987,POL-104687,2024-10-26,2024-11-04,9,Accidental Damage,34183.37,Settled,
CLM-50988,POL-102401,2025-03-30,2025-04-15,16,Major Fleet Theft,502312.14,Settled,
CLM-50989,POL-100176,2025-01-18,2025-02-12,25,Cargo Loss in Transit,117196.06,Settled,
CLM-50990,POL-101748,2025-05-01,2025-05-11,10,Windscreen Replacement,7026.31,Settled,
CLM-50991,POL-100382,2024-03-13,,,Windscreen Replacement,10159.37,Repudiated,Uninsured Peril / Exclusion Applied
CLM-50992,POL-100945,2025-01-26,2025-02-20,25,Fleet Heavy Collision,300210.52,Settled,
CLM-50993,POL-103881,2025-10-07,2025-10-30,23,Storm / Roof Damage,41212.57,Settled,
CLM-50994,POL-101258,2024-12-06,2025-01-03,28,Building Storm Inundation,169578.39,Settled,
CLM-50995,POL-103955,2024-03-31,2024-04-16,16,Vehicle Collision,36045.79,Settled,
CLM-50996,POL-104764,2025-01-24,2025-02-11,18,Third Party Liability,31481.89,Settled,
CLM-50997,POL-103735,2024-10-24,2024-11-27,34,Crop Hail Damage,169537.76,Settled,
CLM-50998,POL-101103,2025-08-09,2025-09-10,32,Major Fleet Theft,391929.91,Settled,
CLM-50999,POL-101374,2024-04-27,2024-05-04,7,Storm / Roof Damage,18434.6,Settled,
CLM-51000,POL-100998,2025-03-23,2025-04-24,32,Business Interruption,178400.49,Settled,
CLM-51001,POL-100722,2025-07-14,,,Vehicle Theft / Hijack,213866.72,Repudiated,Uninsured Peril / Exclusion Applied
CLM-51002,POL-100260,2025-10-02,2025-11-06,35,Premises Liability,51608.27,Settled,
CLM-51003,POL-100914,2025-06-04,2025-06-22,18,Power Surge,5054.66,Approved,
CLM-51004,POL-104844,2024-11-28,2025-01-01,34,Premises Liability,109564.11,Settled,
CLM-51005,POL-101202,2024-04-08,,,Business Interruption,171589.22,Repudiated,Material Non-Disclosure at Inception
CLM-51006,POL-104969,2025-01-31,2025-02-10,10,Power Surge,3163.83,Settled,
CLM-51007,POL-103504,2025-06-21,2025-07-21,30,Major Fleet Theft,154469.58,Settled,
CLM-51008,POL-100464,2025-12-06,2026-01-02,27,Hail Damage,201935.91,Approved,
CLM-51009,POL-102380,2025-07-03,2025-07-14,11,Vehicle Collision,43392.31,Settled,
CLM-51010,POL-102965,2025-12-04,2025-12-17,13,Storm / Roof Damage,24991.11,Approved,
CLM-51011,POL-100306,2025-05-31,2025-06-17,17,Third Party Liability,33527.27,Settled,
CLM-51012,POL-104288,2025-03-31,,,Accidental Damage,32763.74,Under Investigation,
CLM-51013,POL-101161,2024-06-18,2024-07-11,23,Vehicle Collision,18432.56,Approved,
CLM-51014,POL-100080,2025-09-04,2025-09-19,15,Geyser Burst / Water Damage,34193.97,Approved,
CLM-51015,POL-100579,2024-12-05,2024-12-30,25,Geyser Burst / Water Damage,154929.95,Settled,
CLM-51016,POL-104191,2025-05-10,,,Commercial Fire Damage,654859.08,Repudiated,Uninsured Peril / Exclusion Applied
CLM-51017,POL-102645,2024-12-20,2025-01-02,13,Vehicle Collision,31248.17,Settled,
CLM-51018,POL-102333,2024-06-21,2024-06-30,9,Vehicle Theft / Hijack,279456.89,Settled,
CLM-51019,POL-104240,2024-09-17,2024-10-04,17,Windscreen Replacement,3761.32,Settled,
CLM-51020,POL-100134,2024-10-31,2024-11-07,7,Third Party Liability,23140.63,Settled,
CLM-51021,POL-102776,2025-11-03,2025-11-14,11,Hail Damage,48148.19,Settled,
CLM-51022,POL-100248,2025-10-05,2025-10-25,20,Hail Damage,31464.65,Settled,
CLM-51023,POL-104519,2025-03-12,,,Major Fleet Theft,550024.22,Repudiated,Uninsured Peril / Exclusion Applied
CLM-51024,POL-100486,2025-08-31,2025-09-17,17,Hail Damage,33345.72,Settled,
CLM-51025,POL-104261,2025-01-03,2025-01-26,23,Third Party Liability,38386.08,Settled,
CLM-51026,POL-102418,2025-10-18,2025-10-24,6,Vehicle Collision,54738.2,Settled,
CLM-51027,POL-101634,2025-06-01,2025-06-12,11,Vehicle Collision,18251.37,Settled,
CLM-51028,POL-100715,2025-08-08,2025-08-26,18,Driver Vehicle Rollover,420355.42,Settled,
CLM-51029,POL-101068,2025-02-26,2025-03-16,18,Vehicle Theft / Hijack,199164.8,Settled,
CLM-51030,POL-100184,2024-09-13,2024-09-25,12,Storm / Roof Damage,15928.84,Settled,
CLM-51031,POL-101322,2024-12-20,2025-01-04,15,Vehicle Collision,10420.87,Approved,
CLM-51032,POL-102813,2025-03-02,2025-03-17,15,Power Surge,10659.52,Settled,
CLM-51033,POL-101754,2024-07-14,,,Fleet Heavy Collision,92817.95,Repudiated,Uninsured Peril / Exclusion Applied
CLM-51034,POL-100230,2025-12-03,2025-12-11,8,Hail Damage,16713.19,Settled,
CLM-51035,POL-103431,2025-12-17,2025-12-26,9,Geyser Burst / Water Damage,52072.59,Settled,
CLM-51036,POL-101507,2024-08-02,2024-09-01,30,Business Interruption,152907.66,Settled,
CLM-51037,POL-102084,2025-01-17,2025-02-08,22,Geyser Burst / Water Damage,172867.54,Settled,
CLM-51038,POL-101027,2025-06-02,2025-07-11,39,Farm Property Fire,448712.42,Settled,
CLM-51039,POL-104861,2025-08-02,2025-08-27,25,Business Interruption,175697.52,Settled,
CLM-51040,POL-100729,2024-12-12,,,Storm / Roof Damage,32175.06,Repudiated,Material Non-Disclosure at Inception
CLM-51041,POL-102697,2025-09-07,2025-09-24,17,Hail Damage,41493.16,Settled,
CLM-51042,POL-103140,2024-05-28,2024-06-05,8,Third Party Liability,20416.73,Settled,
CLM-51043,POL-101633,2025-02-27,2025-03-17,18,Housebreaking / Theft,76048.63,Settled,
CLM-51044,POL-102962,2025-12-19,2026-01-07,19,Hail Damage,15070.33,Settled,
CLM-51045,POL-104412,2024-09-09,2024-09-25,16,Windscreen Replacement,3333.18,Settled,
CLM-51046,POL-104236,2025-06-20,2025-07-13,23,Third Party Liability,21743.65,Settled,
CLM-51047,POL-102210,2025-03-29,2025-04-27,29,Cargo Loss in Transit,185623.46,Settled,
CLM-51048,POL-104113,2024-12-12,2025-01-13,32,Business Interruption,109435.53,Approved,
CLM-51049,POL-102092,2024-07-08,2024-07-19,11,Business Interruption,116735.57,Settled,
CLM-51050,POL-103296,2025-03-01,,,Major Fleet Theft,439558.45,Repudiated,Unlicensed / Unauthorised Driver
CLM-51051,POL-101079,2025-07-15,2025-08-05,21,Power Surge,5232.34,Settled,
CLM-51052,POL-103941,2025-06-02,2025-07-07,35,Building Storm Inundation,187781.71,Approved,
CLM-51053,POL-103235,2024-01-25,2024-02-12,18,Hail Damage,70967.54,Settled,
CLM-51054,POL-101344,2024-11-06,2024-11-27,21,Driver Vehicle Rollover,469617.69,Approved,
CLM-51055,POL-100370,2024-04-21,2024-05-08,17,Machinery Breakdown,183997.2,Settled,
CLM-51056,POL-102158,2024-09-25,2024-10-04,9,Geyser Burst / Water Damage,40446.47,Settled,
CLM-51057,POL-103069,2024-12-28,2025-01-08,11,Vehicle Collision,17721.26,Settled,
CLM-51058,POL-103362,2025-05-19,2025-06-02,14,Hail Damage,49960.67,Settled,
CLM-51059,POL-104977,2025-05-02,2025-05-27,25,Livestock Loss,227255.35,Settled,
CLM-51060,POL-103919,2025-09-17,2025-09-30,13,Third Party Liability,16177.05,Settled,
CLM-51061,POL-104254,2024-11-03,2024-11-13,10,Storm / Roof Damage,39609.82,Settled,
CLM-51062,POL-102610,2025-07-29,2025-08-20,22,Storm / Roof Damage,24333.61,Settled,
CLM-51063,POL-104319,2024-12-08,2024-12-23,15,Hail Damage,17022.95,Settled,
CLM-51064,POL-102453,2025-03-26,2025-04-05,10,Hail Damage,22514.76,Settled,
CLM-51065,POL-101242,2024-08-27,2024-09-09,13,Geyser Burst / Water Damage,37531.15,Settled,
CLM-51066,POL-101107,2025-10-03,2025-10-27,24,Fleet Hail Damage,239070.56,Settled,
CLM-51067,POL-102361,2024-02-10,2024-02-22,12,Windscreen Replacement,10566.23,Approved,
CLM-51068,POL-100846,2024-09-06,2024-09-21,15,Housebreaking / Theft,55726.44,Settled,
CLM-51069,POL-101051,2025-04-04,2025-04-21,17,Storm / Roof Damage,37757.08,Settled,
CLM-51070,POL-101124,2025-07-10,2025-07-28,18,Geyser Burst / Water Damage,30184.0,Settled,
CLM-51071,POL-103034,2024-08-08,,,Accidental Damage,34844.92,Under Investigation,
CLM-51072,POL-103583,2024-11-16,2024-11-25,9,Vehicle Collision,29810.88,Approved,
CLM-51073,POL-102710,2025-11-09,2025-12-15,36,Storm / Roof Damage,238929.81,Settled,
CLM-51074,POL-103894,2025-07-12,2025-07-28,16,Hail Damage,31238.61,Settled,
CLM-51075,POL-104926,2025-07-19,,,Vehicle Collision,12548.3,Repudiated,Uninsured Peril / Exclusion Applied
CLM-51076,POL-103231,2024-11-26,2024-11-30,4,Vehicle Theft / Hijack,149215.73,Settled,
CLM-51077,POL-102144,2025-08-20,,,Machinery Breakdown,80735.05,Under Investigation,
CLM-51078,POL-104233,2024-06-19,,,Driver Vehicle Rollover,663883.75,Repudiated,Uninsured Peril / Exclusion Applied
CLM-51079,POL-103031,2024-06-01,2024-06-09,8,Geyser Burst / Water Damage,27573.7,Settled,
CLM-51080,POL-101893,2024-03-26,,,Third Party Liability,40644.05,Under Investigation,
CLM-51081,POL-101985,2025-11-11,,,Farm Property Fire,383289.33,Repudiated,Material Non-Disclosure at Inception
CLM-51082,POL-101645,2025-08-01,2025-08-07,6,Geyser Burst / Water Damage,38546.01,Approved,
CLM-51083,POL-101367,2025-05-27,2025-06-22,26,Business Interruption,69647.31,Settled,
CLM-51084,POL-104637,2025-04-29,2025-05-20,21,Fleet Heavy Collision,107341.27,Settled,
CLM-51085,POL-104776,2025-01-17,2025-02-01,15,Machinery Breakdown,131203.7,Settled,
CLM-51086,POL-102381,2024-12-12,2024-12-30,18,Geyser Burst / Water Damage,31022.23,Settled,
CLM-51087,POL-100320,2024-12-30,2025-02-02,34,Geyser Burst / Water Damage,194643.94,Settled,
CLM-51088,POL-104395,2025-04-05,2025-04-21,16,Windscreen Replacement,12037.85,Settled,
CLM-51089,POL-100252,2024-09-03,2024-09-19,16,Hail Damage,31961.64,Settled,
CLM-51090,POL-100027,2025-12-29,2026-01-10,12,Third Party Liability,27466.13,Settled,
CLM-51091,POL-101444,2025-07-15,,,Geyser Burst / Water Damage,23920.31,Under Investigation,
CLM-51092,POL-104654,2025-09-11,2025-09-27,16,Vehicle Theft / Hijack,168355.28,Settled,
CLM-51093,POL-104613,2024-10-07,2024-10-16,9,Vehicle Collision,27421.87,Settled,
CLM-51094,POL-102530,2025-09-23,2025-10-06,13,Vehicle Theft / Hijack,184829.34,Settled,
CLM-51095,POL-102482,2025-09-03,2025-09-29,26,Cargo Loss in Transit,90574.08,Settled,
CLM-51096,POL-101069,2025-01-05,2025-02-10,36,Geyser Burst / Water Damage,148455.68,Settled,
CLM-51097,POL-102756,2025-12-31,2026-01-14,14,Hail Damage,18726.88,Settled,
CLM-51098,POL-104152,2025-09-10,2025-10-13,33,Business Interruption,188520.18,Settled,
CLM-51099,POL-104888,2025-04-08,2025-05-11,33,Crop Hail Damage,87563.98,Settled,
CLM-51100,POL-100285,2025-06-28,,,Accidental Damage,33412.71,Repudiated,Fraudulent / Inflated Claim
CLM-51101,POL-103062,2025-08-04,2025-08-17,13,Driver Vehicle Rollover,178938.74,Settled,
CLM-51102,POL-103723,2024-10-28,,,Housebreaking / Theft,113040.5,Under Investigation,
CLM-51103,POL-102012,2025-01-10,2025-01-22,12,Third Party Liability,32907.65,Settled,
CLM-51104,POL-100447,2025-06-19,2025-07-06,17,Hail Damage,17037.67,Settled,
CLM-51105,POL-102265,2025-10-17,2025-10-27,10,Third Party Liability,57180.12,Settled,
CLM-51106,POL-103740,2025-01-01,2025-01-20,19,Hail Damage,74623.0,Settled,
CLM-51107,POL-101713,2025-06-04,2025-06-20,16,Windscreen Replacement,7408.77,Settled,
CLM-51108,POL-104939,2024-12-04,,,Vehicle Collision,228716.43,Repudiated,Material Non-Disclosure at Inception
CLM-51109,POL-101360,2024-12-28,,,Geyser Burst / Water Damage,18485.23,Under Investigation,
CLM-51110,POL-103320,2025-05-08,,,Hail Damage,23461.73,Under Investigation,
CLM-51111,POL-100229,2024-11-04,2024-11-25,21,Storm / Roof Damage,28576.78,Settled,
CLM-51112,POL-103127,2024-06-02,2024-06-13,11,Housebreaking / Theft,149705.07,Settled,
CLM-51113,POL-103243,2025-01-15,2025-02-01,17,Hail Damage,27347.64,Settled,
CLM-51114,POL-104186,2025-07-24,2025-08-09,16,Machinery Breakdown,50086.32,Settled,
CLM-51115,POL-102289,2025-02-11,,,Hail Damage,17750.45,Repudiated,Material Non-Disclosure at Inception
CLM-51116,POL-104391,2025-03-26,2025-04-09,14,Vehicle Theft / Hijack,294705.79,Approved,
CLM-51117,POL-103784,2025-03-22,2025-04-14,23,Fleet Heavy Collision,75774.27,Approved,
CLM-51118,POL-104249,2024-11-01,2024-11-22,21,Vehicle Collision,125642.54,Settled,
CLM-51119,POL-103795,2024-12-24,2025-01-09,16,Hail Damage,51913.49,Approved,
CLM-51120,POL-104162,2025-08-10,2025-08-22,12,Storm / Roof Damage,30960.32,Settled,
CLM-51121,POL-103250,2025-02-25,,,Major Fleet Theft,613742.75,Repudiated,Material Non-Disclosure at Inception
CLM-51122,POL-103044,2025-02-18,2025-03-05,15,Power Surge,6602.9,Approved,
CLM-51123,POL-103191,2025-12-05,2025-12-26,21,Vehicle Collision,170451.63,Settled,
CLM-51124,POL-104255,2025-06-15,2025-07-01,16,Geyser Burst / Water Damage,21250.3,Settled,
CLM-51125,POL-101993,2025-07-05,2025-07-27,22,Fleet Heavy Collision,167474.89,Settled,
CLM-51126,POL-102202,2025-05-16,2025-05-24,8,Hail Damage,21427.9,Settled,
CLM-51127,POL-101867,2025-08-23,,,Third Party Liability,37906.6,Repudiated,Unlicensed / Unauthorised Driver
CLM-51128,POL-100203,2025-02-27,2025-03-07,8,Power Surge,12875.64,Settled,
CLM-51129,POL-101188,2025-04-13,2025-04-30,17,Storm / Roof Damage,20910.96,Settled,
CLM-51130,POL-103866,2024-12-20,2025-01-06,17,Commercial Fire Damage,539066.74,Settled,
CLM-51131,POL-103959,2025-08-11,2025-08-24,13,Vehicle Theft / Hijack,186068.64,Settled,
CLM-51132,POL-101966,2025-05-17,,,Vehicle Collision,29046.82,Repudiated,Unlicensed / Unauthorised Driver
CLM-51133,POL-103419,2025-10-26,2025-11-22,27,Machinery Breakdown,179709.56,Approved,
CLM-51134,POL-103692,2024-08-30,,,Machinery Breakdown,137752.9,Repudiated,Uninsured Peril / Exclusion Applied
CLM-51135,POL-101076,2025-06-02,2025-07-07,35,Major Fleet Theft,224029.51,Settled,
CLM-51136,POL-103714,2024-09-14,,,Driver Vehicle Rollover,342791.09,Repudiated,Failure to Take Reasonable Precautions
CLM-51137,POL-102450,2025-09-26,2025-10-15,19,Third Party Liability,18180.55,Settled,
CLM-51138,POL-104756,2024-11-03,,,Vehicle Theft / Hijack,158789.84,Under Investigation,
CLM-51139,POL-102353,2025-04-08,2025-04-23,15,Hail Damage,44192.25,Settled,
CLM-51140,POL-103079,2025-12-02,2025-12-14,12,Geyser Burst / Water Damage,36373.25,Settled,
CLM-51141,POL-103984,2025-03-14,2025-03-19,5,Third Party Liability,14838.36,Settled,
CLM-51142,POL-104083,2025-07-02,2025-07-12,10,Windscreen Replacement,9634.63,Settled,
CLM-51143,POL-102096,2025-01-31,2025-02-07,7,Hail Damage,12391.27,Settled,
CLM-51144,POL-101620,2025-10-11,2025-10-14,3,Hail Damage,16990.73,Settled,
CLM-51145,POL-100957,2025-01-21,2025-02-02,12,Windscreen Replacement,5743.63,Settled,
CLM-51146,POL-104533,2025-03-14,2025-04-12,29,Agricultural Machinery Breakdown,62353.1,Settled,
CLM-51147,POL-102467,2025-05-29,2025-06-19,21,Building Storm Inundation,57345.26,Settled,
CLM-51148,POL-101645,2025-09-05,2025-09-15,10,Accidental Damage,24281.74,Settled,
CLM-51149,POL-104458,2025-07-28,2025-08-17,20,Windscreen Replacement,13092.43,Settled,
CLM-51150,POL-101704,2024-12-16,2024-12-31,15,Vehicle Collision,17349.92,Settled,
CLM-51151,POL-102972,2025-08-26,,,Fleet Hail Damage,262931.93,Repudiated,Material Non-Disclosure at Inception
CLM-51152,POL-104625,2025-04-09,2025-05-16,37,Business Interruption,86305.44,Settled,
CLM-51153,POL-103952,2024-12-11,,,Premises Liability,194153.05,Repudiated,Failure to Take Reasonable Precautions
CLM-51154,POL-101050,2025-12-13,2026-01-02,20,Hail Damage,88516.6,Approved,
CLM-51155,POL-103623,2025-10-20,2025-11-10,21,Business Interruption,142665.34,Settled,
CLM-51156,POL-103354,2025-09-25,2025-10-17,22,Storm / Roof Damage,13299.99,Settled,
CLM-51157,POL-103900,2024-09-06,2024-09-11,5,Power Surge,12308.04,Settled,
CLM-51158,POL-100035,2025-05-20,2025-05-31,11,Power Surge,12003.53,Approved,
CLM-51159,POL-102665,2024-06-21,2024-07-04,13,Vehicle Collision,16639.53,Settled,
CLM-51160,POL-101101,2025-04-07,2025-05-07,30,Driver Vehicle Rollover,295228.59,Settled,
CLM-51161,POL-102995,2025-12-03,2025-12-25,22,Fleet Hail Damage,167182.74,Settled,
CLM-51162,POL-101559,2025-01-20,2025-02-04,15,Hail Damage,30769.58,Settled,
CLM-51163,POL-102009,2025-01-12,,,Geyser Burst / Water Damage,192871.32,Under Investigation,
CLM-51164,POL-102453,2024-07-28,2024-08-06,9,Hail Damage,42985.44,Settled,
CLM-51165,POL-100780,2025-08-28,2025-09-13,16,Geyser Burst / Water Damage,19684.5,Settled,
CLM-51166,POL-104493,2024-06-07,2024-06-20,13,Fleet Heavy Collision,99580.12,Settled,
CLM-51167,POL-102414,2025-10-15,2025-10-24,9,Windscreen Replacement,8507.95,Settled,
CLM-51168,POL-103143,2024-10-10,2024-10-28,18,Premises Liability,130056.08,Settled,
CLM-51169,POL-104975,2025-05-12,2025-05-23,11,Accidental Damage,14040.7,Settled,
CLM-51170,POL-102301,2025-02-21,,,Agricultural Machinery Breakdown,220996.23,Repudiated,Uninsured Peril / Exclusion Applied
CLM-51171,POL-100104,2025-02-15,2025-02-24,9,Power Surge,10728.84,Settled,
CLM-51172,POL-102059,2025-03-24,2025-04-07,14,Vehicle Theft / Hijack,190317.99,Settled,
CLM-51173,POL-102922,2024-06-19,2024-07-10,21,Fleet Hail Damage,173734.21,Settled,
CLM-51174,POL-104056,2024-09-17,2024-10-07,20,Driver Vehicle Rollover,398120.94,Settled,
CLM-51175,POL-100830,2024-11-25,2024-12-02,7,Vehicle Theft / Hijack,295002.51,Settled,
CLM-51176,POL-102107,2025-07-01,2025-07-16,15,Third Party Liability,24247.77,Approved,
CLM-51177,POL-103942,2025-12-14,,,Fleet Heavy Collision,293765.68,Repudiated,Uninsured Peril / Exclusion Applied
CLM-51178,POL-100837,2025-01-24,,,Storm / Roof Damage,28005.31,Repudiated,Material Non-Disclosure at Inception
CLM-51179,POL-103723,2024-05-27,2024-06-13,17,Power Surge,4916.95,Settled,
CLM-51180,POL-102454,2025-10-12,2025-10-27,15,Machinery Breakdown,144498.49,Settled,
CLM-51181,POL-100369,2025-08-06,,,Power Surge,6855.66,Repudiated,Failure to Take Reasonable Precautions
CLM-51182,POL-102067,2025-11-01,2025-11-21,20,Storm / Roof Damage,177336.8,Settled,
CLM-51183,POL-100720,2025-12-22,2025-12-30,8,Hail Damage,13545.44,Settled,
CLM-51184,POL-103339,2025-12-04,2025-12-08,4,Storm / Roof Damage,44988.51,Settled,
CLM-51185,POL-102144,2025-03-03,2025-03-28,25,Machinery Breakdown,89062.54,Settled,
CLM-51186,POL-102141,2024-11-24,2024-12-13,19,Geyser Burst / Water Damage,16273.62,Approved,
CLM-51187,POL-101263,2025-07-03,2025-07-24,21,Vehicle Collision,18911.32,Settled,
CLM-51188,POL-103765,2024-10-13,2024-10-23,10,Third Party Liability,35396.17,Settled,
CLM-51189,POL-104321,2025-05-19,2025-05-31,12,Third Party Liability,14593.4,Settled,
CLM-51190,POL-101863,2024-08-30,2024-09-13,14,Premises Liability,47353.68,Approved,
CLM-51191,POL-100369,2025-06-26,2025-07-07,11,Power Surge,8819.4,Settled,
CLM-51192,POL-103618,2025-10-21,,,Vehicle Theft / Hijack,216851.63,Repudiated,Unlicensed / Unauthorised Driver
CLM-51193,POL-101032,2024-10-19,2024-11-03,15,Hail Damage,42094.24,Settled,
CLM-51194,POL-102057,2024-12-14,2024-12-21,7,Storm / Roof Damage,15473.84,Approved,
CLM-51195,POL-102446,2025-09-02,2025-09-22,20,Storm / Roof Damage,37575.55,Settled,
CLM-51196,POL-102430,2024-06-29,2024-07-20,21,Windscreen Replacement,5148.14,Settled,
CLM-51197,POL-101037,2024-12-15,2025-01-01,17,Driver Vehicle Rollover,583341.65,Settled,
CLM-51198,POL-104384,2025-07-26,2025-08-12,17,Geyser Burst / Water Damage,27988.65,Approved,
CLM-51199,POL-103297,2024-11-17,,,Storm / Roof Damage,47080.16,Repudiated,Failure to Take Reasonable Precautions
CLM-51200,POL-101950,2025-05-12,2025-05-29,17,Fleet Hail Damage,204495.38,Approved,
CLM-51201,POL-103373,2025-05-04,2025-05-08,4,Third Party Liability,12400.42,Settled,
CLM-51202,POL-101366,2024-06-15,2024-07-09,24,Building Storm Inundation,103265.88,Settled,
CLM-51203,POL-103134,2024-07-27,2024-08-07,11,Vehicle Theft / Hijack,181194.73,Settled,
CLM-51204,POL-100383,2025-04-15,2025-05-10,25,Commercial Fire Damage,263422.0,Settled,
CLM-51205,POL-101576,2025-12-02,2025-12-21,19,Hail Damage,25317.42,Settled,
CLM-51206,POL-101526,2025-04-24,2025-05-23,29,Premises Liability,173561.93,Settled,
CLM-51207,POL-103079,2025-11-18,2025-12-01,13,Housebreaking / Theft,65631.92,Settled,
CLM-51208,POL-103145,2024-10-22,2024-11-08,17,Vehicle Collision,30129.66,Settled,
CLM-51209,POL-101142,2025-02-21,2025-03-30,37,Driver Vehicle Rollover,492598.01,Settled,
CLM-51210,POL-102793,2024-07-08,2024-07-27,19,Third Party Liability,54956.26,Settled,
CLM-51211,POL-102506,2025-04-14,2025-04-18,4,Vehicle Theft / Hijack,308703.33,Settled,
CLM-51212,POL-103738,2025-06-29,2025-07-15,16,Hail Damage,57104.94,Settled,
CLM-51213,POL-103213,2025-03-31,2025-04-13,13,Storm / Roof Damage,39701.76,Settled,
CLM-51214,POL-100043,2024-12-22,2025-01-26,35,Agricultural Machinery Breakdown,67547.67,Settled,
CLM-51215,POL-103030,2024-03-30,2024-04-24,25,Severe Drought / Heat Stress,196361.58,Settled,
CLM-51216,POL-103644,2024-10-26,2024-11-19,24,Premises Liability,107753.26,Settled,
CLM-51217,POL-101253,2024-06-07,2024-06-20,13,Hail Damage,23272.19,Settled,
CLM-51218,POL-102592,2025-08-01,,,Third Party Liability,45472.16,Repudiated,Uninsured Peril / Exclusion Applied
CLM-51219,POL-102306,2025-02-20,2025-03-03,11,Housebreaking / Theft,131134.53,Settled,
CLM-51220,POL-103671,2025-09-10,2025-09-20,10,Vehicle Theft / Hijack,305588.45,Settled,
CLM-51221,POL-102543,2024-12-05,2024-12-27,22,Machinery Breakdown,188564.67,Settled,
CLM-51222,POL-103378,2024-09-26,2024-10-18,22,Accidental Damage,33511.75,Approved,
CLM-51223,POL-104430,2025-11-28,,,Accidental Damage,41085.56,Under Investigation,
CLM-51224,POL-102174,2024-08-31,2024-09-10,10,Hail Damage,35926.51,Settled,
CLM-51225,POL-103644,2025-06-17,2025-07-05,18,Business Interruption,155091.46,Settled,
CLM-51226,POL-102331,2024-04-04,,,Premises Liability,83830.33,Under Investigation,
CLM-51227,POL-100865,2025-11-11,2025-12-04,23,Geyser Burst / Water Damage,206929.03,Settled,
CLM-51228,POL-101626,2025-08-09,2025-08-23,14,Vehicle Theft / Hijack,121100.6,Settled,
CLM-51229,POL-101736,2025-01-02,2025-01-19,17,Power Surge,14145.86,Settled,
CLM-51230,POL-104695,2024-06-11,2024-06-28,17,Commercial Fire Damage,643101.34,Approved,
CLM-51231,POL-100237,2025-01-02,2025-01-10,8,Vehicle Theft / Hijack,97148.26,Settled,
CLM-51232,POL-101311,2025-02-05,2025-02-14,9,Third Party Liability,15367.02,Settled,
CLM-51233,POL-101662,2024-09-04,2024-09-21,17,Vehicle Theft / Hijack,105310.63,Settled,
CLM-51234,POL-100043,2025-01-05,2025-02-04,30,Severe Drought / Heat Stress,44327.82,Settled,
CLM-51235,POL-102085,2024-04-11,2024-04-28,17,Accidental Damage,15587.18,Settled,
CLM-51236,POL-100960,2025-02-09,2025-02-26,17,Premises Liability,61117.73,Settled,
CLM-51237,POL-103891,2025-03-13,2025-03-23,10,Driver Vehicle Rollover,520552.81,Settled,
CLM-51238,POL-100898,2025-12-23,2026-01-04,12,Third Party Liability,29306.03,Settled,
CLM-51239,POL-102918,2025-08-17,,,Cargo Loss in Transit,128008.77,Repudiated,Material Non-Disclosure at Inception
CLM-51240,POL-101866,2025-07-29,2025-08-08,10,Vehicle Theft / Hijack,155475.99,Settled,
CLM-51241,POL-104200,2025-01-24,2025-02-05,12,Power Surge,14223.51,Settled,
CLM-51242,POL-100498,2025-10-08,2025-10-18,10,Power Surge,9036.55,Settled,
CLM-51243,POL-101591,2025-03-29,2025-04-15,17,Windscreen Replacement,14397.79,Settled,
CLM-51244,POL-104428,2024-09-17,,,Premises Liability,150849.57,Repudiated,Fraudulent / Inflated Claim
CLM-51245,POL-101525,2025-01-19,2025-02-01,13,Geyser Burst / Water Damage,111804.87,Settled,
CLM-51246,POL-101832,2025-05-25,2025-05-31,6,Storm / Roof Damage,31705.34,Settled,
CLM-51247,POL-102982,2025-06-11,2025-06-22,11,Power Surge,10469.83,Settled,
CLM-51248,POL-100365,2024-11-07,2024-12-04,27,Hail Damage,130801.1,Settled,
CLM-51249,POL-102950,2025-01-29,2025-02-07,9,Geyser Burst / Water Damage,52964.72,Settled,
CLM-51250,POL-104210,2024-03-11,2024-04-03,23,Fleet Heavy Collision,174253.86,Approved,
CLM-51251,POL-100947,2025-01-02,,,Vehicle Collision,36453.44,Under Investigation,
CLM-51252,POL-104579,2025-09-08,,,Housebreaking / Theft,88180.92,Under Investigation,
CLM-51253,POL-102834,2024-05-11,2024-05-30,19,Major Fleet Theft,379124.43,Settled,
CLM-51254,POL-101993,2024-08-26,2024-09-11,16,Cargo Loss in Transit,183415.22,Settled,
CLM-51255,POL-102878,2024-08-22,2024-08-31,9,Vehicle Collision,48429.28,Settled,
CLM-51256,POL-100664,2025-08-06,2025-08-18,12,Major Fleet Theft,502314.0,Settled,
CLM-51257,POL-100234,2024-12-05,2024-12-17,12,Storm / Roof Damage,23935.06,Approved,
CLM-51258,POL-102723,2024-08-02,2024-08-20,18,Third Party Liability,14865.1,Settled,
CLM-51259,POL-104231,2025-09-17,2025-09-28,11,Storm / Roof Damage,33349.69,Settled,
CLM-51260,POL-104763,2025-05-30,2025-06-10,11,Vehicle Collision,42354.45,Settled,
CLM-51261,POL-100342,2025-06-15,2025-07-25,40,Severe Drought / Heat Stress,218638.6,Settled,
CLM-51262,POL-100719,2024-11-19,2024-12-29,40,Livestock Loss,156963.31,Settled,
CLM-51263,POL-103775,2025-01-27,2025-02-09,13,Geyser Burst / Water Damage,272453.95,Settled,
CLM-51264,POL-104662,2025-05-30,2025-06-05,6,Hail Damage,46564.7,Settled,
CLM-51265,POL-100536,2024-07-30,2024-08-16,17,Windscreen Replacement,7285.21,Settled,
CLM-51266,POL-100264,2025-03-01,2025-03-10,9,Third Party Liability,20223.43,Settled,
CLM-51267,POL-100353,2025-05-16,2025-06-06,21,Storm / Roof Damage,32680.86,Settled,
CLM-51268,POL-102331,2024-11-09,2024-11-27,18,Commercial Fire Damage,504195.48,Settled,
CLM-51269,POL-102315,2025-04-22,,,Storm / Roof Damage,39151.67,Repudiated,Failure to Take Reasonable Precautions
CLM-51270,POL-104737,2025-07-21,2025-07-28,7,Hail Damage,53134.78,Settled,
CLM-51271,POL-102172,2025-02-24,2025-03-15,19,Machinery Breakdown,149728.79,Approved,
CLM-51272,POL-104628,2025-01-10,2025-01-24,14,Geyser Burst / Water Damage,11529.33,Settled,
CLM-51273,POL-101064,2024-07-08,,,Windscreen Replacement,8648.22,Repudiated,Failure to Take Reasonable Precautions
CLM-51274,POL-103432,2025-02-07,2025-03-08,29,Fleet Hail Damage,275825.37,Settled,
CLM-51275,POL-101106,2024-12-22,2025-01-07,16,Severe Drought / Heat Stress,134207.55,Settled,
CLM-51276,POL-104839,2025-05-09,2025-05-22,13,Vehicle Collision,15454.67,Settled,
CLM-51277,POL-104119,2024-10-10,2024-10-26,16,Vehicle Collision,21459.24,Settled,
CLM-51278,POL-100037,2024-11-25,,,Storm / Roof Damage,35220.87,Under Investigation,
CLM-51279,POL-101386,2025-06-01,2025-06-22,21,Machinery Breakdown,165207.17,Settled,
CLM-51280,POL-100504,2025-11-26,2025-12-25,29,Business Interruption,89182.55,Settled,
CLM-51281,POL-104804,2025-01-14,2025-02-14,31,Machinery Breakdown,127310.4,Approved,
CLM-51282,POL-103908,2025-03-25,2025-04-04,10,Accidental Damage,29930.17,Settled,
CLM-51283,POL-102890,2024-12-06,2024-12-23,17,Hail Damage,218327.36,Settled,
CLM-51284,POL-102070,2025-12-19,2026-01-01,13,Third Party Liability,44837.9,Settled,
CLM-51285,POL-104505,2025-06-21,2025-07-03,12,Vehicle Theft / Hijack,121122.49,Settled,
CLM-51286,POL-103878,2024-05-19,2024-06-08,20,Accidental Damage,34160.86,Settled,
CLM-51287,POL-102954,2025-05-23,2025-06-09,17,Housebreaking / Theft,106286.46,Settled,
CLM-51288,POL-101418,2024-10-21,2024-11-10,20,Power Surge,5545.69,Settled,
CLM-51289,POL-102654,2025-12-10,,,Hail Damage,30906.52,Repudiated,Uninsured Peril / Exclusion Applied
CLM-51290,POL-101658,2024-05-19,2024-06-07,19,Business Interruption,159040.82,Approved,
CLM-51291,POL-101143,2024-10-29,2024-11-09,11,Windscreen Replacement,13122.19,Settled,
CLM-51292,POL-102923,2024-12-17,2025-01-14,28,Vehicle Collision,136839.79,Settled,
CLM-51293,POL-101551,2025-04-01,2025-04-09,8,Hail Damage,24693.15,Settled,
CLM-51294,POL-103097,2025-09-28,2025-10-09,11,Geyser Burst / Water Damage,18304.09,Approved,
CLM-51295,POL-102475,2025-04-02,2025-04-15,13,Vehicle Collision,24196.34,Settled,
CLM-51296,POL-104905,2024-06-11,,,Business Interruption,150854.93,Under Investigation,
CLM-51297,POL-101423,2025-03-10,2025-03-29,19,Major Fleet Theft,603835.53,Settled,
CLM-51298,POL-102560,2024-12-04,2024-12-14,10,Geyser Burst / Water Damage,14746.15,Settled,
CLM-51299,POL-100951,2024-05-13,2024-05-31,18,Power Surge,9942.27,Settled,
CLM-51300,POL-102146,2024-12-12,2025-01-03,22,Machinery Breakdown,86775.7,Settled,
CLM-51301,POL-101743,2025-01-24,2025-02-21,28,Geyser Burst / Water Damage,252345.03,Settled,
CLM-51302,POL-104853,2024-11-26,2024-11-30,4,Storm / Roof Damage,33377.02,Settled,
CLM-51303,POL-101020,2025-02-08,,,Windscreen Replacement,8989.68,Under Investigation,
CLM-51304,POL-102371,2025-06-25,2025-07-09,14,Premises Liability,101034.72,Settled,
CLM-51305,POL-103966,2025-08-18,2025-08-23,5,Hail Damage,13182.71,Settled,
CLM-51306,POL-104286,2024-10-26,2024-11-06,11,Housebreaking / Theft,145276.17,Settled,
CLM-51307,POL-104563,2025-03-12,,,Farm Property Fire,544747.99,Repudiated,Uninsured Peril / Exclusion Applied
CLM-51308,POL-100606,2024-11-15,2024-12-06,21,Vehicle Collision,46198.52,Settled,
CLM-51309,POL-103319,2024-12-17,2024-12-30,13,Hail Damage,33873.42,Settled,
CLM-51310,POL-102636,2024-12-06,,,Hail Damage,195622.17,Repudiated,Fraudulent / Inflated Claim
CLM-51311,POL-100313,2025-06-12,2025-07-20,38,Agricultural Machinery Breakdown,89583.32,Settled,
CLM-51312,POL-100714,2025-09-10,2025-09-17,7,Third Party Liability,26647.37,Settled,
CLM-51313,POL-101189,2025-02-16,2025-03-09,21,Crop Hail Damage,191115.67,Settled,
CLM-51314,POL-101598,2025-02-04,2025-02-26,22,Hail Damage,57771.4,Settled,
CLM-51315,POL-104357,2024-06-30,2024-07-13,13,Cargo Loss in Transit,200775.13,Settled,
CLM-51316,POL-100684,2024-09-28,2024-10-06,8,Third Party Liability,13687.57,Settled,
CLM-51317,POL-103937,2025-03-20,2025-04-22,33,Machinery Breakdown,189390.9,Approved,
CLM-51318,POL-101400,2025-04-23,2025-05-09,16,Commercial Fire Damage,297480.22,Settled,
CLM-51319,POL-102300,2024-08-26,2024-09-09,14,Windscreen Replacement,12653.61,Settled,
CLM-51320,POL-101447,2024-08-06,,,Accidental Damage,28311.5,Repudiated,Unlicensed / Unauthorised Driver
CLM-51321,POL-101447,2024-12-23,2025-01-07,15,Storm / Roof Damage,41196.79,Approved,
CLM-51322,POL-104010,2025-12-15,2026-01-06,22,Vehicle Collision,47184.81,Settled,
CLM-51323,POL-104293,2025-05-10,2025-05-24,14,Accidental Damage,25714.66,Settled,
CLM-51324,POL-104895,2025-11-23,2025-12-09,16,Geyser Burst / Water Damage,122392.66,Settled,
CLM-51325,POL-100849,2024-08-16,2024-09-04,19,Storm / Roof Damage,31361.21,Settled,
CLM-51326,POL-100882,2025-02-26,2025-03-14,16,Vehicle Collision,14561.04,Approved,
CLM-51327,POL-102014,2025-03-08,2025-03-22,14,Vehicle Theft / Hijack,171779.87,Approved,
CLM-51328,POL-104699,2025-11-02,2025-11-18,16,Vehicle Collision,32792.34,Settled,
CLM-51329,POL-103576,2025-02-19,2025-03-05,14,Windscreen Replacement,2999.97,Settled,
CLM-51330,POL-104144,2025-05-13,2025-05-28,15,Crop Hail Damage,53163.54,Approved,
CLM-51331,POL-102479,2024-05-20,2024-06-01,12,Vehicle Theft / Hijack,161484.34,Settled,
CLM-51332,POL-102435,2024-11-23,,,Hail Damage,27880.69,Repudiated,Unlicensed / Unauthorised Driver
CLM-51333,POL-102500,2024-11-24,,,Storm / Roof Damage,164293.52,Under Investigation,
CLM-51334,POL-102050,2025-09-19,2025-10-03,14,Housebreaking / Theft,149339.13,Approved,
CLM-51335,POL-102815,2024-12-07,2025-01-16,40,Vehicle Collision,224939.92,Approved,
CLM-51336,POL-102746,2024-10-27,2024-11-30,34,Livestock Loss,201545.66,Settled,
CLM-51337,POL-103001,2024-05-19,2024-06-10,22,Business Interruption,199804.87,Settled,
CLM-51338,POL-104693,2025-06-17,2025-06-29,12,Machinery Breakdown,153845.82,Settled,
CLM-51339,POL-102762,2024-06-14,,,Hail Damage,37879.96,Repudiated,Unlicensed / Unauthorised Driver
CLM-51340,POL-103652,2025-08-17,2025-09-17,31,Cargo Loss in Transit,127424.84,Settled,
CLM-51341,POL-104979,2024-11-04,2024-11-21,17,Hail Damage,35782.32,Settled,
CLM-51342,POL-102294,2025-03-31,2025-04-20,20,Power Surge,3849.21,Settled,
CLM-51343,POL-104857,2024-06-27,2024-07-16,19,Hail Damage,46030.6,Settled,
CLM-51344,POL-104004,2024-08-24,,,Housebreaking / Theft,136221.52,Repudiated,Material Non-Disclosure at Inception
CLM-51345,POL-104109,2025-03-24,2025-04-07,14,Hail Damage,15234.86,Settled,
CLM-51346,POL-101119,2025-06-03,2025-06-15,12,Hail Damage,28291.69,Settled,
CLM-51347,POL-100191,2025-05-09,2025-05-20,11,Hail Damage,15171.6,Settled,
CLM-51348,POL-104245,2025-09-24,2025-10-05,11,Vehicle Theft / Hijack,131298.37,Settled,
CLM-51349,POL-103257,2025-08-15,,,Premises Liability,159104.69,Repudiated,Material Non-Disclosure at Inception
CLM-51350,POL-100349,2024-07-30,2024-08-28,29,Crop Hail Damage,52430.92,Settled,
CLM-51351,POL-103277,2024-06-07,2024-06-11,4,Hail Damage,35211.76,Settled,
CLM-51352,POL-103183,2025-07-21,2025-08-01,11,Windscreen Replacement,7709.78,Settled,
CLM-51353,POL-103666,2024-02-14,2024-02-19,5,Hail Damage,22235.83,Settled,
CLM-51354,POL-104713,2025-05-31,2025-06-03,3,Vehicle Collision,38696.19,Approved,
CLM-51355,POL-103545,2025-03-23,2025-04-23,31,Fleet Hail Damage,176455.25,Settled,
CLM-51356,POL-103551,2025-04-24,2025-05-08,14,Vehicle Theft / Hijack,158722.9,Settled,
CLM-51357,POL-100495,2024-06-30,,,Business Interruption,177977.24,Repudiated,Unlicensed / Unauthorised Driver
CLM-51358,POL-102133,2024-04-30,2024-05-03,3,Storm / Roof Damage,38806.64,Approved,
CLM-51359,POL-101197,2025-06-29,2025-07-13,14,Third Party Liability,21449.48,Settled,
CLM-51360,POL-100419,2024-12-26,2025-01-13,18,Premises Liability,159039.34,Approved,
CLM-51361,POL-101609,2025-02-21,2025-03-16,23,Crop Hail Damage,234629.97,Settled,
CLM-51362,POL-104431,2025-03-06,2025-03-17,11,Windscreen Replacement,3067.2,Approved,
CLM-51363,POL-103207,2025-05-23,2025-06-08,16,Commercial Fire Damage,354318.82,Settled,
CLM-51364,POL-102400,2024-03-24,2024-04-13,20,Driver Vehicle Rollover,312026.12,Settled,
CLM-51365,POL-104319,2025-06-11,2025-06-22,11,Vehicle Theft / Hijack,219372.03,Settled,
CLM-51366,POL-102087,2025-05-16,2025-05-30,14,Housebreaking / Theft,52361.79,Settled,
CLM-51367,POL-104966,2024-08-13,2024-09-04,22,Vehicle Collision,33987.35,Settled,
CLM-51368,POL-101441,2025-06-06,2025-06-15,9,Hail Damage,46064.24,Settled,
CLM-51369,POL-103075,2025-12-20,2026-01-12,23,Third Party Liability,17136.2,Settled,
CLM-51370,POL-103187,2025-05-29,2025-06-12,14,Housebreaking / Theft,135436.09,Settled,
CLM-51371,POL-102559,2024-11-21,,,Storm / Roof Damage,45360.51,Under Investigation,
CLM-51372,POL-104959,2024-09-15,2024-10-02,17,Third Party Liability,57989.56,Settled,
CLM-51373,POL-102545,2025-10-06,2025-10-25,19,Business Interruption,181069.96,Approved,
CLM-51374,POL-100052,2024-05-06,2024-05-17,11,Windscreen Replacement,6346.96,Settled,
CLM-51375,POL-101336,2025-02-21,2025-03-21,28,Farm Property Fire,229927.73,Settled,
CLM-51376,POL-100082,2024-05-29,2024-07-07,39,Severe Drought / Heat Stress,175936.16,Settled,
CLM-51377,POL-100383,2025-01-29,2025-02-27,29,Storm / Roof Damage,157046.56,Settled,
CLM-51378,POL-101948,2025-08-05,2025-08-21,16,Machinery Breakdown,167579.12,Settled,
CLM-51379,POL-104290,2024-09-28,2024-11-02,35,Fleet Heavy Collision,83795.86,Approved,
CLM-51380,POL-104123,2025-11-14,,,Hail Damage,178715.96,Repudiated,Unlicensed / Unauthorised Driver
CLM-51381,POL-103612,2024-05-30,2024-06-07,8,Hail Damage,42526.64,Settled,
CLM-51382,POL-100109,2025-11-28,2025-12-09,11,Accidental Damage,38270.38,Settled,
CLM-51383,POL-102980,2025-08-25,,,Storm / Roof Damage,30546.9,Repudiated,Unlicensed / Unauthorised Driver
CLM-51384,POL-104284,2025-06-08,,,Livestock Loss,104382.31,Repudiated,Fraudulent / Inflated Claim
CLM-51385,POL-100770,2025-03-29,2025-04-30,32,Commercial Fire Damage,645834.57,Settled,
CLM-51386,POL-100599,2025-08-16,2025-08-29,13,Windscreen Replacement,6603.68,Approved,
CLM-51387,POL-103548,2025-11-06,,,Hail Damage,38473.31,Repudiated,Fraudulent / Inflated Claim
CLM-51388,POL-100367,2024-12-23,2025-01-17,25,Geyser Burst / Water Damage,86395.89,Settled,
CLM-51389,POL-100121,2025-01-10,,,Third Party Liability,17362.09,Repudiated,Failure to Take Reasonable Precautions
CLM-51390,POL-100612,2025-08-09,2025-08-22,13,Hail Damage,20618.82,Settled,
CLM-51391,POL-102223,2025-03-01,2025-03-13,12,Geyser Burst / Water Damage,29227.22,Settled,
CLM-51392,POL-100572,2024-11-05,2024-11-18,13,Hail Damage,44615.05,Settled,
CLM-51393,POL-104833,2025-08-07,2025-08-26,19,Windscreen Replacement,8487.18,Settled,
CLM-51394,POL-102592,2025-09-28,2025-10-19,21,Vehicle Theft / Hijack,135585.29,Settled,
CLM-51395,POL-104867,2025-04-28,2025-05-25,27,Building Storm Inundation,148450.79,Settled,
CLM-51396,POL-102215,2024-06-19,2024-07-06,17,Machinery Breakdown,170716.43,Settled,
CLM-51397,POL-104799,2024-06-30,2024-07-04,4,Power Surge,13813.11,Settled,
CLM-51398,POL-101150,2025-08-05,2025-08-10,5,Storm / Roof Damage,25355.37,Settled,
CLM-51399,POL-101739,2025-01-22,2025-02-14,23,Hail Damage,122004.0,Settled,
CLM-51400,POL-100145,2025-08-18,2025-09-03,16,Windscreen Replacement,7343.19,Settled,
CLM-51401,POL-103584,2024-10-25,2024-11-07,13,Housebreaking / Theft,92020.23,Settled,
CLM-51402,POL-104009,2025-02-17,2025-03-01,12,Windscreen Replacement,10058.0,Settled,
CLM-51403,POL-102466,2025-03-01,2025-03-06,5,Accidental Damage,35475.93,Settled,
CLM-51404,POL-100074,2025-02-15,,,Cargo Loss in Transit,69524.21,Repudiated,Material Non-Disclosure at Inception
CLM-51405,POL-101092,2025-08-06,2025-08-21,15,Third Party Liability,51784.18,Settled,
CLM-51406,POL-103245,2024-10-24,2024-11-12,19,Storm / Roof Damage,20600.07,Settled,
CLM-51407,POL-103525,2025-04-20,2025-05-02,12,Commercial Fire Damage,661631.13,Settled,
CLM-51408,POL-104604,2024-07-29,,,Vehicle Theft / Hijack,312314.22,Repudiated,Failure to Take Reasonable Precautions
CLM-51409,POL-100570,2025-01-17,2025-02-22,36,Agricultural Machinery Breakdown,56109.82,Settled,
CLM-51410,POL-101398,2025-09-09,2025-09-22,13,Vehicle Collision,55205.8,Settled,
CLM-51411,POL-103337,2025-03-23,2025-04-28,36,Fleet Hail Damage,241410.29,Settled,
CLM-51412,POL-102589,2025-06-08,2025-06-17,9,Hail Damage,31050.71,Settled,
CLM-51413,POL-102776,2025-11-29,2025-12-09,10,Storm / Roof Damage,56950.18,Settled,
CLM-51414,POL-104188,2024-12-23,2024-12-31,8,Geyser Burst / Water Damage,36559.6,Settled,
CLM-51415,POL-104181,2024-07-31,2024-08-17,17,Housebreaking / Theft,145205.92,Settled,
CLM-51416,POL-101713,2025-02-04,2025-02-23,19,Windscreen Replacement,10864.5,Approved,
CLM-51417,POL-102807,2025-10-11,,,Vehicle Theft / Hijack,102538.36,Repudiated,Material Non-Disclosure at Inception
CLM-51418,POL-103437,2024-11-08,2024-12-01,23,Vehicle Theft / Hijack,105423.56,Settled,
CLM-51419,POL-103396,2024-12-31,2025-01-20,20,Geyser Burst / Water Damage,36923.3,Settled,
CLM-51420,POL-100617,2025-10-06,2025-11-04,29,Business Interruption,127959.52,Settled,
CLM-51421,POL-101444,2025-02-24,2025-03-13,17,Geyser Burst / Water Damage,24671.16,Settled,
CLM-51422,POL-104232,2025-02-28,2025-03-25,25,Driver Vehicle Rollover,534717.69,Settled,
CLM-51423,POL-103485,2025-08-19,2025-08-27,8,Vehicle Theft / Hijack,206873.1,Settled,
CLM-51424,POL-101422,2024-04-05,2024-04-24,19,Vehicle Theft / Hijack,151845.52,Settled,
CLM-51425,POL-104800,2025-12-15,,,Fleet Heavy Collision,202665.24,Repudiated,Unlicensed / Unauthorised Driver
CLM-51426,POL-102245,2025-07-27,2025-08-20,24,Driver Vehicle Rollover,392749.74,Settled,
CLM-51427,POL-103493,2025-09-09,2025-09-24,15,Geyser Burst / Water Damage,26921.81,Approved,
CLM-51428,POL-103725,2024-09-25,2024-10-10,15,Windscreen Replacement,13269.08,Settled,
CLM-51429,POL-100771,2025-08-22,2025-10-03,42,Severe Drought / Heat Stress,125937.99,Settled,
CLM-51430,POL-101601,2024-12-20,2025-01-22,33,Geyser Burst / Water Damage,250370.66,Settled,
CLM-51431,POL-103267,2024-02-14,2024-03-01,16,Commercial Fire Damage,231744.17,Settled,
CLM-51432,POL-103917,2024-02-01,2024-02-17,16,Vehicle Theft / Hijack,142840.34,Settled,
CLM-51433,POL-100292,2025-06-15,2025-06-28,13,Vehicle Theft / Hijack,90164.92,Settled,
CLM-51434,POL-101198,2025-03-27,,,Building Storm Inundation,61532.65,Repudiated,Fraudulent / Inflated Claim
CLM-51435,POL-100567,2025-04-30,2025-05-31,31,Crop Hail Damage,209747.57,Approved,
CLM-51436,POL-103656,2025-07-01,2025-07-08,7,Vehicle Theft / Hijack,238779.65,Settled,
CLM-51437,POL-101906,2024-08-20,2024-09-16,27,Business Interruption,114387.03,Settled,
CLM-51438,POL-100009,2024-11-07,2024-11-16,9,Vehicle Collision,30659.07,Settled,
CLM-51439,POL-102773,2025-01-28,,,Storm / Roof Damage,34499.45,Repudiated,Failure to Take Reasonable Precautions
CLM-51440,POL-100289,2024-10-23,2024-11-06,14,Windscreen Replacement,9832.13,Settled,
CLM-51441,POL-100650,2025-09-06,2025-09-19,13,Windscreen Replacement,13871.4,Approved,
CLM-51442,POL-102910,2024-06-21,,,Power Surge,11208.58,Repudiated,Material Non-Disclosure at Inception
CLM-51443,POL-100427,2025-12-23,2026-01-10,18,Storm / Roof Damage,13546.64,Settled,
CLM-51444,POL-101375,2025-04-05,,,Housebreaking / Theft,153108.56,Under Investigation,
CLM-51445,POL-103603,2025-03-06,2025-03-29,23,Housebreaking / Theft,113632.8,Settled,
CLM-51446,POL-100414,2025-12-21,2025-12-29,8,Hail Damage,12649.95,Settled,
CLM-51447,POL-100774,2025-09-04,2025-10-08,34,Fleet Hail Damage,257928.12,Settled,
CLM-51448,POL-100112,2024-10-03,2024-10-07,4,Vehicle Collision,32734.26,Settled,
CLM-51449,POL-104423,2025-08-30,2025-09-22,23,Windscreen Replacement,11096.4,Settled,
CLM-51450,POL-102632,2024-12-28,2025-01-16,19,Storm / Roof Damage,28104.79,Settled,
CLM-51451,POL-104886,2025-10-27,2025-11-13,17,Commercial Fire Damage,261653.96,Settled,
CLM-51452,POL-104892,2025-05-15,,,Storm / Roof Damage,11699.72,Under Investigation,
CLM-51453,POL-101869,2024-07-06,2024-07-15,9,Geyser Burst / Water Damage,19048.27,Settled,
CLM-51454,POL-104616,2025-12-07,2025-12-18,11,Windscreen Replacement,10174.03,Settled,
CLM-51455,POL-100884,2024-05-26,2024-06-19,24,Major Fleet Theft,468616.77,Settled,
CLM-51456,POL-100123,2025-10-31,2025-11-09,9,Windscreen Replacement,12460.59,Settled,
CLM-51457,POL-102671,2025-08-17,2025-09-17,31,Fleet Hail Damage,120925.98,Settled,
CLM-51458,POL-101195,2025-05-11,2025-05-29,18,Accidental Damage,23108.97,Settled,
CLM-51459,POL-103991,2024-10-06,2024-10-26,20,Vehicle Theft / Hijack,128023.29,Settled,
CLM-51460,POL-104462,2024-11-04,,,Storm / Roof Damage,10042.59,Repudiated,Unlicensed / Unauthorised Driver
CLM-51461,POL-101814,2025-09-11,2025-09-30,19,Third Party Liability,22021.9,Approved,
CLM-51462,POL-103929,2024-08-07,2024-08-14,7,Storm / Roof Damage,26661.54,Settled,
CLM-51463,POL-104349,2025-03-29,2025-04-12,14,Power Surge,10094.77,Settled,
CLM-51464,POL-103818,2024-07-24,2024-08-16,23,Cargo Loss in Transit,189900.85,Settled,
CLM-51465,POL-100039,2024-09-18,2024-10-04,16,Vehicle Collision,15672.86,Settled,
CLM-51466,POL-102771,2024-08-13,2024-08-19,6,Hail Damage,49384.57,Settled,
CLM-51467,POL-104339,2025-04-06,2025-05-05,29,Commercial Fire Damage,596374.51,Settled,
CLM-51468,POL-104204,2025-05-08,2025-05-26,18,Third Party Liability,13534.99,Settled,
CLM-51469,POL-101941,2024-12-29,2025-01-14,16,Geyser Burst / Water Damage,48976.05,Settled,
CLM-51470,POL-102301,2025-03-08,2025-03-30,22,Agricultural Machinery Breakdown,174312.99,Settled,
CLM-51471,POL-100111,2025-07-07,2025-07-22,15,Power Surge,8999.41,Settled,
CLM-51472,POL-100947,2025-09-06,2025-09-27,21,Housebreaking / Theft,170390.09,Settled,
CLM-51473,POL-103220,2024-09-15,2024-10-04,19,Business Interruption,76241.57,Approved,
CLM-51474,POL-103456,2025-07-26,,,Third Party Liability,16358.26,Repudiated,Unlicensed / Unauthorised Driver
CLM-51475,POL-102633,2025-09-01,2025-09-12,11,Hail Damage,32396.51,Settled,
CLM-51476,POL-102562,2024-08-17,2024-08-28,11,Third Party Liability,45133.83,Settled,
CLM-51477,POL-104883,2024-12-13,2024-12-23,10,Vehicle Collision,47047.29,Approved,
CLM-51478,POL-100879,2024-10-16,2024-10-27,11,Windscreen Replacement,12011.95,Approved,
CLM-51479,POL-104631,2024-09-20,2024-10-04,14,Geyser Burst / Water Damage,33420.93,Settled,
CLM-51480,POL-104214,2024-09-17,2024-10-20,33,Driver Vehicle Rollover,154900.08,Settled,
CLM-51481,POL-104641,2025-03-01,2025-03-19,18,Third Party Liability,38813.06,Approved,
CLM-51482,POL-102210,2025-06-09,2025-07-06,27,Driver Vehicle Rollover,319620.29,Settled,
CLM-51483,POL-103653,2024-07-13,,,Hail Damage,29333.83,Repudiated,Unlicensed / Unauthorised Driver
CLM-51484,POL-102055,2025-04-11,2025-04-22,11,Third Party Liability,40688.73,Settled,
CLM-51485,POL-103059,2024-05-24,2024-06-14,21,Agricultural Machinery Breakdown,104495.37,Approved,
CLM-51486,POL-102698,2025-05-28,,,Fleet Hail Damage,196176.55,Repudiated,Material Non-Disclosure at Inception
CLM-51487,POL-100065,2025-06-13,2025-06-28,15,Housebreaking / Theft,144763.06,Approved,
CLM-51488,POL-101244,2024-12-28,2025-01-19,22,Vehicle Collision,19392.42,Settled,
CLM-51489,POL-104355,2025-09-21,,,Third Party Liability,45273.6,Repudiated,Failure to Take Reasonable Precautions
CLM-51490,POL-101534,2024-06-06,2024-06-25,19,Vehicle Theft / Hijack,318522.63,Settled,
CLM-51491,POL-104002,2025-02-24,2025-03-08,12,Power Surge,8961.33,Approved,
CLM-51492,POL-104860,2024-04-26,2024-05-04,8,Vehicle Collision,45299.58,Approved,
CLM-51493,POL-102393,2025-05-14,,,Livestock Loss,189501.91,Repudiated,Fraudulent / Inflated Claim
CLM-51494,POL-100009,2024-10-03,2024-10-24,21,Hail Damage,45687.85,Settled,
CLM-51495,POL-104274,2025-08-23,2025-09-01,9,Storm / Roof Damage,36907.65,Settled,
CLM-51496,POL-101403,2024-08-08,,,Accidental Damage,34389.23,Repudiated,Unlicensed / Unauthorised Driver
CLM-51497,POL-100436,2025-07-20,2025-08-05,16,Business Interruption,194255.52,Settled,
CLM-51498,POL-101356,2025-01-21,2025-02-13,23,Geyser Burst / Water Damage,228595.79,Settled,
CLM-51499,POL-100080,2025-09-20,2025-10-05,15,Power Surge,7983.44,Settled,
CLM-51500,POL-103639,2025-01-11,2025-01-31,20,Vehicle Collision,65290.62,Settled,
CLM-51501,POL-103121,2024-06-23,2024-07-11,18,Accidental Damage,19696.19,Settled,
CLM-51502,POL-102489,2025-11-13,2025-11-30,17,Geyser Burst / Water Damage,232879.52,Settled,
CLM-51503,POL-104465,2025-07-01,2025-07-24,23,Cargo Loss in Transit,198371.86,Settled,
CLM-51504,POL-101511,2025-09-04,2025-09-18,14,Third Party Liability,33474.21,Approved,
CLM-51505,POL-101822,2025-10-31,2025-11-20,20,Cargo Loss in Transit,69029.33,Settled,
CLM-51506,POL-104720,2025-03-22,2025-04-04,13,Vehicle Theft / Hijack,261170.55,Settled,
CLM-51507,POL-101303,2025-09-07,2025-10-02,25,Fleet Heavy Collision,141341.12,Settled,
CLM-51508,POL-100418,2025-10-28,2025-11-23,26,Driver Vehicle Rollover,452610.49,Approved,
CLM-51509,POL-100770,2025-05-08,2025-06-11,34,Building Storm Inundation,50703.96,Settled,
CLM-51510,POL-100811,2024-03-25,2024-04-13,19,Geyser Burst / Water Damage,21698.73,Settled,
CLM-51511,POL-101526,2024-09-07,2024-10-01,24,Premises Liability,56941.14,Settled,
CLM-51512,POL-100024,2025-10-22,2025-11-14,23,Agricultural Machinery Breakdown,68382.47,Settled,
CLM-51513,POL-104896,2024-11-22,2024-12-23,31,Hail Damage,45302.42,Approved,
CLM-51514,POL-102659,2025-11-10,2025-12-09,29,Vehicle Collision,248126.99,Settled,
CLM-51515,POL-100511,2024-12-14,,,Vehicle Theft / Hijack,94045.12,Repudiated,Fraudulent / Inflated Claim
CLM-51516,POL-100887,2024-08-30,2024-09-20,21,Driver Vehicle Rollover,420889.55,Settled,
CLM-51517,POL-100904,2025-04-21,,,Hail Damage,31155.01,Repudiated,Uninsured Peril / Exclusion Applied
CLM-51518,POL-104190,2025-10-28,2025-11-21,24,Major Fleet Theft,599636.1,Settled,
CLM-51519,POL-101264,2024-11-29,2024-12-15,16,Vehicle Collision,24595.06,Settled,
CLM-51520,POL-101805,2025-11-10,2025-11-26,16,Third Party Liability,23695.22,Settled,
CLM-51521,POL-100120,2025-03-13,2025-03-27,14,Geyser Burst / Water Damage,24581.78,Approved,
CLM-51522,POL-101463,2025-12-29,2026-02-01,34,Storm / Roof Damage,226401.02,Settled,
CLM-51523,POL-102947,2025-08-22,,,Vehicle Collision,23618.75,Repudiated,Uninsured Peril / Exclusion Applied
CLM-51524,POL-102893,2024-11-19,2024-12-01,12,Geyser Burst / Water Damage,47142.13,Settled,
CLM-51525,POL-102173,2025-09-18,2025-10-01,13,Third Party Liability,45834.95,Approved,
CLM-51526,POL-100561,2025-02-27,,,Third Party Liability,20177.56,Repudiated,Fraudulent / Inflated Claim
CLM-51527,POL-100051,2025-02-10,,,Major Fleet Theft,566653.35,Under Investigation,
CLM-51528,POL-101543,2024-04-22,2024-04-30,8,Accidental Damage,13096.54,Settled,
CLM-51529,POL-103757,2025-02-15,2025-02-27,12,Third Party Liability,39934.76,Settled,
CLM-51530,POL-101419,2025-06-26,,,Vehicle Collision,57395.19,Repudiated,Material Non-Disclosure at Inception
CLM-51531,POL-101165,2025-05-18,2025-05-29,11,Accidental Damage,11260.75,Settled,
CLM-51532,POL-101440,2025-04-20,2025-05-03,13,Vehicle Collision,23527.71,Approved,
CLM-51533,POL-103391,2024-11-14,2024-11-26,12,Geyser Burst / Water Damage,14174.55,Settled,
CLM-51534,POL-101977,2025-10-27,2025-11-28,32,Machinery Breakdown,141365.28,Settled,
CLM-51535,POL-102266,2025-02-02,2025-02-06,4,Accidental Damage,16804.85,Approved,
CLM-51536,POL-100224,2025-05-03,2025-05-26,23,Farm Property Fire,359348.8,Settled,
CLM-51537,POL-102096,2025-01-13,2025-01-22,9,Hail Damage,41174.41,Settled,
CLM-51538,POL-102325,2025-05-14,,,Third Party Liability,13275.66,Repudiated,Fraudulent / Inflated Claim
CLM-51539,POL-102683,2024-09-29,2024-10-29,30,Severe Drought / Heat Stress,135086.46,Settled,
CLM-51540,POL-100895,2024-05-06,2024-05-18,12,Third Party Liability,23829.16,Settled,
CLM-51541,POL-104874,2025-06-15,2025-06-24,9,Accidental Damage,13558.41,Settled,
CLM-51542,POL-102144,2024-12-01,2024-12-26,25,Hail Damage,110089.96,Settled,
CLM-51543,POL-104295,2025-05-08,2025-06-21,44,Severe Drought / Heat Stress,77662.02,Settled,
CLM-51544,POL-102504,2024-08-12,2024-08-19,7,Accidental Damage,23880.71,Settled,
CLM-51545,POL-101870,2025-06-29,2025-07-20,21,Vehicle Theft / Hijack,292778.59,Approved,
CLM-51546,POL-104005,2025-03-06,2025-04-06,31,Crop Hail Damage,35322.28,Settled,
CLM-51547,POL-103719,2025-09-13,2025-09-24,11,Accidental Damage,36806.3,Settled,
CLM-51548,POL-101139,2025-02-22,2025-03-02,8,Third Party Liability,21933.47,Settled,
CLM-51549,POL-102107,2025-09-14,2025-09-26,12,Vehicle Collision,39954.22,Settled,
CLM-51550,POL-102794,2025-09-24,2025-10-10,16,Vehicle Theft / Hijack,218946.9,Settled,
CLM-51551,POL-104761,2024-04-14,2024-05-08,24,Cargo Loss in Transit,113093.15,Settled,
CLM-51552,POL-104005,2025-07-17,2025-08-09,23,Crop Hail Damage,206016.62,Settled,
CLM-51553,POL-104715,2024-12-22,2025-01-08,17,Geyser Burst / Water Damage,38308.2,Settled,
CLM-51554,POL-101340,2025-12-22,2025-12-29,7,Geyser Burst / Water Damage,21622.87,Approved,
CLM-51555,POL-103045,2025-05-18,2025-05-28,10,Accidental Damage,26462.36,Settled,
CLM-51556,POL-104581,2025-04-24,2025-05-08,14,Hail Damage,25352.87,Settled,
CLM-51557,POL-100257,2024-10-23,2024-11-13,21,Geyser Burst / Water Damage,32893.76,Settled,
CLM-51558,POL-103881,2025-06-05,2025-06-22,17,Storm / Roof Damage,37756.42,Approved,
CLM-51559,POL-103834,2025-03-31,2025-04-10,10,Vehicle Collision,57214.8,Settled,
CLM-51560,POL-103910,2025-12-09,2026-01-21,43,Hail Damage,114818.63,Settled,
CLM-51561,POL-102862,2025-12-18,2025-12-29,11,Vehicle Collision,47870.58,Settled,
CLM-51562,POL-100266,2025-05-01,2025-05-18,17,Livestock Loss,105340.23,Approved,
CLM-51563,POL-101755,2025-07-24,,,Premises Liability,187764.24,Repudiated,Fraudulent / Inflated Claim
CLM-51564,POL-100173,2025-07-28,2025-08-13,16,Vehicle Collision,31748.47,Settled,
CLM-51565,POL-102370,2025-01-11,2025-01-26,15,Fleet Heavy Collision,284971.45,Settled,
CLM-51566,POL-104284,2025-06-05,2025-07-20,45,Severe Drought / Heat Stress,49012.66,Settled,
CLM-51567,POL-103621,2025-05-11,2025-05-21,10,Vehicle Theft / Hijack,143267.82,Settled,
CLM-51568,POL-102109,2024-06-23,2024-07-06,13,Vehicle Collision,51514.53,Settled,
CLM-51569,POL-103749,2025-12-29,2026-01-05,7,Vehicle Collision,29711.62,Settled,
CLM-51570,POL-104068,2025-10-22,2025-11-19,28,Cargo Loss in Transit,302355.76,Settled,
CLM-51571,POL-104997,2024-10-29,,,Livestock Loss,87942.2,Repudiated,Material Non-Disclosure at Inception
CLM-51572,POL-104960,2024-04-25,,,Third Party Liability,25441.36,Repudiated,Fraudulent / Inflated Claim
CLM-51573,POL-102961,2024-12-16,,,Storm / Roof Damage,11505.63,Repudiated,Material Non-Disclosure at Inception
CLM-51574,POL-102372,2024-11-16,,,Vehicle Collision,26759.79,Repudiated,Fraudulent / Inflated Claim
CLM-51575,POL-104816,2025-06-05,2025-07-02,27,Farm Property Fire,443091.7,Settled,
CLM-51576,POL-102179,2024-11-18,2024-12-07,19,Major Fleet Theft,547359.21,Settled,
CLM-51577,POL-100021,2024-10-07,2024-10-25,18,Crop Hail Damage,195790.49,Approved,
CLM-51578,POL-103147,2024-10-20,2024-10-25,5,Vehicle Collision,45422.91,Settled,
CLM-51579,POL-102660,2024-07-12,2024-07-25,13,Power Surge,9636.45,Approved,
CLM-51580,POL-104468,2024-05-28,2024-06-21,24,Building Storm Inundation,70388.35,Approved,
CLM-51581,POL-101759,2024-08-18,,,Windscreen Replacement,12427.15,Under Investigation,
CLM-51582,POL-101278,2025-01-21,2025-02-12,22,Geyser Burst / Water Damage,15834.45,Approved,
CLM-51583,POL-103508,2025-01-13,,,Business Interruption,128940.31,Under Investigation,
CLM-51584,POL-103932,2025-08-29,,,Housebreaking / Theft,167884.91,Under Investigation,
CLM-51585,POL-102745,2025-01-16,2025-02-01,16,Geyser Burst / Water Damage,23480.34,Settled,
CLM-51586,POL-104223,2025-04-17,2025-05-05,18,Vehicle Collision,30459.9,Settled,
CLM-51587,POL-100913,2025-04-25,,,Storm / Roof Damage,40797.91,Repudiated,Uninsured Peril / Exclusion Applied
CLM-51588,POL-101350,2024-11-21,,,Machinery Breakdown,93430.33,Under Investigation,
CLM-51589,POL-101715,2024-04-14,2024-05-02,18,Power Surge,6919.83,Settled,
CLM-51590,POL-104094,2024-04-17,2024-05-13,26,Machinery Breakdown,139982.78,Settled,
CLM-51591,POL-103995,2025-04-19,2025-04-28,9,Vehicle Theft / Hijack,184400.01,Settled,
CLM-51592,POL-102520,2024-09-21,2024-10-03,12,Vehicle Theft / Hijack,157645.17,Settled,
CLM-51593,POL-104360,2025-03-07,2025-04-06,30,Commercial Fire Damage,360748.82,Settled,
CLM-51594,POL-101433,2024-09-23,2024-10-06,13,Vehicle Collision,23342.44,Settled,
CLM-51595,POL-100613,2024-12-08,2025-01-08,31,Geyser Burst / Water Damage,140700.25,Settled,
CLM-51596,POL-103591,2024-09-15,2024-09-25,10,Vehicle Theft / Hijack,280017.06,Settled,
CLM-51597,POL-103270,2024-11-30,2024-12-11,11,Accidental Damage,16135.34,Settled,
CLM-51598,POL-100183,2025-09-03,2025-09-19,16,Commercial Fire Damage,501455.5,Settled,
CLM-51599,POL-101575,2024-10-24,2024-11-28,35,Crop Hail Damage,162885.7,Settled,
CLM-51600,POL-104016,2025-07-07,,,Vehicle Collision,49514.71,Repudiated,Uninsured Peril / Exclusion Applied
CLM-51601,POL-103683,2025-09-07,2025-10-04,27,Farm Property Fire,402073.19,Settled,
CLM-51602,POL-102759,2024-06-19,2024-07-02,13,Housebreaking / Theft,161428.73,Settled,
CLM-51603,POL-104814,2025-09-07,2025-10-08,31,Livestock Loss,187809.89,Settled,
CLM-51604,POL-100626,2025-03-06,2025-04-07,32,Major Fleet Theft,621417.63,Settled,
CLM-51605,POL-102044,2025-06-14,,,Commercial Fire Damage,248999.18,Under Investigation,
CLM-51606,POL-101906,2024-10-01,,,Machinery Breakdown,99821.0,Repudiated,Unlicensed / Unauthorised Driver
CLM-51607,POL-103171,2024-07-07,2024-07-18,11,Fleet Hail Damage,172914.53,Settled,
CLM-51608,POL-102962,2025-10-06,2025-10-21,15,Power Surge,13871.31,Settled,
CLM-51609,POL-100306,2025-07-27,2025-08-08,12,Vehicle Theft / Hijack,111300.27,Settled,
CLM-51610,POL-101629,2024-10-28,2024-11-17,20,Accidental Damage,15133.38,Settled,
CLM-51611,POL-102707,2025-01-15,2025-01-28,13,Vehicle Collision,26427.51,Settled,
CLM-51612,POL-100212,2025-03-31,2025-05-09,39,Farm Property Fire,268710.55,Settled,
CLM-51613,POL-103117,2024-10-08,2024-11-05,28,Fleet Hail Damage,83511.29,Approved,
CLM-51614,POL-104981,2024-07-28,,,Vehicle Theft / Hijack,140112.31,Repudiated,Unlicensed / Unauthorised Driver
CLM-51615,POL-101472,2024-11-07,2024-12-01,24,Cargo Loss in Transit,194840.29,Settled,
CLM-51616,POL-100169,2025-08-16,2025-09-15,30,Commercial Fire Damage,514490.41,Settled,
CLM-51617,POL-100957,2024-08-15,2024-08-23,8,Windscreen Replacement,6043.61,Settled,
CLM-51618,POL-103208,2024-04-18,2024-05-14,26,Driver Vehicle Rollover,281578.38,Settled,
CLM-51619,POL-101210,2025-05-29,,,Business Interruption,60638.77,Repudiated,Fraudulent / Inflated Claim
CLM-51620,POL-100022,2024-03-03,2024-03-22,19,Agricultural Machinery Breakdown,154486.06,Settled,
CLM-51621,POL-103775,2024-11-01,2024-11-22,21,Storm / Roof Damage,174622.13,Settled,
CLM-51622,POL-102575,2025-08-06,2025-09-07,32,Fleet Heavy Collision,91941.59,Approved,
CLM-51623,POL-102129,2024-10-15,2024-10-21,6,Vehicle Collision,35689.31,Settled,
CLM-51624,POL-100103,2025-07-04,2025-07-13,9,Third Party Liability,12739.63,Settled,
CLM-51625,POL-101849,2025-07-30,2025-08-11,12,Geyser Burst / Water Damage,36762.59,Settled,
CLM-51626,POL-100960,2024-12-02,2024-12-25,23,Storm / Roof Damage,202937.37,Settled,
CLM-51627,POL-104416,2025-04-07,2025-05-07,30,Fleet Hail Damage,110172.56,Approved,
CLM-51628,POL-100902,2024-09-26,2024-10-30,34,Fleet Heavy Collision,139347.87,Settled,
CLM-51629,POL-100188,2025-06-28,2025-07-12,14,Vehicle Collision,56288.42,Settled,
CLM-51630,POL-103600,2024-07-31,2024-08-17,17,Hail Damage,43529.41,Settled,
CLM-51631,POL-102953,2025-12-24,,,Premises Liability,120411.13,Repudiated,Uninsured Peril / Exclusion Applied
CLM-51632,POL-102280,2025-04-13,,,Major Fleet Theft,467373.69,Repudiated,Unlicensed / Unauthorised Driver
CLM-51633,POL-101468,2024-09-05,,,Vehicle Collision,22308.23,Repudiated,Material Non-Disclosure at Inception
CLM-51634,POL-102214,2025-10-08,2025-10-21,13,Storm / Roof Damage,32751.6,Settled,
CLM-51635,POL-101027,2025-10-31,2025-11-20,20,Farm Property Fire,129760.82,Settled,
CLM-51636,POL-104894,2025-08-30,2025-09-10,11,Vehicle Collision,41865.28,Settled,
CLM-51637,POL-103395,2024-12-16,2024-12-28,12,Storm / Roof Damage,52279.36,Settled,
CLM-51638,POL-104800,2025-09-18,2025-10-04,16,Cargo Loss in Transit,272519.87,Approved,
CLM-51639,POL-100196,2025-04-03,,,Cargo Loss in Transit,127394.92,Under Investigation,
CLM-51640,POL-101591,2025-10-10,,,Vehicle Collision,34540.34,Repudiated,Unlicensed / Unauthorised Driver
CLM-51641,POL-102729,2025-03-21,2025-04-10,20,Fleet Hail Damage,274533.93,Settled,
CLM-51642,POL-101707,2025-06-16,2025-06-28,12,Housebreaking / Theft,74598.45,Settled,
CLM-51643,POL-102313,2025-07-14,,,Storm / Roof Damage,20968.28,Repudiated,Fraudulent / Inflated Claim
CLM-51644,POL-104650,2024-10-21,2024-11-13,23,Fleet Heavy Collision,214918.58,Settled,
CLM-51645,POL-103176,2024-08-18,2024-09-23,36,Premises Liability,196035.58,Settled,
CLM-51646,POL-103539,2024-07-05,2024-07-13,8,Power Surge,5607.91,Settled,
CLM-51647,POL-104594,2025-07-22,2025-08-18,27,Fleet Heavy Collision,121520.51,Approved,
CLM-51648,POL-102170,2025-07-10,2025-08-07,28,Severe Drought / Heat Stress,165130.05,Settled,
CLM-51649,POL-104008,2025-11-15,2025-11-29,14,Hail Damage,10076.81,Settled,
CLM-51650,POL-103874,2024-11-05,2024-11-28,23,Commercial Fire Damage,218870.4,Settled,
