PolicyID,InceptionDate,ExpiryDate,ClassID,RegionID,AnnualPremium,PolicyStatus,BrokerChannel
POL-100001,2024-04-24,2025-04-24,1,6,14110.48,Active,Independent Broker
POL-100002,2024-03-30,2025-03-30,4,2,82786.76,Active,Direct Digital
POL-100003,2024-01-28,2025-01-27,3,1,126490.31,Active,Independent Broker
POL-100004,2025-04-04,2026-04-04,4,1,273310.46,Active,Corporate Intermediary
POL-100005,2025-03-08,2026-03-08,2,1,9345.62,Lapsed,Independent Broker
POL-100006,2024-04-04,2025-04-04,2,1,12153.92,Active,Direct Digital
POL-100007,2024-02-14,2025-02-13,5,2,141158.78,Cancelled,Independent Broker
POL-100008,2024-10-27,2025-10-27,4,4,291935.68,Active,Direct Digital
POL-100009,2024-03-12,2025-03-12,1,4,13337.53,Active,Direct Digital
POL-100010,2024-08-26,2025-08-26,1,2,14158.77,Active,Independent Broker
POL-100011,2025-01-14,2026-01-14,2,1,16448.42,Active,Independent Broker
POL-100012,2024-03-14,2025-03-14,4,4,116928.97,Active,Direct Digital
POL-100013,2025-01-23,2026-01-23,1,4,20885.86,Active,Independent Broker
POL-100014,2024-02-27,2025-02-26,1,1,22802.75,Active,Direct Digital
POL-100015,2024-11-18,2025-11-18,1,4,17787.39,Lapsed,Independent Broker
POL-100016,2024-05-26,2025-05-26,1,1,13644.69,Active,Direct Digital
POL-100017,2025-03-14,2026-03-14,3,2,84715.58,Cancelled,Direct Digital
POL-100018,2025-05-20,2026-05-20,1,7,10372.71,Active,Independent Broker
POL-100019,2025-03-08,2026-03-08,4,1,169267.99,Active,Independent Broker
POL-100020,2024-09-14,2025-09-14,3,1,122273.44,Active,Corporate Intermediary
POL-100021,2024-09-30,2025-09-30,5,4,107829.83,Active,Direct Digital
POL-100022,2024-01-04,2025-01-03,5,6,94776.14,Active,Direct Digital
POL-100023,2024-04-18,2025-04-18,4,1,281208.99,Active,Direct Digital
POL-100024,2025-01-17,2026-01-17,5,1,141694.44,Active,Independent Broker
POL-100025,2024-01-01,2024-12-31,4,2,194708.4,Active,Independent Broker
POL-100026,2024-11-10,2025-11-10,1,1,13550.29,Active,Direct Digital
POL-100027,2025-05-12,2026-05-12,1,7,18336.38,Active,Independent Broker
POL-100028,2024-06-18,2025-06-18,1,3,23907.9,Active,Direct Digital
POL-100029,2024-07-24,2025-07-24,5,1,117828.69,Active,Independent Broker
POL-100030,2025-06-13,2026-06-13,2,1,10621.1,Active,Direct Digital
POL-100031,2024-08-23,2025-08-23,4,1,76761.76,Active,Direct Digital
POL-100032,2024-03-10,2025-03-10,1,2,10762.06,Active,Independent Broker
POL-100033,2024-08-07,2025-08-07,3,1,127355.6,Lapsed,Independent Broker
POL-100034,2024-09-05,2025-09-05,3,2,64468.37,Active,Independent Broker
POL-100035,2025-03-09,2026-03-09,2,2,19120.95,Active,Independent Broker
POL-100036,2024-04-10,2025-04-10,1,2,21542.7,Active,Direct Digital
POL-100037,2024-07-15,2025-07-15,1,3,16957.26,Active,Direct Digital
POL-100038,2024-09-12,2025-09-12,1,2,22851.56,Active,Direct Digital
POL-100039,2024-01-16,2025-01-15,1,7,23518.61,Active,Independent Broker
POL-100040,2024-08-06,2025-08-06,2,1,9471.99,Active,Independent Broker
POL-100041,2025-04-10,2026-04-10,2,2,16812.96,Active,Corporate Intermediary
POL-100042,2025-05-13,2026-05-13,1,1,14466.01,Cancelled,Independent Broker
POL-100043,2024-03-03,2025-03-03,5,2,59718.1,Active,Independent Broker
POL-100044,2024-06-10,2025-06-10,1,3,10913.83,Active,Independent Broker
POL-100045,2024-08-28,2025-08-28,2,1,20194.03,Active,Independent Broker
POL-100046,2024-02-10,2025-02-09,4,1,177710.1,Active,Independent Broker
POL-100047,2024-09-24,2025-09-24,1,4,21345.55,Active,Independent Broker
POL-100048,2024-11-03,2025-11-03,2,2,20020.45,Lapsed,Direct Digital
POL-100049,2024-04-12,2025-04-12,1,3,13095.73,Active,Affinity Partner
POL-100050,2024-03-11,2025-03-11,1,2,14273.79,Active,Independent Broker
POL-100051,2024-11-05,2025-11-05,4,4,204590.47,Active,Independent Broker
POL-100052,2024-04-16,2025-04-16,1,1,11493.03,Active,Independent Broker
POL-100053,2024-10-05,2025-10-05,2,3,10106.69,Active,Independent Broker
POL-100054,2024-09-27,2025-09-27,3,3,71632.31,Lapsed,Direct Digital
POL-100055,2025-03-09,2026-03-09,2,1,7248.93,Active,Independent Broker
POL-100056,2024-09-25,2025-09-25,1,6,16846.1,Active,Independent Broker
POL-100057,2024-04-24,2025-04-24,1,5,24424.43,Active,Corporate Intermediary
POL-100058,2024-05-31,2025-05-31,2,1,7777.24,Active,Affinity Partner
POL-100059,2024-02-10,2025-02-09,2,1,16612.52,Active,Independent Broker
POL-100060,2025-02-20,2026-02-20,4,6,112865.57,Lapsed,Corporate Intermediary
POL-100061,2024-06-30,2025-06-30,2,1,9675.18,Lapsed,Corporate Intermediary
POL-100062,2025-02-25,2026-02-25,4,6,273633.58,Active,Corporate Intermediary
POL-100063,2024-04-20,2025-04-20,2,1,19048.59,Active,Corporate Intermediary
POL-100064,2025-04-16,2026-04-16,2,1,18523.4,Active,Direct Digital
POL-100065,2024-07-16,2025-07-16,2,2,11044.72,Active,Corporate Intermediary
POL-100066,2024-12-25,2025-12-25,4,3,172921.2,Cancelled,Independent Broker
POL-100067,2024-01-29,2025-01-28,1,1,12528.51,Cancelled,Direct Digital
POL-100068,2024-04-21,2025-04-21,4,2,159693.34,Active,Independent Broker
POL-100069,2025-06-07,2026-06-07,1,2,24351.88,Active,Direct Digital
POL-100070,2025-03-22,2026-03-22,1,3,24779.43,Active,Independent Broker
POL-100071,2024-07-20,2025-07-20,2,2,8165.64,Active,Independent Broker
POL-100072,2024-11-17,2025-11-17,4,1,251339.79,Active,Independent Broker
POL-100073,2025-02-22,2026-02-22,2,2,16821.48,Active,Direct Digital
POL-100074,2025-01-23,2026-01-23,4,6,296187.36,Active,Independent Broker
POL-100075,2024-01-01,2024-12-31,2,1,10100.52,Active,Independent Broker
POL-100076,2024-11-25,2025-11-25,2,2,13301.81,Active,Independent Broker
POL-100077,2024-06-22,2025-06-22,4,1,144527.67,Active,Independent Broker
POL-100078,2024-04-05,2025-04-05,5,1,164375.26,Active,Direct Digital
POL-100079,2024-01-26,2025-01-25,1,1,25736.55,Active,Corporate Intermediary
POL-100080,2025-04-11,2026-04-11,2,4,15144.26,Active,Independent Broker
POL-100081,2025-02-13,2026-02-13,1,1,20359.35,Active,Corporate Intermediary
POL-100082,2024-04-19,2025-04-19,5,2,87202.99,Active,Independent Broker
POL-100083,2025-04-20,2026-04-20,1,3,13686.85,Active,Independent Broker
POL-100084,2025-04-20,2026-04-20,4,3,317033.65,Active,Affinity Partner
POL-100085,2025-03-29,2026-03-29,4,6,293544.97,Active,Affinity Partner
POL-100086,2025-04-01,2026-04-01,1,6,23728.52,Active,Corporate Intermediary
POL-100087,2024-10-10,2025-10-10,5,7,138620.97,Active,Direct Digital
POL-100088,2024-03-20,2025-03-20,5,1,89863.91,Active,Corporate Intermediary
POL-100089,2024-03-23,2025-03-23,1,1,13392.69,Active,Independent Broker
POL-100090,2024-03-06,2025-03-06,2,2,11766.16,Active,Direct Digital
POL-100091,2025-03-06,2026-03-06,2,7,15260.3,Active,Corporate Intermediary
POL-100092,2025-01-24,2026-01-24,3,1,153243.52,Active,Independent Broker
POL-100093,2025-03-05,2026-03-05,3,6,128686.82,Active,Corporate Intermediary
POL-100094,2025-05-14,2026-05-14,1,1,16747.71,Active,Independent Broker
POL-100095,2025-02-18,2026-02-18,5,1,192885.96,Lapsed,Affinity Partner
POL-100096,2024-01-28,2025-01-27,2,3,14988.61,Active,Independent Broker
POL-100097,2024-05-18,2025-05-18,2,1,7893.93,Active,Direct Digital
POL-100098,2024-11-30,2025-11-30,2,7,19339.03,Active,Affinity Partner
POL-100099,2025-03-07,2026-03-07,1,1,17313.03,Active,Direct Digital
POL-100100,2024-12-24,2025-12-24,1,4,10725.34,Lapsed,Direct Digital
POL-100101,2024-02-01,2025-01-31,1,1,23363.35,Active,Direct Digital
POL-100102,2025-04-29,2026-04-29,4,1,213172.55,Active,Independent Broker
POL-100103,2025-01-12,2026-01-12,1,3,19558.86,Active,Direct Digital
POL-100104,2024-06-16,2025-06-16,2,1,15185.85,Lapsed,Independent Broker
POL-100105,2025-01-19,2026-01-19,2,6,9936.95,Active,Corporate Intermediary
POL-100106,2024-09-05,2025-09-05,1,5,22268.69,Active,Independent Broker
POL-100107,2024-05-03,2025-05-03,3,1,82970.04,Active,Independent Broker
POL-100108,2025-06-02,2026-06-02,4,2,78099.78,Active,Independent Broker
POL-100109,2025-03-19,2026-03-19,2,4,19503.74,Active,Direct Digital
POL-100110,2024-06-29,2025-06-29,5,3,214130.53,Active,Corporate Intermediary
POL-100111,2025-05-10,2026-05-10,2,2,18595.14,Active,Independent Broker
POL-100112,2024-09-08,2025-09-08,1,1,24058.75,Active,Independent Broker
POL-100113,2025-01-23,2026-01-23,2,1,14021.43,Active,Independent Broker
POL-100114,2024-12-29,2025-12-29,1,2,14186.4,Active,Corporate Intermediary
POL-100115,2024-01-11,2025-01-10,3,1,52102.33,Active,Independent Broker
POL-100116,2024-09-03,2025-09-03,4,2,233246.21,Active,Corporate Intermediary
POL-100117,2024-04-05,2025-04-05,2,1,12780.74,Active,Independent Broker
POL-100118,2025-01-12,2026-01-12,3,3,104648.79,Active,Independent Broker
POL-100119,2024-12-04,2025-12-04,2,5,13461.68,Active,Direct Digital
POL-100120,2024-07-16,2025-07-16,2,1,17451.76,Lapsed,Independent Broker
POL-100121,2024-07-15,2025-07-15,1,6,17540.86,Active,Affinity Partner
POL-100122,2025-06-21,2026-06-21,4,1,315225.1,Active,Direct Digital
POL-100123,2025-01-04,2026-01-04,1,1,9832.03,Active,Direct Digital
POL-100124,2024-02-25,2025-02-24,3,1,124295.25,Active,Corporate Intermediary
POL-100125,2025-05-17,2026-05-17,1,1,19014.65,Active,Independent Broker
POL-100126,2024-07-07,2025-07-07,1,1,25033.44,Active,Corporate Intermediary
POL-100127,2025-02-14,2026-02-14,3,1,110088.5,Active,Direct Digital
POL-100128,2024-11-07,2025-11-07,1,1,11542.61,Active,Independent Broker
POL-100129,2024-08-19,2025-08-19,5,3,114664.26,Lapsed,Direct Digital
POL-100130,2025-03-15,2026-03-15,2,3,15770.18,Active,Independent Broker
POL-100131,2024-07-31,2025-07-31,4,1,139838.3,Active,Direct Digital
POL-100132,2024-03-17,2025-03-17,1,1,16299.69,Active,Independent Broker
POL-100133,2024-02-03,2025-02-02,1,1,21194.08,Active,Independent Broker
POL-100134,2024-08-27,2025-08-27,1,4,19272.55,Active,Direct Digital
POL-100135,2024-04-27,2025-04-27,3,1,118420.9,Lapsed,Corporate Intermediary
POL-100136,2024-03-14,2025-03-14,1,1,22599.11,Active,Corporate Intermediary
POL-100137,2024-10-22,2025-10-22,2,1,13668.03,Active,Independent Broker
POL-100138,2024-10-05,2025-10-05,3,3,100267.84,Active,Direct Digital
POL-100139,2025-03-18,2026-03-18,5,2,152631.32,Active,Direct Digital
POL-100140,2024-01-22,2025-01-21,5,5,189641.61,Active,Corporate Intermediary
POL-100141,2024-06-28,2025-06-28,3,3,118878.12,Lapsed,Direct Digital
POL-100142,2025-03-22,2026-03-22,4,3,312418.53,Active,Independent Broker
POL-100143,2024-11-24,2025-11-24,4,1,285144.61,Active,Independent Broker
POL-100144,2024-10-22,2025-10-22,4,2,274323.68,Active,Independent Broker
POL-100145,2024-11-18,2025-11-18,1,2,11501.11,Active,Corporate Intermediary
POL-100146,2024-01-02,2025-01-01,4,3,188184.2,Active,Independent Broker
POL-100147,2025-05-25,2026-05-25,4,2,261197.68,Active,Independent Broker
POL-100148,2024-10-21,2025-10-21,2,5,13889.02,Active,Independent Broker
POL-100149,2024-09-02,2025-09-02,5,1,102827.52,Active,Independent Broker
POL-100150,2024-08-18,2025-08-18,1,2,25131.8,Active,Direct Digital
POL-100151,2024-10-25,2025-10-25,3,5,74264.14,Active,Affinity Partner
POL-100152,2024-09-06,2025-09-06,2,3,9196.06,Active,Independent Broker
POL-100153,2024-05-19,2025-05-19,1,1,22271.87,Active,Independent Broker
POL-100154,2025-06-03,2026-06-03,1,1,14238.56,Active,Independent Broker
POL-100155,2025-05-16,2026-05-16,1,2,18432.72,Active,Independent Broker
POL-100156,2025-01-21,2026-01-21,2,2,19200.5,Cancelled,Direct Digital
POL-100157,2025-01-27,2026-01-27,1,7,16336.71,Active,Independent Broker
POL-100158,2025-01-25,2026-01-25,2,4,18135.03,Active,Direct Digital
POL-100159,2024-02-07,2025-02-06,1,3,25431.8,Active,Direct Digital
POL-100160,2025-03-26,2026-03-26,1,3,24531.24,Active,Direct Digital
POL-100161,2024-06-07,2025-06-07,1,2,22417.01,Active,Independent Broker
POL-100162,2025-02-11,2026-02-11,4,1,283682.5,Active,Corporate Intermediary
POL-100163,2025-01-24,2026-01-24,2,4,17118.3,Active,Corporate Intermediary
POL-100164,2024-02-06,2025-02-05,4,1,132518.71,Active,Direct Digital
POL-100165,2024-08-20,2025-08-20,5,1,123775.15,Active,Independent Broker
POL-100166,2024-04-12,2025-04-12,2,1,16777.22,Lapsed,Direct Digital
POL-100167,2024-02-27,2025-02-26,2,2,12372.81,Active,Independent Broker
POL-100168,2024-07-03,2025-07-03,1,1,10895.08,Active,Independent Broker
POL-100169,2024-09-03,2025-09-03,3,3,58887.89,Active,Direct Digital
POL-100170,2024-09-18,2025-09-18,4,1,295232.59,Active,Direct Digital
POL-100171,2024-06-10,2025-06-10,1,2,25101.86,Cancelled,Direct Digital
POL-100172,2025-03-10,2026-03-10,4,1,186924.77,Active,Affinity Partner
POL-100173,2025-05-09,2026-05-09,1,1,15854.37,Active,Direct Digital
POL-100174,2024-10-29,2025-10-29,1,4,16091.21,Active,Corporate Intermediary
POL-100175,2024-02-20,2025-02-19,4,6,196698.19,Lapsed,Direct Digital
POL-100176,2024-08-23,2025-08-23,4,2,128656.11,Active,Direct Digital
POL-100177,2024-05-20,2025-05-20,4,1,296333.91,Active,Independent Broker
POL-100178,2025-03-27,2026-03-27,1,3,15583.72,Active,Affinity Partner
POL-100179,2024-11-30,2025-11-30,5,2,79858.81,Active,Independent Broker
POL-100180,2025-01-09,2026-01-09,3,3,149791.46,Active,Direct Digital
POL-100181,2025-05-08,2026-05-08,2,6,19211.48,Active,Independent Broker
POL-100182,2024-03-18,2025-03-18,1,7,25450.6,Active,Independent Broker
POL-100183,2025-02-10,2026-02-10,3,2,52655.74,Active,Direct Digital
POL-100184,2024-05-06,2025-05-06,2,2,16485.03,Active,Independent Broker
POL-100185,2025-01-15,2026-01-15,1,5,13434.68,Active,Corporate Intermediary
POL-100186,2024-12-01,2025-12-01,4,1,233674.83,Active,Independent Broker
POL-100187,2024-11-05,2025-11-05,4,2,103585.6,Active,Direct Digital
POL-100188,2025-05-19,2026-05-19,1,1,13450.72,Active,Independent Broker
POL-100189,2025-01-14,2026-01-14,4,6,245638.58,Active,Independent Broker
POL-100190,2024-06-07,2025-06-07,2,4,8566.5,Active,Independent Broker
POL-100191,2024-10-13,2025-10-13,1,5,15676.69,Active,Affinity Partner
POL-100192,2025-01-06,2026-01-06,1,5,15624.29,Lapsed,Independent Broker
POL-100193,2024-03-03,2025-03-03,2,1,9819.36,Active,Corporate Intermediary
POL-100194,2025-04-10,2026-04-10,1,4,13078.54,Active,Affinity Partner
POL-100195,2024-02-21,2025-02-20,2,1,20845.73,Active,Direct Digital
POL-100196,2024-07-31,2025-07-31,4,1,274197.98,Active,Corporate Intermediary
POL-100197,2024-01-03,2025-01-02,2,1,20827.88,Active,Corporate Intermediary
POL-100198,2024-04-22,2025-04-22,4,1,107291.79,Active,Corporate Intermediary
POL-100199,2024-11-27,2025-11-27,1,1,13952.03,Active,Independent Broker
POL-100200,2024-04-26,2025-04-26,5,1,130961.81,Active,Independent Broker
POL-100201,2024-04-21,2025-04-21,2,3,10257.39,Active,Independent Broker
POL-100202,2025-06-17,2026-06-17,2,2,16078.1,Active,Affinity Partner
POL-100203,2025-02-15,2026-02-15,2,5,8689.87,Active,Independent Broker
POL-100204,2024-03-23,2025-03-23,2,3,9247.01,Active,Independent Broker
POL-100205,2024-11-28,2025-11-28,2,3,14521.68,Active,Independent Broker
POL-100206,2024-04-11,2025-04-11,4,1,283934.22,Active,Corporate Intermediary
POL-100207,2024-08-08,2025-08-08,2,2,19455.66,Active,Corporate Intermediary
POL-100208,2025-02-12,2026-02-12,2,6,8512.18,Active,Independent Broker
POL-100209,2025-01-18,2026-01-18,1,5,24736.95,Active,Corporate Intermediary
POL-100210,2024-04-05,2025-04-05,2,1,17475.33,Active,Direct Digital
POL-100211,2024-03-02,2025-03-02,4,3,212612.43,Active,Independent Broker
POL-100212,2025-03-09,2026-03-09,5,1,214627.77,Active,Independent Broker
POL-100213,2025-06-03,2026-06-03,1,1,20370.48,Active,Direct Digital
POL-100214,2025-01-11,2026-01-11,1,7,14168.52,Active,Independent Broker
POL-100215,2024-01-27,2025-01-26,4,4,278217.89,Active,Direct Digital
POL-100216,2024-11-12,2025-11-12,2,2,7284.26,Active,Independent Broker
POL-100217,2025-02-14,2026-02-14,1,1,21751.89,Cancelled,Direct Digital
POL-100218,2024-08-08,2025-08-08,2,2,13460.31,Active,Independent Broker
POL-100219,2024-11-28,2025-11-28,5,3,151358.04,Lapsed,Direct Digital
POL-100220,2024-02-20,2025-02-19,4,1,141665.2,Active,Independent Broker
POL-100221,2025-03-28,2026-03-28,2,1,10174.85,Active,Independent Broker
POL-100222,2024-04-23,2025-04-23,2,5,16563.11,Active,Independent Broker
POL-100223,2024-02-16,2025-02-15,1,2,25744.91,Active,Direct Digital
POL-100224,2024-08-04,2025-08-04,5,1,179907.35,Active,Direct Digital
POL-100225,2025-05-24,2026-05-24,5,2,79868.12,Active,Independent Broker
POL-100226,2025-05-27,2026-05-27,3,4,137131.62,Active,Corporate Intermediary
POL-100227,2024-02-13,2025-02-12,2,1,13544.61,Active,Independent Broker
POL-100228,2025-03-15,2026-03-15,3,2,125720.88,Active,Direct Digital
POL-100229,2024-01-22,2025-01-21,2,1,18258.25,Active,Corporate Intermediary
POL-100230,2025-01-05,2026-01-05,1,2,23449.54,Active,Independent Broker
POL-100231,2025-06-20,2026-06-20,1,2,23876.6,Active,Direct Digital
POL-100232,2024-06-21,2025-06-21,1,3,19984.88,Active,Direct Digital
POL-100233,2024-12-23,2025-12-23,2,6,20423.48,Active,Direct Digital
POL-100234,2024-04-15,2025-04-15,1,1,12835.26,Active,Corporate Intermediary
POL-100235,2024-03-18,2025-03-18,1,7,19898.36,Active,Independent Broker
POL-100236,2025-04-04,2026-04-04,4,3,232533.0,Cancelled,Independent Broker
POL-100237,2024-11-19,2025-11-19,1,2,10719.89,Active,Independent Broker
POL-100238,2024-10-08,2025-10-08,4,1,161225.84,Active,Independent Broker
POL-100239,2024-02-08,2025-02-07,1,2,23239.82,Active,Corporate Intermediary
POL-100240,2024-04-02,2025-04-02,4,3,199231.62,Active,Independent Broker
POL-100241,2024-02-12,2025-02-11,2,3,16195.36,Active,Independent Broker
POL-100242,2024-06-03,2025-06-03,1,2,11297.43,Lapsed,Independent Broker
POL-100243,2024-03-27,2025-03-27,3,4,62361.95,Active,Independent Broker
POL-100244,2025-03-25,2026-03-25,3,3,113957.04,Active,Affinity Partner
POL-100245,2025-01-31,2026-01-31,2,7,11869.47,Active,Corporate Intermediary
POL-100246,2024-12-08,2025-12-08,1,2,11149.9,Active,Direct Digital
POL-100247,2024-06-02,2025-06-02,2,1,15241.81,Active,Independent Broker
POL-100248,2025-02-05,2026-02-05,1,3,21224.88,Active,Independent Broker
POL-100249,2024-12-02,2025-12-02,1,4,21126.43,Lapsed,Affinity Partner
POL-100250,2025-06-23,2026-06-23,1,4,20595.48,Active,Direct Digital
POL-100251,2024-11-12,2025-11-12,1,1,15204.41,Active,Direct Digital
POL-100252,2024-05-20,2025-05-20,1,1,14450.99,Active,Independent Broker
POL-100253,2025-06-23,2026-06-23,1,4,15122.94,Active,Direct Digital
POL-100254,2025-01-20,2026-01-20,1,1,12565.87,Active,Independent Broker
POL-100255,2024-06-18,2025-06-18,5,2,57427.71,Active,Independent Broker
POL-100256,2025-03-30,2026-03-30,4,1,259335.84,Active,Direct Digital
POL-100257,2024-09-01,2025-09-01,2,2,19674.85,Active,Independent Broker
POL-100258,2025-03-27,2026-03-27,2,7,11088.45,Active,Independent Broker
POL-100259,2024-06-14,2025-06-14,1,3,11869.74,Active,Independent Broker
POL-100260,2025-01-15,2026-01-15,3,1,125945.32,Active,Direct Digital
POL-100261,2024-03-26,2025-03-26,5,1,96374.52,Lapsed,Direct Digital
POL-100262,2025-03-23,2026-03-23,1,1,22993.93,Lapsed,Affinity Partner
POL-100263,2025-02-28,2026-02-28,1,2,17832.92,Active,Affinity Partner
POL-100264,2025-01-18,2026-01-18,1,1,14826.43,Active,Independent Broker
POL-100265,2024-12-09,2025-12-09,1,1,10228.17,Lapsed,Independent Broker
POL-100266,2024-05-22,2025-05-22,5,5,129748.72,Active,Affinity Partner
POL-100267,2024-01-20,2025-01-19,1,1,23293.39,Active,Independent Broker
POL-100268,2025-06-24,2026-06-24,2,1,17911.18,Active,Direct Digital
POL-100269,2024-09-01,2025-09-01,2,4,18155.81,Active,Direct Digital
POL-100270,2025-05-26,2026-05-26,4,3,79026.66,Active,Direct Digital
POL-100271,2024-05-27,2025-05-27,2,2,7221.59,Active,Independent Broker
POL-100272,2024-07-10,2025-07-10,4,4,95975.42,Cancelled,Direct Digital
POL-100273,2025-06-22,2026-06-22,3,3,134796.66,Active,Direct Digital
POL-100274,2025-04-26,2026-04-26,1,4,15944.85,Active,Independent Broker
POL-100275,2024-12-31,2025-12-31,1,2,13554.47,Active,Direct Digital
POL-100276,2024-12-06,2025-12-06,1,1,15377.7,Active,Independent Broker
POL-100277,2025-04-20,2026-04-20,4,2,229775.28,Active,Direct Digital
POL-100278,2025-04-13,2026-04-13,1,1,12906.09,Active,Corporate Intermediary
POL-100279,2024-11-19,2025-11-19,2,3,12695.49,Active,Independent Broker
POL-100280,2024-02-07,2025-02-06,5,4,82487.58,Active,Corporate Intermediary
POL-100281,2024-12-05,2025-12-05,1,1,22709.22,Active,Independent Broker
POL-100282,2025-03-26,2026-03-26,2,2,20637.39,Active,Independent Broker
POL-100283,2025-06-15,2026-06-15,1,1,21524.13,Active,Independent Broker
POL-100284,2024-07-03,2025-07-03,3,1,79902.95,Active,Independent Broker
POL-100285,2024-11-09,2025-11-09,2,3,17103.75,Active,Independent Broker
POL-100286,2025-04-02,2026-04-02,1,6,23868.61,Active,Affinity Partner
POL-100287,2024-10-08,2025-10-08,4,1,93385.09,Active,Independent Broker
POL-100288,2024-06-12,2025-06-12,1,1,23518.18,Active,Independent Broker
POL-100289,2024-05-09,2025-05-09,1,1,22367.65,Active,Independent Broker
POL-100290,2024-02-03,2025-02-02,4,1,241370.2,Lapsed,Independent Broker
POL-100291,2024-03-19,2025-03-19,3,1,104476.27,Active,Independent Broker
POL-100292,2024-09-12,2025-09-12,1,1,21665.07,Active,Independent Broker
POL-100293,2024-04-30,2025-04-30,1,7,13868.75,Active,Affinity Partner
POL-100294,2024-10-19,2025-10-19,4,3,124043.69,Active,Direct Digital
POL-100295,2024-06-25,2025-06-25,5,2,219534.61,Active,Affinity Partner
POL-100296,2024-11-23,2025-11-23,4,2,248837.42,Active,Direct Digital
POL-100297,2024-11-03,2025-11-03,1,6,21236.85,Active,Direct Digital
POL-100298,2025-01-05,2026-01-05,3,1,56320.77,Active,Direct Digital
POL-100299,2025-05-20,2026-05-20,1,2,18685.95,Active,Corporate Intermediary
POL-100300,2024-05-12,2025-05-12,4,1,91108.29,Active,Independent Broker
POL-100301,2025-05-05,2026-05-05,3,2,132761.42,Active,Direct Digital
POL-100302,2024-11-20,2025-11-20,4,1,185243.75,Active,Independent Broker
POL-100303,2024-07-05,2025-07-05,5,1,123545.11,Lapsed,Direct Digital
POL-100304,2024-05-07,2025-05-07,3,1,77886.7,Active,Affinity Partner
POL-100305,2024-08-18,2025-08-18,2,3,19549.98,Active,Direct Digital
POL-100306,2024-10-08,2025-10-08,1,4,14566.32,Active,Independent Broker
POL-100307,2024-06-21,2025-06-21,4,3,112777.6,Active,Independent Broker
POL-100308,2024-12-11,2025-12-11,3,1,139377.88,Active,Direct Digital
POL-100309,2024-09-28,2025-09-28,4,1,262904.96,Active,Independent Broker
POL-100310,2025-05-24,2026-05-24,4,3,145969.56,Lapsed,Independent Broker
POL-100311,2025-02-19,2026-02-19,2,2,8207.03,Active,Independent Broker
POL-100312,2025-05-10,2026-05-10,2,1,11894.66,Active,Corporate Intermediary
POL-100313,2024-11-22,2025-11-22,5,2,215813.6,Active,Independent Broker
POL-100314,2024-04-18,2025-04-18,2,1,13637.32,Active,Direct Digital
POL-100315,2024-04-09,2025-04-09,1,1,25104.31,Active,Independent Broker
POL-100316,2024-06-12,2025-06-12,2,3,17151.57,Active,Direct Digital
POL-100317,2025-06-11,2026-06-11,2,3,19331.24,Active,Direct Digital
POL-100318,2025-02-06,2026-02-06,3,2,156069.02,Active,Independent Broker
POL-100319,2024-02-21,2025-02-20,2,3,15445.76,Active,Independent Broker
POL-100320,2024-10-19,2025-10-19,3,1,141966.34,Active,Corporate Intermediary
POL-100321,2025-01-09,2026-01-09,5,2,112209.35,Active,Independent Broker
POL-100322,2024-07-18,2025-07-18,2,3,11182.7,Active,Independent Broker
POL-100323,2024-10-13,2025-10-13,4,5,224705.57,Active,Direct Digital
POL-100324,2025-01-17,2026-01-17,2,3,20157.49,Active,Direct Digital
POL-100325,2025-06-05,2026-06-05,2,3,7755.52,Active,Independent Broker
POL-100326,2025-04-30,2026-04-30,3,2,59575.0,Lapsed,Direct Digital
POL-100327,2024-11-22,2025-11-22,1,2,25846.1,Active,Direct Digital
POL-100328,2024-12-10,2025-12-10,3,3,104816.1,Active,Direct Digital
POL-100329,2024-01-18,2025-01-17,2,2,16498.53,Cancelled,Independent Broker
POL-100330,2024-01-28,2025-01-27,4,2,140054.96,Active,Affinity Partner
POL-100331,2024-08-21,2025-08-21,5,1,149198.96,Active,Independent Broker
POL-100332,2025-01-24,2026-01-24,1,5,13572.02,Active,Independent Broker
POL-100333,2024-07-14,2025-07-14,1,2,14744.56,Active,Independent Broker
POL-100334,2025-02-24,2026-02-24,3,7,114154.41,Active,Corporate Intermediary
POL-100335,2024-03-04,2025-03-04,5,1,138176.15,Active,Affinity Partner
POL-100336,2025-05-04,2026-05-04,3,2,79022.81,Active,Affinity Partner
POL-100337,2024-12-16,2025-12-16,3,2,121752.49,Active,Independent Broker
POL-100338,2024-09-27,2025-09-27,4,2,122104.72,Active,Independent Broker
POL-100339,2024-08-18,2025-08-18,2,7,11188.26,Active,Independent Broker
POL-100340,2024-11-20,2025-11-20,3,2,108137.54,Lapsed,Independent Broker
POL-100341,2024-10-21,2025-10-21,1,3,20696.6,Active,Affinity Partner
POL-100342,2024-12-19,2025-12-19,5,1,99376.95,Active,Independent Broker
POL-100343,2024-12-20,2025-12-20,2,4,10738.93,Active,Direct Digital
POL-100344,2024-10-04,2025-10-04,3,5,74051.33,Active,Independent Broker
POL-100345,2024-09-02,2025-09-02,1,1,20585.28,Active,Independent Broker
POL-100346,2024-02-23,2025-02-22,1,2,15016.82,Active,Independent Broker
POL-100347,2024-05-20,2025-05-20,1,3,25637.74,Active,Independent Broker
POL-100348,2025-05-02,2026-05-02,3,4,65535.81,Cancelled,Independent Broker
POL-100349,2024-03-01,2025-03-01,5,1,160890.78,Active,Independent Broker
POL-100350,2024-02-08,2025-02-07,1,2,24068.82,Active,Affinity Partner
POL-100351,2025-02-10,2026-02-10,3,1,152519.83,Cancelled,Affinity Partner
POL-100352,2024-02-08,2025-02-07,1,1,18914.57,Active,Affinity Partner
POL-100353,2024-10-18,2025-10-18,2,4,14697.55,Active,Affinity Partner
POL-100354,2025-05-31,2026-05-31,2,1,9860.8,Active,Direct Digital
POL-100355,2025-04-14,2026-04-14,4,1,251056.55,Active,Independent Broker
POL-100356,2024-10-29,2025-10-29,3,5,131359.36,Active,Corporate Intermediary
POL-100357,2025-02-19,2026-02-19,2,3,11725.39,Active,Direct Digital
POL-100358,2024-05-23,2025-05-23,3,2,152427.4,Active,Independent Broker
POL-100359,2025-04-02,2026-04-02,5,1,212185.92,Active,Independent Broker
POL-100360,2024-01-12,2025-01-11,1,4,15496.65,Active,Independent Broker
POL-100361,2025-04-21,2026-04-21,2,1,12794.75,Active,Corporate Intermediary
POL-100362,2024-11-14,2025-11-14,4,1,231484.27,Lapsed,Independent Broker
POL-100363,2024-08-14,2025-08-14,1,1,17442.18,Active,Affinity Partner
POL-100364,2025-01-17,2026-01-17,2,5,14779.44,Active,Independent Broker
POL-100365,2024-08-11,2025-08-11,5,1,165658.13,Active,Corporate Intermediary
POL-100366,2025-06-22,2026-06-22,2,3,16911.97,Active,Independent Broker
POL-100367,2024-03-04,2025-03-04,3,3,65854.5,Active,Direct Digital
POL-100368,2025-06-16,2026-06-16,2,1,16588.07,Active,Independent Broker
POL-100369,2025-06-06,2026-06-06,2,1,13457.37,Active,Independent Broker
POL-100370,2024-02-29,2025-02-28,3,2,121386.59,Active,Direct Digital
POL-100371,2024-09-17,2025-09-17,1,6,13173.58,Active,Independent Broker
POL-100372,2024-03-06,2025-03-06,3,1,152280.77,Active,Affinity Partner
POL-100373,2024-02-02,2025-02-01,2,2,9683.74,Active,Independent Broker
POL-100374,2025-03-06,2026-03-06,2,2,13389.81,Lapsed,Independent Broker
POL-100375,2024-03-23,2025-03-23,4,4,289265.66,Active,Corporate Intermediary
POL-100376,2024-05-01,2025-05-01,1,3,16046.16,Active,Affinity Partner
POL-100377,2024-01-04,2025-01-03,5,1,216343.42,Active,Independent Broker
POL-100378,2025-03-10,2026-03-10,3,2,139156.53,Active,Independent Broker
POL-100379,2024-10-09,2025-10-09,1,6,22154.03,Active,Independent Broker
POL-100380,2024-01-17,2025-01-16,1,1,10703.57,Active,Independent Broker
POL-100381,2024-02-19,2025-02-18,1,6,10325.48,Active,Independent Broker
POL-100382,2024-02-27,2025-02-26,1,3,25893.13,Active,Affinity Partner
POL-100383,2024-11-22,2025-11-22,3,3,133159.51,Active,Direct Digital
POL-100384,2024-05-26,2025-05-26,4,3,129155.47,Active,Direct Digital
POL-100385,2024-06-28,2025-06-28,4,5,179664.14,Active,Affinity Partner
POL-100386,2025-01-25,2026-01-25,3,2,124164.39,Active,Direct Digital
POL-100387,2024-07-07,2025-07-07,5,3,130498.2,Active,Independent Broker
POL-100388,2024-05-27,2025-05-27,2,1,14960.93,Cancelled,Independent Broker
POL-100389,2024-05-17,2025-05-17,2,1,10718.94,Active,Direct Digital
POL-100390,2025-04-05,2026-04-05,2,1,14591.77,Active,Direct Digital
POL-100391,2025-01-21,2026-01-21,4,3,222715.9,Active,Direct Digital
POL-100392,2024-08-10,2025-08-10,3,1,144597.91,Active,Affinity Partner
POL-100393,2024-01-16,2025-01-15,1,1,25378.07,Active,Affinity Partner
POL-100394,2025-05-05,2026-05-05,1,5,19512.19,Active,Affinity Partner
POL-100395,2024-11-25,2025-11-25,5,1,114712.5,Active,Independent Broker
POL-100396,2024-09-24,2025-09-24,2,3,19382.8,Active,Corporate Intermediary
POL-100397,2025-04-25,2026-04-25,5,2,205436.18,Active,Independent Broker
POL-100398,2024-08-14,2025-08-14,5,1,52757.38,Active,Independent Broker
POL-100399,2025-03-03,2026-03-03,2,1,9907.45,Active,Independent Broker
POL-100400,2024-09-08,2025-09-08,3,3,119243.74,Active,Direct Digital
POL-100401,2025-05-15,2026-05-15,5,4,175731.0,Active,Independent Broker
POL-100402,2024-12-26,2025-12-26,1,1,21413.14,Active,Affinity Partner
POL-100403,2024-03-01,2025-03-01,3,1,141010.08,Active,Corporate Intermediary
POL-100404,2024-02-19,2025-02-18,5,1,120106.68,Active,Direct Digital
POL-100405,2024-06-03,2025-06-03,1,1,17894.02,Active,Independent Broker
POL-100406,2025-05-09,2026-05-09,4,3,78854.28,Active,Independent Broker
POL-100407,2024-01-18,2025-01-17,3,6,74419.41,Cancelled,Direct Digital
POL-100408,2025-03-16,2026-03-16,1,1,24656.0,Active,Direct Digital
POL-100409,2025-06-23,2026-06-23,1,2,13984.13,Active,Independent Broker
POL-100410,2025-02-19,2026-02-19,2,3,10556.27,Active,Direct Digital
POL-100411,2024-03-23,2025-03-23,4,4,261098.53,Active,Independent Broker
POL-100412,2025-05-02,2026-05-02,1,4,9754.98,Active,Independent Broker
POL-100413,2025-03-20,2026-03-20,4,2,213634.87,Active,Direct Digital
POL-100414,2025-06-24,2026-06-24,1,1,13067.24,Active,Corporate Intermediary
POL-100415,2025-05-01,2026-05-01,1,1,24756.21,Active,Direct Digital
POL-100416,2024-02-03,2025-02-02,1,2,9856.79,Active,Direct Digital
POL-100417,2025-02-11,2026-02-11,1,1,12264.18,Active,Corporate Intermediary
POL-100418,2025-02-02,2026-02-02,4,3,156273.81,Active,Direct Digital
POL-100419,2024-03-21,2025-03-21,3,6,156970.15,Active,Independent Broker
POL-100420,2024-03-18,2025-03-18,2,3,17812.28,Lapsed,Independent Broker
POL-100421,2024-11-30,2025-11-30,1,4,14082.56,Cancelled,Independent Broker
POL-100422,2024-12-30,2025-12-30,3,2,92958.06,Active,Independent Broker
POL-100423,2024-03-28,2025-03-28,5,4,100214.51,Active,Direct Digital
POL-100424,2024-10-01,2025-10-01,1,2,21271.51,Active,Independent Broker
POL-100425,2024-11-20,2025-11-20,2,1,8462.98,Lapsed,Independent Broker
POL-100426,2024-10-03,2025-10-03,1,1,11031.67,Active,Independent Broker
POL-100427,2025-06-08,2026-06-08,2,1,7562.41,Active,Direct Digital
POL-100428,2024-11-28,2025-11-28,2,1,11227.49,Active,Direct Digital
POL-100429,2024-09-05,2025-09-05,3,3,62010.78,Active,Direct Digital
POL-100430,2024-11-04,2025-11-04,1,3,11993.33,Active,Direct Digital
POL-100431,2024-11-02,2025-11-02,3,1,84612.74,Lapsed,Independent Broker
POL-100432,2025-05-22,2026-05-22,4,4,122909.32,Active,Independent Broker
POL-100433,2025-02-09,2026-02-09,2,4,12442.48,Active,Independent Broker
POL-100434,2025-03-16,2026-03-16,4,3,108350.5,Active,Affinity Partner
POL-100435,2024-07-24,2025-07-24,3,2,62961.2,Active,Independent Broker
POL-100436,2025-05-17,2026-05-17,3,1,80454.58,Active,Corporate Intermediary
POL-100437,2025-01-08,2026-01-08,1,3,12876.72,Cancelled,Direct Digital
POL-100438,2024-01-28,2025-01-27,5,2,210305.74,Active,Corporate Intermediary
POL-100439,2024-03-11,2025-03-11,2,5,14090.38,Active,Direct Digital
POL-100440,2024-06-06,2025-06-06,5,2,184143.05,Active,Affinity Partner
POL-100441,2025-05-05,2026-05-05,3,2,105055.35,Lapsed,Corporate Intermediary
POL-100442,2025-03-04,2026-03-04,3,1,135305.07,Active,Corporate Intermediary
POL-100443,2024-03-28,2025-03-28,1,7,13670.99,Active,Direct Digital
POL-100444,2024-02-15,2025-02-14,3,4,121941.68,Active,Corporate Intermediary
POL-100445,2025-03-16,2026-03-16,1,1,11217.15,Active,Independent Broker
POL-100446,2024-08-14,2025-08-14,2,2,12597.65,Active,Independent Broker
POL-100447,2025-05-27,2026-05-27,1,2,25962.32,Active,Direct Digital
POL-100448,2024-03-28,2025-03-28,1,6,11923.47,Active,Independent Broker
POL-100449,2024-07-30,2025-07-30,3,2,83099.44,Active,Independent Broker
POL-100450,2025-04-08,2026-04-08,2,1,11343.64,Active,Direct Digital
POL-100451,2024-12-17,2025-12-17,4,1,240899.14,Active,Affinity Partner
POL-100452,2024-09-06,2025-09-06,3,1,107125.41,Active,Independent Broker
POL-100453,2025-04-18,2026-04-18,1,2,19928.07,Active,Independent Broker
POL-100454,2025-02-09,2026-02-09,1,6,19671.35,Active,Independent Broker
POL-100455,2025-02-02,2026-02-02,1,5,13122.66,Active,Independent Broker
POL-100456,2024-03-05,2025-03-05,3,1,136341.28,Active,Independent Broker
POL-100457,2024-07-20,2025-07-20,2,1,10820.48,Active,Independent Broker
POL-100458,2024-11-16,2025-11-16,4,2,224770.56,Active,Independent Broker
POL-100459,2025-04-13,2026-04-13,4,1,274365.87,Active,Direct Digital
POL-100460,2024-03-27,2025-03-27,4,1,151730.51,Active,Direct Digital
POL-100461,2025-01-17,2026-01-17,4,1,200152.09,Active,Direct Digital
POL-100462,2025-01-27,2026-01-27,2,1,13916.05,Active,Affinity Partner
POL-100463,2024-06-26,2025-06-26,3,1,99777.76,Active,Independent Broker
POL-100464,2025-04-06,2026-04-06,4,1,287052.95,Lapsed,Independent Broker
POL-100465,2024-07-18,2025-07-18,2,3,14175.04,Active,Independent Broker
POL-100466,2025-03-01,2026-03-01,5,2,133078.92,Active,Direct Digital
POL-100467,2024-08-13,2025-08-13,2,1,10992.97,Active,Direct Digital
POL-100468,2025-04-13,2026-04-13,3,6,133160.62,Active,Independent Broker
POL-100469,2024-04-26,2025-04-26,1,7,18506.94,Cancelled,Independent Broker
POL-100470,2024-02-12,2025-02-11,5,6,125032.32,Active,Independent Broker
POL-100471,2024-09-10,2025-09-10,2,1,13406.31,Active,Corporate Intermediary
POL-100472,2025-03-25,2026-03-25,1,7,22914.98,Active,Independent Broker
POL-100473,2024-12-25,2025-12-25,5,4,157571.01,Active,Direct Digital
POL-100474,2024-07-30,2025-07-30,1,1,18949.22,Active,Independent Broker
POL-100475,2024-06-21,2025-06-21,2,5,11238.36,Active,Affinity Partner
POL-100476,2025-06-10,2026-06-10,4,1,108219.28,Active,Independent Broker
POL-100477,2024-03-01,2025-03-01,2,4,8951.06,Active,Direct Digital
POL-100478,2024-11-25,2025-11-25,1,7,23434.31,Active,Direct Digital
POL-100479,2024-10-02,2025-10-02,4,2,166917.22,Active,Corporate Intermediary
POL-100480,2024-04-05,2025-04-05,2,3,17547.27,Active,Corporate Intermediary
POL-100481,2025-04-10,2026-04-10,3,2,110670.75,Active,Corporate Intermediary
POL-100482,2024-04-05,2025-04-05,5,2,157922.89,Active,Corporate Intermediary
POL-100483,2025-02-11,2026-02-11,1,2,23127.5,Active,Independent Broker
POL-100484,2024-10-17,2025-10-17,2,3,15175.48,Active,Independent Broker
POL-100485,2024-12-17,2025-12-17,4,7,86860.27,Active,Corporate Intermediary
POL-100486,2025-04-15,2026-04-15,1,1,24842.7,Active,Independent Broker
POL-100487,2025-03-14,2026-03-14,1,5,24514.28,Lapsed,Independent Broker
POL-100488,2024-10-07,2025-10-07,1,4,15511.14,Active,Independent Broker
POL-100489,2024-06-18,2025-06-18,1,2,19859.91,Active,Corporate Intermediary
POL-100490,2025-03-15,2026-03-15,4,1,247406.02,Active,Independent Broker
POL-100491,2024-05-15,2025-05-15,4,1,202263.84,Active,Direct Digital
POL-100492,2024-12-17,2025-12-17,1,2,20982.11,Active,Direct Digital
POL-100493,2024-04-01,2025-04-01,5,1,67544.26,Active,Direct Digital
POL-100494,2025-01-26,2026-01-26,5,7,198664.54,Active,Independent Broker
POL-100495,2024-03-11,2025-03-11,3,3,43000.02,Active,Independent Broker
POL-100496,2024-08-06,2025-08-06,4,6,112086.66,Active,Independent Broker
POL-100497,2024-08-10,2025-08-10,1,1,11896.22,Active,Independent Broker
POL-100498,2024-12-25,2025-12-25,2,2,18116.86,Active,Independent Broker
POL-100499,2024-09-11,2025-09-11,3,3,112800.93,Active,Corporate Intermediary
POL-100500,2024-01-28,2025-01-27,4,1,125334.2,Active,Direct Digital
POL-100501,2025-02-05,2026-02-05,2,4,7953.05,Lapsed,Affinity Partner
POL-100502,2025-05-21,2026-05-21,2,1,10526.93,Active,Direct Digital
POL-100503,2024-01-13,2025-01-12,2,2,9021.36,Active,Independent Broker
POL-100504,2025-01-09,2026-01-09,3,5,62386.9,Active,Affinity Partner
POL-100505,2024-03-15,2025-03-15,1,3,10707.53,Active,Direct Digital
POL-100506,2024-03-02,2025-03-02,2,3,11153.53,Active,Corporate Intermediary
POL-100507,2025-03-09,2026-03-09,4,2,95194.81,Active,Independent Broker
POL-100508,2024-10-11,2025-10-11,1,1,10895.95,Lapsed,Affinity Partner
POL-100509,2024-06-08,2025-06-08,3,2,88106.32,Active,Corporate Intermediary
POL-100510,2024-03-08,2025-03-08,2,5,13237.31,Lapsed,Direct Digital
POL-100511,2024-09-07,2025-09-07,1,2,11502.18,Active,Direct Digital
POL-100512,2024-06-28,2025-06-28,1,1,21209.57,Active,Direct Digital
POL-100513,2024-12-21,2025-12-21,3,3,134392.48,Active,Direct Digital
POL-100514,2024-05-09,2025-05-09,5,7,198488.21,Active,Direct Digital
POL-100515,2024-01-31,2025-01-30,2,2,10953.33,Active,Independent Broker
POL-100516,2024-03-19,2025-03-19,3,2,102272.26,Active,Corporate Intermediary
POL-100517,2024-06-19,2025-06-19,2,1,10720.6,Active,Independent Broker
POL-100518,2024-04-28,2025-04-28,1,6,17944.73,Active,Corporate Intermediary
POL-100519,2024-09-07,2025-09-07,1,2,15569.21,Lapsed,Direct Digital
POL-100520,2024-02-06,2025-02-05,3,6,129398.57,Active,Independent Broker
POL-100521,2025-03-02,2026-03-02,5,2,96113.85,Active,Independent Broker
POL-100522,2025-05-29,2026-05-29,4,1,118939.37,Active,Affinity Partner
POL-100523,2025-02-14,2026-02-14,1,2,23802.93,Active,Independent Broker
POL-100524,2024-03-29,2025-03-29,3,2,42940.36,Active,Independent Broker
POL-100525,2024-11-07,2025-11-07,5,4,91239.28,Active,Affinity Partner
POL-100526,2024-07-19,2025-07-19,5,3,179281.98,Active,Direct Digital
POL-100527,2025-02-23,2026-02-23,1,1,18481.34,Active,Independent Broker
POL-100528,2024-01-10,2025-01-09,2,1,17673.22,Active,Independent Broker
POL-100529,2024-11-10,2025-11-10,1,1,18288.96,Active,Independent Broker
POL-100530,2024-03-02,2025-03-02,1,6,14189.13,Active,Direct Digital
POL-100531,2025-06-16,2026-06-16,2,5,19558.98,Active,Independent Broker
POL-100532,2024-04-07,2025-04-07,3,1,117191.45,Active,Independent Broker
POL-100533,2024-03-04,2025-03-04,2,4,20506.21,Active,Direct Digital
POL-100534,2024-11-18,2025-11-18,2,5,18680.22,Active,Independent Broker
POL-100535,2024-08-27,2025-08-27,1,1,11832.23,Active,Direct Digital
POL-100536,2024-04-18,2025-04-18,1,2,17243.3,Active,Independent Broker
POL-100537,2024-07-31,2025-07-31,2,1,13594.18,Active,Direct Digital
POL-100538,2024-11-07,2025-11-07,5,5,152561.42,Active,Corporate Intermediary
POL-100539,2024-05-31,2025-05-31,1,6,13670.79,Active,Independent Broker
POL-100540,2024-11-02,2025-11-02,1,1,10109.75,Active,Independent Broker
POL-100541,2024-09-12,2025-09-12,1,2,11271.28,Active,Direct Digital
POL-100542,2024-03-04,2025-03-04,5,1,72221.59,Active,Independent Broker
POL-100543,2024-03-27,2025-03-27,3,3,72540.84,Active,Direct Digital
POL-100544,2024-03-07,2025-03-07,1,4,16872.27,Active,Affinity Partner
POL-100545,2024-12-05,2025-12-05,1,1,25053.4,Active,Affinity Partner
POL-100546,2025-03-19,2026-03-19,5,2,134341.49,Active,Independent Broker
POL-100547,2024-12-28,2025-12-28,1,1,14109.7,Active,Direct Digital
POL-100548,2024-09-08,2025-09-08,4,1,197228.44,Lapsed,Independent Broker
POL-100549,2024-03-30,2025-03-30,2,2,9093.86,Active,Corporate Intermediary
POL-100550,2025-06-22,2026-06-22,1,4,25903.03,Active,Direct Digital
POL-100551,2025-01-26,2026-01-26,5,2,131546.35,Active,Independent Broker
POL-100552,2025-05-29,2026-05-29,2,2,10932.01,Active,Independent Broker
POL-100553,2024-01-31,2025-01-30,5,1,59960.51,Cancelled,Independent Broker
POL-100554,2024-08-26,2025-08-26,1,1,13664.86,Active,Independent Broker
POL-100555,2024-02-27,2025-02-26,5,1,147867.66,Cancelled,Independent Broker
POL-100556,2024-06-26,2025-06-26,1,1,19317.32,Active,Independent Broker
POL-100557,2024-01-29,2025-01-28,5,5,109785.97,Active,Direct Digital
POL-100558,2024-07-11,2025-07-11,3,3,78468.26,Active,Direct Digital
POL-100559,2024-08-26,2025-08-26,4,1,79882.36,Active,Independent Broker
POL-100560,2024-07-25,2025-07-25,1,2,21357.78,Lapsed,Corporate Intermediary
POL-100561,2024-11-27,2025-11-27,1,1,12022.48,Active,Direct Digital
POL-100562,2024-04-23,2025-04-23,3,2,155345.93,Active,Affinity Partner
POL-100563,2025-02-09,2026-02-09,4,1,157457.46,Active,Affinity Partner
POL-100564,2025-03-23,2026-03-23,4,3,234049.17,Active,Affinity Partner
POL-100565,2024-12-31,2025-12-31,1,4,19258.78,Active,Independent Broker
POL-100566,2024-10-28,2025-10-28,1,1,21552.83,Lapsed,Affinity Partner
POL-100567,2025-02-04,2026-02-04,5,3,55505.07,Active,Affinity Partner
POL-100568,2024-08-14,2025-08-14,4,3,100507.01,Active,Independent Broker
POL-100569,2024-03-20,2025-03-20,1,2,25711.03,Active,Corporate Intermediary
POL-100570,2024-03-31,2025-03-31,5,4,158647.46,Lapsed,Independent Broker
POL-100571,2024-09-28,2025-09-28,1,1,20968.09,Active,Corporate Intermediary
POL-100572,2024-01-02,2025-01-01,1,2,16786.81,Active,Direct Digital
POL-100573,2025-02-27,2026-02-27,3,2,83445.28,Active,Corporate Intermediary
POL-100574,2024-08-18,2025-08-18,1,2,10808.83,Active,Direct Digital
POL-100575,2024-11-22,2025-11-22,1,1,10816.89,Active,Independent Broker
POL-100576,2024-03-17,2025-03-17,3,1,81878.17,Cancelled,Corporate Intermediary
POL-100577,2024-02-01,2025-01-31,2,4,9476.96,Lapsed,Direct Digital
POL-100578,2024-04-13,2025-04-13,2,1,20646.7,Active,Independent Broker
POL-100579,2024-09-28,2025-09-28,4,1,147863.16,Active,Independent Broker
POL-100580,2025-05-17,2026-05-17,1,1,15517.59,Active,Direct Digital
POL-100581,2025-05-06,2026-05-06,1,1,10022.07,Active,Direct Digital
POL-100582,2024-03-24,2025-03-24,3,1,78385.7,Active,Independent Broker
POL-100583,2024-09-28,2025-09-28,1,4,18523.67,Active,Corporate Intermediary
POL-100584,2025-01-13,2026-01-13,1,2,10331.72,Active,Direct Digital
POL-100585,2024-10-02,2025-10-02,3,1,59833.42,Active,Direct Digital
POL-100586,2024-12-18,2025-12-18,3,2,156543.25,Active,Independent Broker
POL-100587,2025-01-31,2026-01-31,3,2,155944.07,Active,Affinity Partner
POL-100588,2024-08-29,2025-08-29,3,1,51316.7,Lapsed,Independent Broker
POL-100589,2025-05-29,2026-05-29,3,3,136453.14,Active,Independent Broker
POL-100590,2024-05-03,2025-05-03,5,2,79389.43,Cancelled,Affinity Partner
POL-100591,2024-07-16,2025-07-16,1,1,16543.35,Cancelled,Independent Broker
POL-100592,2024-05-31,2025-05-31,4,1,153338.62,Active,Corporate Intermediary
POL-100593,2024-03-30,2025-03-30,2,3,12683.5,Active,Direct Digital
POL-100594,2025-04-14,2026-04-14,1,5,19818.15,Active,Independent Broker
POL-100595,2025-02-28,2026-02-28,1,1,18892.14,Active,Affinity Partner
POL-100596,2024-04-12,2025-04-12,1,3,22384.53,Active,Corporate Intermediary
POL-100597,2024-12-18,2025-12-18,2,1,12486.0,Active,Independent Broker
POL-100598,2024-02-08,2025-02-07,1,1,16208.77,Active,Independent Broker
POL-100599,2025-02-15,2026-02-15,1,2,24189.02,Active,Direct Digital
POL-100600,2025-05-01,2026-05-01,1,2,9931.82,Active,Independent Broker
POL-100601,2024-10-14,2025-10-14,3,5,122812.54,Cancelled,Direct Digital
POL-100602,2024-11-03,2025-11-03,5,2,181585.25,Active,Independent Broker
POL-100603,2024-04-01,2025-04-01,1,2,13066.8,Active,Independent Broker
POL-100604,2025-06-12,2026-06-12,2,1,14310.72,Active,Independent Broker
POL-100605,2025-06-02,2026-06-02,2,1,17971.13,Active,Independent Broker
POL-100606,2024-06-26,2025-06-26,1,1,23326.42,Active,Independent Broker
POL-100607,2025-01-04,2026-01-04,5,1,96576.17,Active,Independent Broker
POL-100608,2024-05-06,2025-05-06,4,1,134274.83,Active,Independent Broker
POL-100609,2025-04-30,2026-04-30,4,3,160691.18,Active,Corporate Intermediary
POL-100610,2024-04-02,2025-04-02,2,1,12534.61,Active,Independent Broker
POL-100611,2024-08-07,2025-08-07,1,4,13291.84,Active,Independent Broker
POL-100612,2025-06-09,2026-06-09,1,7,25461.07,Active,Independent Broker
POL-100613,2024-05-15,2025-05-15,4,1,222279.78,Active,Direct Digital
POL-100614,2024-11-08,2025-11-08,5,5,159265.85,Active,Independent Broker
POL-100615,2024-12-23,2025-12-23,2,1,10211.28,Active,Independent Broker
POL-100616,2025-02-10,2026-02-10,3,1,42867.01,Cancelled,Affinity Partner
POL-100617,2025-01-18,2026-01-18,3,4,112065.16,Active,Independent Broker
POL-100618,2025-05-08,2026-05-08,1,2,25809.12,Active,Corporate Intermediary
POL-100619,2024-09-24,2025-09-24,4,6,308286.01,Active,Direct Digital
POL-100620,2025-06-13,2026-06-13,5,1,202946.8,Active,Corporate Intermediary
POL-100621,2025-02-17,2026-02-17,4,2,241785.16,Active,Independent Broker
POL-100622,2024-10-29,2025-10-29,1,2,16235.42,Active,Independent Broker
POL-100623,2024-07-13,2025-07-13,2,6,17044.5,Active,Independent Broker
POL-100624,2025-05-02,2026-05-02,4,2,199292.14,Active,Corporate Intermediary
POL-100625,2024-07-04,2025-07-04,2,1,13696.78,Active,Independent Broker
POL-100626,2024-07-06,2025-07-06,4,2,235336.49,Active,Direct Digital
POL-100627,2024-11-10,2025-11-10,2,2,12329.22,Active,Independent Broker
POL-100628,2024-04-30,2025-04-30,3,1,144234.42,Active,Affinity Partner
POL-100629,2024-03-13,2025-03-13,3,1,101056.33,Active,Independent Broker
POL-100630,2024-11-01,2025-11-01,2,1,19217.72,Active,Affinity Partner
POL-100631,2024-12-16,2025-12-16,2,3,19521.26,Cancelled,Direct Digital
POL-100632,2024-07-03,2025-07-03,5,1,132888.74,Active,Direct Digital
POL-100633,2024-02-29,2025-02-28,1,2,14085.86,Active,Direct Digital
POL-100634,2024-06-11,2025-06-11,3,7,134010.79,Active,Independent Broker
POL-100635,2025-03-15,2026-03-15,2,2,20521.52,Active,Direct Digital
POL-100636,2024-07-23,2025-07-23,5,2,211511.66,Lapsed,Corporate Intermediary
POL-100637,2024-07-14,2025-07-14,1,5,9667.63,Active,Direct Digital
POL-100638,2024-12-18,2025-12-18,2,1,8617.37,Active,Independent Broker
POL-100639,2024-03-07,2025-03-07,1,1,25154.8,Active,Independent Broker
POL-100640,2025-06-20,2026-06-20,2,2,19454.04,Cancelled,Independent Broker
POL-100641,2025-05-16,2026-05-16,2,7,9800.28,Lapsed,Affinity Partner
POL-100642,2025-02-17,2026-02-17,1,1,13278.87,Cancelled,Direct Digital
POL-100643,2024-01-23,2025-01-22,4,3,116401.26,Active,Independent Broker
POL-100644,2024-02-08,2025-02-07,2,4,10729.89,Active,Direct Digital
POL-100645,2024-02-19,2025-02-18,4,1,235124.07,Active,Independent Broker
POL-100646,2025-03-02,2026-03-02,2,2,8905.61,Active,Independent Broker
POL-100647,2024-07-29,2025-07-29,4,5,229426.28,Active,Independent Broker
POL-100648,2025-06-16,2026-06-16,1,4,19532.4,Active,Corporate Intermediary
POL-100649,2024-04-17,2025-04-17,3,6,114888.36,Active,Corporate Intermediary
POL-100650,2025-05-24,2026-05-24,1,3,12875.89,Active,Independent Broker
POL-100651,2024-07-25,2025-07-25,2,5,12854.64,Active,Independent Broker
POL-100652,2024-07-31,2025-07-31,4,2,155997.89,Active,Independent Broker
POL-100653,2024-04-23,2025-04-23,3,4,100304.28,Lapsed,Corporate Intermediary
POL-100654,2024-03-17,2025-03-17,5,6,67219.38,Active,Direct Digital
POL-100655,2024-10-30,2025-10-30,1,2,10421.32,Active,Corporate Intermediary
POL-100656,2024-10-24,2025-10-24,2,5,11515.36,Active,Direct Digital
POL-100657,2024-02-16,2025-02-15,1,1,20479.02,Active,Independent Broker
POL-100658,2025-03-24,2026-03-24,4,1,290226.51,Active,Corporate Intermediary
POL-100659,2024-07-06,2025-07-06,1,2,16164.1,Active,Corporate Intermediary
POL-100660,2025-05-04,2026-05-04,2,4,19428.51,Active,Direct Digital
POL-100661,2024-03-01,2025-03-01,1,1,16422.85,Active,Corporate Intermediary
POL-100662,2025-03-24,2026-03-24,1,4,15827.91,Active,Direct Digital
POL-100663,2024-05-13,2025-05-13,3,3,55326.62,Active,Direct Digital
POL-100664,2024-09-24,2025-09-24,4,2,78028.25,Active,Independent Broker
POL-100665,2024-08-17,2025-08-17,4,2,202179.42,Active,Independent Broker
POL-100666,2025-03-19,2026-03-19,4,6,135901.36,Active,Independent Broker
POL-100667,2025-01-29,2026-01-29,1,3,24229.81,Active,Direct Digital
POL-100668,2024-06-09,2025-06-09,3,2,142520.8,Active,Direct Digital
POL-100669,2025-05-18,2026-05-18,2,1,11766.35,Active,Independent Broker
POL-100670,2025-01-22,2026-01-22,2,1,8287.86,Active,Independent Broker
POL-100671,2024-03-31,2025-03-31,3,2,79295.26,Cancelled,Independent Broker
POL-100672,2024-01-19,2025-01-18,1,2,16362.35,Active,Direct Digital
POL-100673,2024-04-03,2025-04-03,4,4,231196.84,Lapsed,Independent Broker
POL-100674,2025-04-12,2026-04-12,2,2,18589.29,Active,Corporate Intermediary
POL-100675,2024-12-05,2025-12-05,3,7,115131.44,Active,Independent Broker
POL-100676,2025-04-08,2026-04-08,1,1,22052.85,Active,Independent Broker
POL-100677,2024-10-25,2025-10-25,3,3,86119.06,Active,Corporate Intermediary
POL-100678,2025-05-19,2026-05-19,1,6,21777.18,Active,Direct Digital
POL-100679,2024-07-19,2025-07-19,1,1,24855.55,Active,Independent Broker
POL-100680,2024-07-14,2025-07-14,5,2,68320.18,Active,Affinity Partner
POL-100681,2024-05-06,2025-05-06,5,2,127755.94,Active,Independent Broker
POL-100682,2025-05-25,2026-05-25,1,3,21673.91,Active,Independent Broker
POL-100683,2025-05-09,2026-05-09,3,7,150697.15,Active,Independent Broker
POL-100684,2024-05-11,2025-05-11,1,2,20383.36,Active,Independent Broker
POL-100685,2025-01-28,2026-01-28,2,3,19839.56,Active,Direct Digital
POL-100686,2024-12-17,2025-12-17,2,2,18306.2,Active,Independent Broker
POL-100687,2025-06-08,2026-06-08,2,5,14759.72,Active,Independent Broker
POL-100688,2024-08-10,2025-08-10,1,1,19836.35,Active,Independent Broker
POL-100689,2024-05-15,2025-05-15,5,4,215780.51,Active,Independent Broker
POL-100690,2024-11-26,2025-11-26,5,1,179331.75,Active,Independent Broker
POL-100691,2025-03-03,2026-03-03,4,6,293997.17,Active,Corporate Intermediary
POL-100692,2025-03-08,2026-03-08,1,3,11346.12,Active,Direct Digital
POL-100693,2024-02-27,2025-02-26,1,1,21903.03,Active,Direct Digital
POL-100694,2024-09-13,2025-09-13,1,1,20925.76,Active,Corporate Intermediary
POL-100695,2024-02-03,2025-02-02,2,2,8614.22,Active,Independent Broker
POL-100696,2024-08-17,2025-08-17,5,4,145415.99,Active,Corporate Intermediary
POL-100697,2024-10-21,2025-10-21,4,4,86510.07,Active,Independent Broker
POL-100698,2024-11-16,2025-11-16,3,1,43529.9,Active,Independent Broker
POL-100699,2025-03-29,2026-03-29,1,4,21155.92,Active,Corporate Intermediary
POL-100700,2024-07-20,2025-07-20,5,6,213929.27,Active,Direct Digital
POL-100701,2024-03-17,2025-03-17,1,1,21655.3,Active,Direct Digital
POL-100702,2024-10-12,2025-10-12,3,1,57347.85,Active,Direct Digital
POL-100703,2024-12-04,2025-12-04,2,5,20137.42,Active,Affinity Partner
POL-100704,2024-02-22,2025-02-21,5,4,154653.47,Active,Independent Broker
POL-100705,2025-01-01,2026-01-01,1,5,14812.89,Active,Direct Digital
POL-100706,2024-03-10,2025-03-10,3,1,91079.89,Active,Direct Digital
POL-100707,2024-08-14,2025-08-14,1,4,15042.89,Active,Direct Digital
POL-100708,2025-05-01,2026-05-01,3,7,157773.72,Active,Independent Broker
POL-100709,2025-04-01,2026-04-01,1,4,19664.7,Active,Affinity Partner
POL-100710,2024-11-24,2025-11-24,2,1,12525.09,Active,Direct Digital
POL-100711,2025-06-13,2026-06-13,5,2,137432.54,Active,Independent Broker
POL-100712,2024-10-30,2025-10-30,4,1,153476.63,Active,Direct Digital
POL-100713,2024-01-08,2025-01-07,4,1,126641.46,Active,Direct Digital
POL-100714,2025-03-10,2026-03-10,1,1,18419.17,Active,Affinity Partner
POL-100715,2025-03-21,2026-03-21,4,1,257988.25,Active,Independent Broker
POL-100716,2024-12-05,2025-12-05,1,1,10801.27,Active,Direct Digital
POL-100717,2024-03-13,2025-03-13,3,1,149496.42,Active,Independent Broker
POL-100718,2025-02-18,2026-02-18,2,2,7433.1,Active,Independent Broker
POL-100719,2024-03-05,2025-03-05,5,6,149553.36,Active,Direct Digital
POL-100720,2025-05-29,2026-05-29,1,1,22505.03,Active,Direct Digital
POL-100721,2025-03-24,2026-03-24,2,2,18545.29,Active,Direct Digital
POL-100722,2024-08-13,2025-08-13,1,6,16012.28,Active,Independent Broker
POL-100723,2024-05-27,2025-05-27,2,5,19440.3,Cancelled,Corporate Intermediary
POL-100724,2025-01-17,2026-01-17,1,3,23946.18,Active,Direct Digital
POL-100725,2025-02-07,2026-02-07,3,3,153743.57,Active,Independent Broker
POL-100726,2024-12-18,2025-12-18,1,2,24452.3,Active,Direct Digital
POL-100727,2024-07-07,2025-07-07,1,4,23289.87,Active,Direct Digital
POL-100728,2024-02-25,2025-02-24,5,3,128415.08,Active,Direct Digital
POL-100729,2024-03-09,2025-03-09,1,1,12837.65,Active,Affinity Partner
POL-100730,2024-12-31,2025-12-31,1,4,20349.76,Active,Independent Broker
POL-100731,2024-07-17,2025-07-17,2,3,13418.91,Active,Independent Broker
POL-100732,2024-06-05,2025-06-05,3,3,85010.23,Active,Independent Broker
POL-100733,2024-01-05,2025-01-04,2,1,18042.11,Active,Independent Broker
POL-100734,2024-10-10,2025-10-10,2,1,16578.21,Active,Independent Broker
POL-100735,2025-04-01,2026-04-01,2,7,11415.51,Active,Direct Digital
POL-100736,2024-03-24,2025-03-24,2,1,19499.9,Active,Independent Broker
POL-100737,2024-03-19,2025-03-19,5,1,201657.88,Active,Independent Broker
POL-100738,2025-02-18,2026-02-18,5,3,86169.32,Active,Direct Digital
POL-100739,2025-04-28,2026-04-28,4,7,111415.08,Active,Corporate Intermediary
POL-100740,2024-10-24,2025-10-24,1,2,17818.42,Active,Independent Broker
POL-100741,2024-01-11,2025-01-10,4,1,282755.55,Active,Independent Broker
POL-100742,2024-06-18,2025-06-18,5,3,73863.02,Active,Independent Broker
POL-100743,2024-05-29,2025-05-29,5,6,132195.58,Active,Direct Digital
POL-100744,2025-05-14,2026-05-14,1,1,13935.46,Active,Independent Broker
POL-100745,2025-06-14,2026-06-14,2,2,13681.5,Active,Direct Digital
POL-100746,2024-11-27,2025-11-27,1,5,25482.44,Active,Direct Digital
POL-100747,2024-09-26,2025-09-26,3,3,109278.9,Active,Independent Broker
POL-100748,2024-03-20,2025-03-20,3,1,86406.8,Lapsed,Independent Broker
POL-100749,2024-12-27,2025-12-27,2,3,18138.67,Lapsed,Direct Digital
POL-100750,2024-05-22,2025-05-22,2,1,10373.87,Active,Direct Digital
POL-100751,2024-06-02,2025-06-02,1,1,15540.46,Active,Direct Digital
POL-100752,2024-08-23,2025-08-23,2,2,17139.53,Active,Independent Broker
POL-100753,2024-08-03,2025-08-03,4,1,233578.51,Active,Direct Digital
POL-100754,2024-05-10,2025-05-10,3,3,61013.24,Active,Direct Digital
POL-100755,2024-05-30,2025-05-30,1,1,13835.46,Active,Affinity Partner
POL-100756,2024-01-20,2025-01-19,5,6,162496.66,Active,Direct Digital
POL-100757,2025-04-04,2026-04-04,4,2,287489.09,Active,Corporate Intermediary
POL-100758,2024-05-26,2025-05-26,3,7,63462.33,Active,Direct Digital
POL-100759,2024-12-16,2025-12-16,2,3,15350.22,Active,Independent Broker
POL-100760,2024-04-21,2025-04-21,1,1,18172.47,Lapsed,Independent Broker
POL-100761,2024-06-02,2025-06-02,4,1,118468.44,Lapsed,Independent Broker
POL-100762,2025-05-30,2026-05-30,5,1,65842.29,Active,Affinity Partner
POL-100763,2024-01-02,2025-01-01,5,5,160369.39,Active,Independent Broker
POL-100764,2024-02-14,2025-02-13,4,3,180094.28,Lapsed,Independent Broker
POL-100765,2025-01-25,2026-01-25,2,3,18303.77,Lapsed,Corporate Intermediary
POL-100766,2024-04-10,2025-04-10,2,1,10712.35,Active,Affinity Partner
POL-100767,2024-03-26,2025-03-26,2,3,19299.38,Active,Direct Digital
POL-100768,2024-01-08,2025-01-07,3,3,55903.78,Active,Independent Broker
POL-100769,2024-11-19,2025-11-19,2,2,8670.85,Active,Independent Broker
POL-100770,2024-09-24,2025-09-24,3,2,108631.09,Active,Affinity Partner
POL-100771,2025-02-10,2026-02-10,5,1,120248.79,Active,Independent Broker
POL-100772,2025-01-14,2026-01-14,3,3,99083.7,Cancelled,Independent Broker
POL-100773,2025-02-11,2026-02-11,5,1,195349.82,Active,Independent Broker
POL-100774,2025-04-02,2026-04-02,4,1,99568.26,Active,Corporate Intermediary
POL-100775,2024-02-23,2025-02-22,1,2,25418.95,Active,Direct Digital
POL-100776,2024-05-28,2025-05-28,3,3,93374.54,Active,Direct Digital
POL-100777,2024-03-22,2025-03-22,4,1,252501.2,Lapsed,Independent Broker
POL-100778,2025-06-17,2026-06-17,2,6,20496.71,Active,Corporate Intermediary
POL-100779,2024-06-28,2025-06-28,4,3,182548.15,Active,Independent Broker
POL-100780,2025-06-14,2026-06-14,2,1,7663.81,Active,Independent Broker
POL-100781,2024-08-25,2025-08-25,4,1,240135.97,Active,Independent Broker
POL-100782,2024-06-10,2025-06-10,1,1,22386.64,Active,Independent Broker
POL-100783,2024-07-24,2025-07-24,3,1,128957.21,Active,Direct Digital
POL-100784,2024-10-18,2025-10-18,5,3,205551.53,Active,Affinity Partner
POL-100785,2024-10-10,2025-10-10,1,3,25394.14,Active,Independent Broker
POL-100786,2024-01-05,2025-01-04,1,1,16277.01,Active,Direct Digital
POL-100787,2024-10-28,2025-10-28,2,1,18280.6,Lapsed,Corporate Intermediary
POL-100788,2024-09-13,2025-09-13,4,2,311683.59,Active,Corporate Intermediary
POL-100789,2024-12-13,2025-12-13,5,2,165871.09,Lapsed,Corporate Intermediary
POL-100790,2025-05-08,2026-05-08,1,1,10707.89,Active,Affinity Partner
POL-100791,2024-08-23,2025-08-23,2,2,20385.15,Active,Direct Digital
POL-100792,2024-09-26,2025-09-26,1,1,11125.35,Active,Corporate Intermediary
POL-100793,2024-03-18,2025-03-18,3,1,98233.54,Active,Corporate Intermediary
POL-100794,2024-10-02,2025-10-02,1,6,20802.96,Lapsed,Independent Broker
POL-100795,2024-07-23,2025-07-23,1,6,13569.73,Active,Direct Digital
POL-100796,2024-09-12,2025-09-12,4,2,113218.91,Active,Affinity Partner
POL-100797,2025-05-19,2026-05-19,4,1,262239.83,Active,Direct Digital
POL-100798,2025-05-08,2026-05-08,2,4,11552.75,Lapsed,Corporate Intermediary
POL-100799,2024-10-08,2025-10-08,3,1,158158.57,Lapsed,Direct Digital
POL-100800,2024-08-15,2025-08-15,5,3,71801.81,Active,Independent Broker
POL-100801,2024-02-03,2025-02-02,3,2,88458.6,Active,Direct Digital
POL-100802,2024-05-03,2025-05-03,4,3,187717.29,Active,Direct Digital
POL-100803,2024-08-03,2025-08-03,2,3,8590.32,Active,Corporate Intermediary
POL-100804,2024-07-10,2025-07-10,3,1,69982.42,Active,Independent Broker
POL-100805,2025-01-09,2026-01-09,1,3,16552.66,Active,Corporate Intermediary
POL-100806,2025-01-08,2026-01-08,2,1,13420.06,Active,Affinity Partner
POL-100807,2024-08-22,2025-08-22,1,6,14027.17,Active,Independent Broker
POL-100808,2025-01-25,2026-01-25,1,1,22720.61,Active,Independent Broker
POL-100809,2024-01-10,2025-01-09,1,2,17793.4,Cancelled,Corporate Intermediary
POL-100810,2025-06-13,2026-06-13,3,6,79255.82,Active,Direct Digital
POL-100811,2024-02-18,2025-02-17,2,1,16729.5,Active,Corporate Intermediary
POL-100812,2025-05-02,2026-05-02,4,1,185214.43,Active,Independent Broker
POL-100813,2024-09-20,2025-09-20,2,1,12882.3,Active,Independent Broker
POL-100814,2024-07-22,2025-07-22,3,3,118684.13,Active,Affinity Partner
POL-100815,2024-10-18,2025-10-18,2,2,16490.06,Active,Independent Broker
POL-100816,2024-03-21,2025-03-21,2,4,11154.03,Active,Direct Digital
POL-100817,2024-06-20,2025-06-20,4,2,178345.04,Active,Independent Broker
POL-100818,2024-03-14,2025-03-14,1,1,15235.46,Active,Independent Broker
POL-100819,2024-09-30,2025-09-30,4,4,171886.55,Lapsed,Corporate Intermediary
POL-100820,2025-01-06,2026-01-06,5,3,138559.07,Active,Direct Digital
POL-100821,2024-01-24,2025-01-23,1,6,13447.89,Active,Independent Broker
POL-100822,2024-03-22,2025-03-22,1,1,16111.55,Active,Affinity Partner
POL-100823,2025-04-29,2026-04-29,3,1,45111.06,Active,Corporate Intermediary
POL-100824,2024-03-26,2025-03-26,1,1,19736.88,Active,Affinity Partner
POL-100825,2025-02-03,2026-02-03,2,1,10614.07,Active,Independent Broker
POL-100826,2024-05-14,2025-05-14,3,1,45371.41,Active,Corporate Intermediary
POL-100827,2024-11-29,2025-11-29,3,2,157047.82,Active,Direct Digital
POL-100828,2025-03-31,2026-03-31,1,5,18444.32,Active,Independent Broker
POL-100829,2025-03-21,2026-03-21,3,4,117464.33,Active,Independent Broker
POL-100830,2024-08-20,2025-08-20,1,2,14649.04,Active,Direct Digital
POL-100831,2024-01-11,2025-01-10,1,3,22972.23,Active,Independent Broker
POL-100832,2025-04-25,2026-04-25,3,1,123156.86,Active,Corporate Intermediary
POL-100833,2024-11-02,2025-11-02,1,7,16659.14,Active,Direct Digital
POL-100834,2024-01-08,2025-01-07,3,2,64251.38,Lapsed,Independent Broker
POL-100835,2024-09-12,2025-09-12,1,6,21688.73,Active,Independent Broker
POL-100836,2024-09-26,2025-09-26,1,2,19855.3,Active,Corporate Intermediary
POL-100837,2024-10-05,2025-10-05,2,4,17452.39,Active,Independent Broker
POL-100838,2024-03-11,2025-03-11,1,1,14349.36,Active,Independent Broker
POL-100839,2024-10-05,2025-10-05,4,4,195539.02,Active,Direct Digital
POL-100840,2024-01-23,2025-01-22,1,1,14226.68,Active,Independent Broker
POL-100841,2024-01-09,2025-01-08,1,1,12071.21,Active,Independent Broker
POL-100842,2024-11-15,2025-11-15,3,2,96714.77,Active,Independent Broker
POL-100843,2024-05-29,2025-05-29,1,1,22320.71,Active,Independent Broker
POL-100844,2024-07-15,2025-07-15,1,2,23183.33,Active,Corporate Intermediary
POL-100845,2024-09-11,2025-09-11,2,7,20654.62,Active,Affinity Partner
POL-100846,2024-07-22,2025-07-22,2,6,17839.74,Active,Affinity Partner
POL-100847,2025-04-29,2026-04-29,2,5,20464.75,Lapsed,Direct Digital
POL-100848,2024-02-13,2025-02-12,5,3,138557.46,Active,Independent Broker
POL-100849,2024-07-22,2025-07-22,2,1,19118.48,Active,Direct Digital
POL-100850,2025-03-20,2026-03-20,2,1,9509.57,Active,Direct Digital
POL-100851,2024-09-05,2025-09-05,1,1,19129.66,Active,Independent Broker
POL-100852,2024-06-07,2025-06-07,2,7,8434.82,Active,Direct Digital
POL-100853,2024-12-12,2025-12-12,5,4,60208.9,Active,Direct Digital
POL-100854,2024-04-19,2025-04-19,1,3,13415.86,Cancelled,Corporate Intermediary
POL-100855,2024-12-21,2025-12-21,2,6,9862.92,Active,Independent Broker
POL-100856,2024-05-17,2025-05-17,1,1,17558.95,Active,Direct Digital
POL-100857,2025-05-16,2026-05-16,1,3,12660.68,Active,Independent Broker
POL-100858,2024-10-08,2025-10-08,4,3,114284.14,Active,Independent Broker
POL-100859,2024-09-26,2025-09-26,3,2,95581.32,Active,Independent Broker
POL-100860,2024-07-08,2025-07-08,1,4,23652.0,Active,Direct Digital
POL-100861,2024-03-05,2025-03-05,4,3,275667.18,Active,Independent Broker
POL-100862,2024-06-06,2025-06-06,4,1,154037.01,Active,Direct Digital
POL-100863,2025-06-19,2026-06-19,4,1,85725.43,Lapsed,Direct Digital
POL-100864,2024-02-02,2025-02-01,1,1,17560.07,Active,Independent Broker
POL-100865,2025-02-01,2026-02-01,4,3,203826.23,Active,Direct Digital
POL-100866,2025-01-10,2026-01-10,1,3,21372.66,Active,Affinity Partner
POL-100867,2025-05-18,2026-05-18,1,2,22736.73,Active,Independent Broker
POL-100868,2025-03-01,2026-03-01,2,5,8004.54,Active,Independent Broker
POL-100869,2024-03-13,2025-03-13,2,1,20235.53,Cancelled,Direct Digital
POL-100870,2024-08-24,2025-08-24,3,2,64356.33,Active,Direct Digital
POL-100871,2024-07-02,2025-07-02,3,6,107860.71,Active,Corporate Intermediary
POL-100872,2025-01-01,2026-01-01,4,2,247124.85,Active,Direct Digital
POL-100873,2024-07-03,2025-07-03,3,2,101553.75,Active,Independent Broker
POL-100874,2025-03-29,2026-03-29,2,2,14791.12,Cancelled,Corporate Intermediary
POL-100875,2025-02-26,2026-02-26,5,4,123199.97,Active,Independent Broker
POL-100876,2024-08-07,2025-08-07,2,7,14793.29,Active,Independent Broker
POL-100877,2025-04-08,2026-04-08,2,2,7202.7,Active,Direct Digital
POL-100878,2024-01-17,2025-01-16,3,1,159222.62,Active,Independent Broker
POL-100879,2024-08-15,2025-08-15,1,2,9955.9,Active,Independent Broker
POL-100880,2024-10-09,2025-10-09,3,3,107646.12,Lapsed,Direct Digital
POL-100881,2024-02-08,2025-02-07,2,2,9354.28,Active,Corporate Intermediary
POL-100882,2024-09-12,2025-09-12,1,1,22901.62,Active,Independent Broker
POL-100883,2024-08-10,2025-08-10,5,1,173008.69,Active,Direct Digital
POL-100884,2024-04-07,2025-04-07,4,4,148596.35,Active,Independent Broker
POL-100885,2024-03-21,2025-03-21,5,1,206718.15,Active,Corporate Intermediary
POL-100886,2025-03-20,2026-03-20,2,1,19203.05,Active,Independent Broker
POL-100887,2024-01-12,2025-01-11,4,7,229887.44,Active,Independent Broker
POL-100888,2024-11-22,2025-11-22,3,3,59650.44,Active,Direct Digital
POL-100889,2024-02-21,2025-02-20,4,6,319354.99,Cancelled,Corporate Intermediary
POL-100890,2025-05-31,2026-05-31,1,1,16683.74,Active,Direct Digital
POL-100891,2024-12-10,2025-12-10,1,2,18971.63,Active,Independent Broker
POL-100892,2024-03-28,2025-03-28,2,3,13195.98,Active,Corporate Intermediary
POL-100893,2025-05-07,2026-05-07,3,1,99567.61,Active,Direct Digital
POL-100894,2025-06-20,2026-06-20,1,1,10774.96,Active,Independent Broker
POL-100895,2024-04-01,2025-04-01,1,4,16382.75,Active,Direct Digital
POL-100896,2024-12-18,2025-12-18,4,4,80930.67,Active,Affinity Partner
POL-100897,2025-03-28,2026-03-28,4,1,182913.54,Lapsed,Direct Digital
POL-100898,2025-01-17,2026-01-17,1,7,21547.18,Active,Independent Broker
POL-100899,2024-09-05,2025-09-05,4,1,287844.33,Active,Direct Digital
POL-100900,2024-04-23,2025-04-23,2,2,13702.43,Active,Independent Broker
POL-100901,2024-08-04,2025-08-04,1,3,18181.56,Active,Independent Broker
POL-100902,2024-05-24,2025-05-24,4,5,238723.84,Active,Affinity Partner
POL-100903,2025-06-23,2026-06-23,1,1,12393.24,Active,Corporate Intermediary
POL-100904,2024-10-04,2025-10-04,1,2,20338.03,Active,Independent Broker
POL-100905,2024-10-04,2025-10-04,4,4,163253.69,Active,Direct Digital
POL-100906,2025-01-30,2026-01-30,1,2,17940.06,Active,Affinity Partner
POL-100907,2025-05-11,2026-05-11,4,3,96565.06,Active,Affinity Partner
POL-100908,2024-01-23,2025-01-22,1,1,24725.23,Active,Independent Broker
POL-100909,2024-06-09,2025-06-09,1,2,20822.71,Active,Independent Broker
POL-100910,2025-05-28,2026-05-28,2,1,15835.93,Active,Corporate Intermediary
POL-100911,2024-01-31,2025-01-30,3,1,68618.76,Active,Independent Broker
POL-100912,2024-05-20,2025-05-20,1,6,15868.2,Cancelled,Independent Broker
POL-100913,2024-08-20,2025-08-20,2,1,15106.0,Active,Independent Broker
POL-100914,2024-12-03,2025-12-03,2,3,9018.46,Active,Independent Broker
POL-100915,2024-07-26,2025-07-26,1,1,20891.93,Lapsed,Affinity Partner
POL-100916,2025-03-16,2026-03-16,5,1,161559.4,Active,Direct Digital
POL-100917,2024-03-10,2025-03-10,3,3,153934.98,Active,Independent Broker
POL-100918,2024-05-29,2025-05-29,5,1,180123.95,Lapsed,Independent Broker
POL-100919,2025-02-25,2026-02-25,2,2,17489.41,Active,Independent Broker
POL-100920,2024-10-07,2025-10-07,1,7,12682.11,Active,Direct Digital
POL-100921,2024-09-30,2025-09-30,4,3,225028.7,Active,Direct Digital
POL-100922,2024-01-27,2025-01-26,2,1,16696.35,Active,Independent Broker
POL-100923,2025-04-25,2026-04-25,5,4,113573.1,Active,Independent Broker
POL-100924,2024-05-20,2025-05-20,1,1,13310.88,Active,Affinity Partner
POL-100925,2024-10-03,2025-10-03,2,1,17444.66,Cancelled,Corporate Intermediary
POL-100926,2024-03-08,2025-03-08,1,2,23820.92,Active,Independent Broker
POL-100927,2025-04-13,2026-04-13,1,2,16239.81,Active,Independent Broker
POL-100928,2025-01-24,2026-01-24,5,2,117005.62,Lapsed,Independent Broker
POL-100929,2025-06-21,2026-06-21,4,5,267795.37,Active,Independent Broker
POL-100930,2024-02-13,2025-02-12,1,3,18421.05,Cancelled,Direct Digital
POL-100931,2025-01-31,2026-01-31,3,7,116416.53,Active,Direct Digital
POL-100932,2025-02-11,2026-02-11,2,7,18621.17,Active,Independent Broker
POL-100933,2024-02-25,2025-02-24,4,3,296400.53,Active,Independent Broker
POL-100934,2024-04-02,2025-04-02,5,3,69239.17,Active,Affinity Partner
POL-100935,2024-05-18,2025-05-18,2,2,11663.76,Active,Independent Broker
POL-100936,2024-07-25,2025-07-25,2,1,10651.14,Active,Affinity Partner
POL-100937,2024-06-16,2025-06-16,5,6,71002.52,Active,Independent Broker
POL-100938,2025-01-06,2026-01-06,1,3,21199.38,Active,Affinity Partner
POL-100939,2024-06-12,2025-06-12,2,3,12452.38,Active,Affinity Partner
POL-100940,2024-06-02,2025-06-02,1,1,12533.41,Active,Independent Broker
POL-100941,2024-11-12,2025-11-12,5,7,213364.24,Active,Direct Digital
POL-100942,2024-05-14,2025-05-14,1,1,19809.99,Active,Independent Broker
POL-100943,2025-05-25,2026-05-25,3,1,113742.1,Active,Direct Digital
POL-100944,2025-05-02,2026-05-02,2,2,13297.88,Active,Direct Digital
POL-100945,2024-10-11,2025-10-11,4,4,211599.42,Active,Direct Digital
POL-100946,2024-05-31,2025-05-31,1,4,15323.93,Active,Direct Digital
POL-100947,2024-11-01,2025-11-01,2,1,7876.63,Active,Direct Digital
POL-100948,2024-10-18,2025-10-18,4,4,244420.84,Active,Corporate Intermediary
POL-100949,2024-06-30,2025-06-30,2,6,15189.73,Lapsed,Direct Digital
POL-100950,2024-11-02,2025-11-02,2,2,19585.91,Active,Corporate Intermediary
POL-100951,2024-03-07,2025-03-07,2,2,9056.73,Active,Direct Digital
POL-100952,2025-06-23,2026-06-23,2,3,10095.87,Active,Direct Digital
POL-100953,2024-03-30,2025-03-30,3,6,123261.2,Lapsed,Affinity Partner
POL-100954,2024-10-21,2025-10-21,2,3,18899.61,Active,Independent Broker
POL-100955,2024-12-28,2025-12-28,1,4,18827.2,Active,Independent Broker
POL-100956,2025-05-19,2026-05-19,1,4,13416.63,Active,Direct Digital
POL-100957,2024-05-01,2025-05-01,1,2,19857.56,Active,Corporate Intermediary
POL-100958,2025-02-28,2026-02-28,2,1,11806.33,Active,Independent Broker
POL-100959,2024-01-12,2025-01-11,4,1,244054.18,Active,Direct Digital
POL-100960,2024-11-03,2025-11-03,3,3,80223.01,Active,Independent Broker
POL-100961,2024-12-15,2025-12-15,2,6,15051.12,Cancelled,Corporate Intermediary
POL-100962,2024-07-17,2025-07-17,2,2,19927.46,Active,Independent Broker
POL-100963,2024-02-06,2025-02-05,4,1,192966.4,Active,Corporate Intermediary
POL-100964,2024-12-09,2025-12-09,2,2,20003.5,Active,Independent Broker
POL-100965,2024-11-19,2025-11-19,3,3,44208.77,Active,Independent Broker
POL-100966,2024-12-28,2025-12-28,1,1,14199.54,Active,Affinity Partner
POL-100967,2024-06-18,2025-06-18,3,3,87968.82,Active,Corporate Intermediary
POL-100968,2024-11-11,2025-11-11,5,2,170672.8,Active,Direct Digital
POL-100969,2024-08-31,2025-08-31,2,2,18646.51,Active,Independent Broker
POL-100970,2024-06-28,2025-06-28,1,2,22473.08,Active,Affinity Partner
POL-100971,2025-03-30,2026-03-30,3,1,136284.98,Lapsed,Direct Digital
POL-100972,2024-12-14,2025-12-14,3,6,145117.73,Active,Independent Broker
POL-100973,2024-04-10,2025-04-10,3,5,159141.0,Active,Direct Digital
POL-100974,2025-01-31,2026-01-31,5,3,69692.12,Active,Direct Digital
POL-100975,2024-03-30,2025-03-30,2,2,19470.77,Active,Corporate Intermediary
POL-100976,2024-11-15,2025-11-15,1,3,22039.3,Active,Direct Digital
POL-100977,2024-07-24,2025-07-24,1,1,14137.05,Active,Independent Broker
POL-100978,2024-04-30,2025-04-30,1,1,12182.93,Active,Affinity Partner
POL-100979,2025-06-10,2026-06-10,1,1,18497.47,Active,Direct Digital
POL-100980,2024-10-17,2025-10-17,3,1,62210.45,Active,Corporate Intermediary
POL-100981,2025-03-30,2026-03-30,1,1,10075.48,Lapsed,Direct Digital
POL-100982,2025-01-27,2026-01-27,1,1,16594.04,Active,Independent Broker
POL-100983,2025-04-01,2026-04-01,4,2,151547.96,Active,Independent Broker
POL-100984,2024-03-21,2025-03-21,5,7,129168.21,Active,Corporate Intermediary
POL-100985,2025-04-24,2026-04-24,1,2,14690.42,Active,Corporate Intermediary
POL-100986,2025-04-26,2026-04-26,1,1,11957.04,Lapsed,Direct Digital
POL-100987,2025-01-07,2026-01-07,2,1,16854.68,Active,Corporate Intermediary
POL-100988,2024-11-28,2025-11-28,2,3,7617.65,Active,Independent Broker
POL-100989,2025-04-17,2026-04-17,1,1,22194.24,Active,Direct Digital
POL-100990,2024-04-15,2025-04-15,2,6,18195.26,Active,Independent Broker
POL-100991,2024-11-05,2025-11-05,3,2,89296.34,Active,Independent Broker
POL-100992,2024-06-11,2025-06-11,3,2,49795.07,Active,Independent Broker
POL-100993,2025-03-17,2026-03-17,2,3,18065.11,Active,Direct Digital
POL-100994,2024-03-20,2025-03-20,5,6,147612.01,Active,Independent Broker
POL-100995,2025-04-19,2026-04-19,2,3,8547.62,Active,Independent Broker
POL-100996,2025-02-19,2026-02-19,1,3,11383.41,Active,Corporate Intermediary
POL-100997,2025-01-23,2026-01-23,2,3,16100.85,Active,Direct Digital
POL-100998,2024-05-22,2025-05-22,3,7,117063.67,Active,Direct Digital
POL-100999,2024-06-01,2025-06-01,2,3,11222.74,Active,Independent Broker
POL-101000,2024-07-29,2025-07-29,4,2,148435.16,Active,Independent Broker
POL-101001,2025-03-21,2026-03-21,5,2,218349.17,Active,Independent Broker
POL-101002,2025-06-06,2026-06-06,2,1,18964.57,Active,Affinity Partner
POL-101003,2024-02-24,2025-02-23,1,5,18784.5,Cancelled,Direct Digital
POL-101004,2024-10-15,2025-10-15,1,1,16680.13,Active,Independent Broker
POL-101005,2025-01-26,2026-01-26,2,2,13205.62,Active,Direct Digital
POL-101006,2024-05-22,2025-05-22,1,3,15907.36,Lapsed,Corporate Intermediary
POL-101007,2024-06-06,2025-06-06,2,4,8932.58,Active,Independent Broker
POL-101008,2024-05-27,2025-05-27,5,3,161847.54,Cancelled,Direct Digital
POL-101009,2024-05-20,2025-05-20,4,2,285737.43,Lapsed,Independent Broker
POL-101010,2025-03-11,2026-03-11,4,1,186326.62,Active,Corporate Intermediary
POL-101011,2025-01-28,2026-01-28,2,1,9763.92,Active,Independent Broker
POL-101012,2024-08-30,2025-08-30,5,3,95772.58,Lapsed,Independent Broker
POL-101013,2024-02-04,2025-02-03,1,3,17525.6,Active,Independent Broker
POL-101014,2024-03-22,2025-03-22,1,6,21593.21,Cancelled,Affinity Partner
POL-101015,2024-10-13,2025-10-13,2,3,8279.64,Lapsed,Direct Digital
POL-101016,2025-04-28,2026-04-28,4,6,237615.55,Active,Independent Broker
POL-101017,2024-11-15,2025-11-15,4,1,296378.39,Active,Direct Digital
POL-101018,2025-04-09,2026-04-09,3,2,109727.91,Active,Independent Broker
POL-101019,2024-10-28,2025-10-28,2,1,7687.5,Lapsed,Independent Broker
POL-101020,2024-09-23,2025-09-23,1,4,17359.83,Active,Direct Digital
POL-101021,2024-10-25,2025-10-25,5,4,54640.67,Active,Direct Digital
POL-101022,2024-03-19,2025-03-19,2,1,9029.03,Active,Corporate Intermediary
POL-101023,2024-01-15,2025-01-14,5,1,152649.66,Lapsed,Independent Broker
POL-101024,2025-04-02,2026-04-02,2,1,10805.29,Active,Independent Broker
POL-101025,2025-06-24,2026-06-24,1,2,25738.78,Cancelled,Independent Broker
POL-101026,2024-06-06,2025-06-06,3,7,159243.1,Active,Direct Digital
POL-101027,2025-03-26,2026-03-26,5,4,78438.15,Active,Corporate Intermediary
POL-101028,2024-02-25,2025-02-24,4,1,260093.56,Active,Direct Digital
POL-101029,2025-02-12,2026-02-12,3,1,98199.42,Lapsed,Affinity Partner
POL-101030,2024-08-27,2025-08-27,2,5,16937.39,Active,Direct Digital
POL-101031,2025-03-21,2026-03-21,1,1,24806.45,Active,Independent Broker
POL-101032,2024-02-12,2025-02-11,1,3,20053.76,Lapsed,Independent Broker
POL-101033,2024-10-06,2025-10-06,2,1,10885.81,Active,Independent Broker
POL-101034,2025-02-04,2026-02-04,2,7,16519.02,Active,Independent Broker
POL-101035,2024-07-18,2025-07-18,3,2,121970.74,Cancelled,Independent Broker
POL-101036,2024-01-11,2025-01-10,4,1,278763.93,Active,Direct Digital
POL-101037,2024-04-16,2025-04-16,4,2,161121.52,Active,Direct Digital
POL-101038,2024-02-04,2025-02-03,1,4,11107.84,Lapsed,Independent Broker
POL-101039,2024-08-10,2025-08-10,4,4,104838.58,Lapsed,Direct Digital
POL-101040,2024-05-13,2025-05-13,2,4,17741.24,Active,Corporate Intermediary
POL-101041,2024-07-08,2025-07-08,1,5,12621.91,Active,Independent Broker
POL-101042,2024-03-18,2025-03-18,4,2,301060.37,Active,Independent Broker
POL-101043,2024-11-27,2025-11-27,1,1,22403.99,Active,Direct Digital
POL-101044,2025-02-01,2026-02-01,2,1,10763.69,Active,Direct Digital
POL-101045,2024-03-12,2025-03-12,3,1,114015.62,Active,Independent Broker
POL-101046,2024-05-27,2025-05-27,3,7,92887.92,Active,Direct Digital
POL-101047,2025-03-28,2026-03-28,5,1,67558.81,Active,Independent Broker
POL-101048,2024-09-13,2025-09-13,5,2,53190.01,Active,Independent Broker
POL-101049,2024-01-01,2024-12-31,1,4,16003.93,Active,Independent Broker
POL-101050,2025-02-04,2026-02-04,3,1,102815.19,Lapsed,Independent Broker
POL-101051,2025-03-22,2026-03-22,2,6,17976.93,Active,Independent Broker
POL-101052,2024-01-04,2025-01-03,2,5,18488.08,Active,Independent Broker
POL-101053,2025-01-02,2026-01-02,2,5,11379.03,Active,Affinity Partner
POL-101054,2024-04-02,2025-04-02,2,3,18976.12,Active,Corporate Intermediary
POL-101055,2024-10-23,2025-10-23,4,1,118271.48,Active,Independent Broker
POL-101056,2024-07-14,2025-07-14,2,5,12583.45,Active,Independent Broker
POL-101057,2025-05-13,2026-05-13,1,4,16782.93,Active,Direct Digital
POL-101058,2024-01-26,2025-01-25,5,3,90542.47,Active,Corporate Intermediary
POL-101059,2024-11-11,2025-11-11,3,3,155864.55,Active,Affinity Partner
POL-101060,2024-01-17,2025-01-16,1,2,10519.29,Active,Direct Digital
POL-101061,2024-05-01,2025-05-01,1,4,20543.99,Active,Independent Broker
POL-101062,2024-06-01,2025-06-01,5,3,89607.56,Active,Independent Broker
POL-101063,2025-05-15,2026-05-15,4,1,190448.81,Lapsed,Direct Digital
POL-101064,2024-05-13,2025-05-13,1,1,19975.65,Lapsed,Corporate Intermediary
POL-101065,2024-04-09,2025-04-09,2,4,9555.51,Active,Corporate Intermediary
POL-101066,2024-04-18,2025-04-18,1,3,19357.63,Active,Direct Digital
POL-101067,2024-07-26,2025-07-26,2,2,18398.99,Cancelled,Independent Broker
POL-101068,2024-11-28,2025-11-28,1,5,19045.86,Active,Corporate Intermediary
POL-101069,2024-08-06,2025-08-06,5,1,150824.49,Active,Direct Digital
POL-101070,2024-05-24,2025-05-24,5,2,78568.65,Active,Direct Digital
POL-101071,2024-09-06,2025-09-06,3,1,57737.76,Active,Independent Broker
POL-101072,2025-01-20,2026-01-20,5,1,52657.16,Active,Direct Digital
POL-101073,2024-07-02,2025-07-02,1,5,20288.79,Lapsed,Independent Broker
POL-101074,2025-05-02,2026-05-02,4,1,125509.25,Active,Independent Broker
POL-101075,2025-02-25,2026-02-25,1,1,19612.82,Active,Direct Digital
POL-101076,2025-05-26,2026-05-26,4,1,228661.96,Active,Independent Broker
POL-101077,2024-01-05,2025-01-04,3,1,64644.54,Cancelled,Affinity Partner
POL-101078,2025-01-05,2026-01-05,5,3,136281.93,Active,Independent Broker
POL-101079,2024-08-01,2025-08-01,2,1,9873.32,Active,Independent Broker
POL-101080,2025-04-30,2026-04-30,3,1,60851.63,Lapsed,Direct Digital
POL-101081,2025-01-07,2026-01-07,2,1,13198.47,Active,Corporate Intermediary
POL-101082,2025-04-09,2026-04-09,1,1,21742.84,Lapsed,Direct Digital
POL-101083,2024-01-30,2025-01-29,3,3,55695.68,Lapsed,Independent Broker
POL-101084,2024-11-29,2025-11-29,2,1,17509.8,Lapsed,Direct Digital
POL-101085,2024-04-22,2025-04-22,2,1,8553.29,Active,Corporate Intermediary
POL-101086,2025-01-19,2026-01-19,1,1,17324.24,Active,Corporate Intermediary
POL-101087,2024-05-28,2025-05-28,1,4,17061.85,Active,Direct Digital
POL-101088,2024-07-17,2025-07-17,4,2,314011.19,Active,Direct Digital
POL-101089,2024-03-02,2025-03-02,2,1,8733.31,Active,Independent Broker
POL-101090,2024-12-17,2025-12-17,1,1,19499.63,Active,Independent Broker
POL-101091,2024-06-23,2025-06-23,3,3,142890.47,Active,Corporate Intermediary
POL-101092,2025-05-15,2026-05-15,1,3,17365.22,Active,Direct Digital
POL-101093,2025-03-14,2026-03-14,5,1,92131.35,Active,Direct Digital
POL-101094,2024-06-01,2025-06-01,3,1,91297.08,Active,Affinity Partner
POL-101095,2025-05-31,2026-05-31,1,2,18310.4,Active,Corporate Intermediary
POL-101096,2024-04-10,2025-04-10,2,3,10519.06,Active,Direct Digital
POL-101097,2025-02-20,2026-02-20,1,1,15477.85,Active,Affinity Partner
POL-101098,2024-01-17,2025-01-16,3,4,77970.72,Active,Corporate Intermediary
POL-101099,2024-01-25,2025-01-24,2,2,17851.32,Active,Independent Broker
POL-101100,2025-01-14,2026-01-14,4,2,247456.01,Active,Independent Broker
POL-101101,2025-01-29,2026-01-29,4,2,205075.48,Active,Corporate Intermediary
POL-101102,2024-07-31,2025-07-31,4,1,227011.53,Active,Affinity Partner
POL-101103,2025-06-11,2026-06-11,4,2,292554.59,Active,Independent Broker
POL-101104,2024-02-11,2025-02-10,2,2,9618.69,Active,Direct Digital
POL-101105,2024-07-28,2025-07-28,1,2,13513.58,Active,Independent Broker
POL-101106,2024-08-02,2025-08-02,5,6,179350.6,Active,Corporate Intermediary
POL-101107,2025-05-30,2026-05-30,4,2,142900.61,Active,Independent Broker
POL-101108,2025-05-12,2026-05-12,3,3,139888.06,Active,Independent Broker
POL-101109,2024-10-26,2025-10-26,2,4,12280.41,Active,Independent Broker
POL-101110,2024-03-08,2025-03-08,1,2,11031.86,Active,Direct Digital
POL-101111,2024-03-19,2025-03-19,1,1,14125.46,Active,Independent Broker
POL-101112,2024-07-28,2025-07-28,3,4,44677.45,Active,Independent Broker
POL-101113,2024-05-15,2025-05-15,3,2,91575.34,Active,Direct Digital
POL-101114,2024-07-12,2025-07-12,1,1,23897.42,Active,Affinity Partner
POL-101115,2024-12-09,2025-12-09,2,3,11930.54,Active,Independent Broker
POL-101116,2025-03-31,2026-03-31,2,1,15028.07,Lapsed,Independent Broker
POL-101117,2024-09-23,2025-09-23,1,2,15699.2,Active,Corporate Intermediary
POL-101118,2024-05-31,2025-05-31,2,1,13491.79,Active,Affinity Partner
POL-101119,2024-10-19,2025-10-19,1,1,23365.04,Active,Independent Broker
POL-101120,2024-06-06,2025-06-06,1,1,11517.44,Cancelled,Independent Broker
POL-101121,2025-03-27,2026-03-27,1,2,12625.74,Active,Direct Digital
POL-101122,2024-11-20,2025-11-20,2,1,12346.23,Active,Direct Digital
POL-101123,2024-11-04,2025-11-04,1,1,16234.82,Active,Direct Digital
POL-101124,2025-04-14,2026-04-14,2,1,7259.26,Active,Affinity Partner
POL-101125,2024-12-05,2025-12-05,4,5,147411.43,Lapsed,Affinity Partner
POL-101126,2024-05-30,2025-05-30,3,6,149011.93,Active,Independent Broker
POL-101127,2025-05-05,2026-05-05,1,1,20719.34,Active,Direct Digital
POL-101128,2024-08-13,2025-08-13,2,2,8476.24,Active,Independent Broker
POL-101129,2025-06-23,2026-06-23,1,7,14158.01,Active,Independent Broker
POL-101130,2025-04-01,2026-04-01,4,4,309617.81,Cancelled,Independent Broker
POL-101131,2025-05-17,2026-05-17,2,3,15550.07,Lapsed,Affinity Partner
POL-101132,2025-01-04,2026-01-04,2,1,17080.3,Active,Independent Broker
POL-101133,2024-01-13,2025-01-12,2,2,12048.7,Cancelled,Corporate Intermediary
POL-101134,2024-03-30,2025-03-30,1,6,24160.0,Active,Independent Broker
POL-101135,2025-03-29,2026-03-29,2,1,18318.28,Cancelled,Independent Broker
POL-101136,2025-02-28,2026-02-28,1,3,19406.15,Active,Independent Broker
POL-101137,2025-06-21,2026-06-21,2,1,20077.51,Active,Independent Broker
POL-101138,2024-01-07,2025-01-06,2,4,19818.86,Active,Independent Broker
POL-101139,2024-05-20,2025-05-20,1,1,23249.45,Active,Independent Broker
POL-101140,2024-11-05,2025-11-05,3,1,100303.86,Active,Direct Digital
POL-101141,2024-01-03,2025-01-02,1,1,14522.78,Active,Independent Broker
POL-101142,2024-05-07,2025-05-07,4,4,293708.2,Active,Independent Broker
POL-101143,2024-09-07,2025-09-07,1,1,22141.38,Active,Affinity Partner
POL-101144,2025-01-05,2026-01-05,3,2,108737.8,Active,Independent Broker
POL-101145,2025-05-02,2026-05-02,4,1,166434.54,Active,Direct Digital
POL-101146,2024-09-22,2025-09-22,1,3,10559.57,Active,Corporate Intermediary
POL-101147,2024-05-18,2025-05-18,2,1,7929.86,Active,Independent Broker
POL-101148,2024-12-30,2025-12-30,1,1,14383.29,Active,Direct Digital
POL-101149,2024-07-17,2025-07-17,5,4,81152.07,Active,Corporate Intermediary
POL-101150,2024-11-26,2025-11-26,2,5,18238.31,Active,Independent Broker
POL-101151,2025-01-06,2026-01-06,1,3,19112.76,Active,Direct Digital
POL-101152,2025-06-14,2026-06-14,2,2,17947.55,Active,Affinity Partner
POL-101153,2024-06-15,2025-06-15,1,1,12134.7,Active,Direct Digital
POL-101154,2025-06-22,2026-06-22,3,6,107031.31,Active,Direct Digital
POL-101155,2025-04-16,2026-04-16,1,1,23029.05,Lapsed,Independent Broker
POL-101156,2024-11-15,2025-11-15,4,2,109058.43,Active,Affinity Partner
POL-101157,2025-06-19,2026-06-19,5,2,79275.22,Active,Independent Broker
POL-101158,2024-05-01,2025-05-01,1,1,23651.77,Active,Direct Digital
POL-101159,2024-05-08,2025-05-08,1,1,25690.2,Active,Corporate Intermediary
POL-101160,2024-04-24,2025-04-24,1,1,22304.95,Active,Direct Digital
POL-101161,2024-04-20,2025-04-20,1,4,18021.06,Active,Direct Digital
POL-101162,2024-09-16,2025-09-16,1,1,14546.99,Active,Direct Digital
POL-101163,2024-05-06,2025-05-06,4,1,218962.75,Active,Independent Broker
POL-101164,2024-01-30,2025-01-29,1,1,23472.13,Lapsed,Affinity Partner
POL-101165,2024-12-22,2025-12-22,2,1,19000.91,Active,Independent Broker
POL-101166,2025-06-01,2026-06-01,3,1,53694.47,Active,Direct Digital
POL-101167,2024-08-10,2025-08-10,5,1,213924.85,Active,Corporate Intermediary
POL-101168,2024-01-05,2025-01-04,5,1,207119.46,Lapsed,Corporate Intermediary
POL-101169,2025-05-01,2026-05-01,2,5,15333.45,Active,Affinity Partner
POL-101170,2024-07-04,2025-07-04,2,2,13052.47,Active,Independent Broker
POL-101171,2024-11-17,2025-11-17,1,2,11409.19,Active,Corporate Intermediary
POL-101172,2024-10-22,2025-10-22,3,6,46791.81,Active,Direct Digital
POL-101173,2024-10-17,2025-10-17,2,3,17359.21,Active,Corporate Intermediary
POL-101174,2024-08-19,2025-08-19,3,2,76289.54,Active,Direct Digital
POL-101175,2024-03-12,2025-03-12,3,5,85358.08,Active,Independent Broker
POL-101176,2024-04-17,2025-04-17,2,2,14412.74,Active,Direct Digital
POL-101177,2025-02-08,2026-02-08,2,5,15349.69,Active,Affinity Partner
POL-101178,2024-06-21,2025-06-21,1,2,25593.4,Active,Independent Broker
POL-101179,2025-02-17,2026-02-17,1,1,23344.99,Active,Direct Digital
POL-101180,2024-10-06,2025-10-06,5,4,210348.26,Active,Independent Broker
POL-101181,2025-02-18,2026-02-18,3,3,74909.09,Active,Direct Digital
POL-101182,2024-09-13,2025-09-13,3,3,69236.97,Lapsed,Direct Digital
POL-101183,2024-02-24,2025-02-23,1,3,20720.96,Cancelled,Independent Broker
POL-101184,2024-11-30,2025-11-30,1,1,19800.25,Active,Direct Digital
POL-101185,2025-06-16,2026-06-16,5,3,184764.34,Active,Independent Broker
POL-101186,2025-05-17,2026-05-17,3,1,106007.7,Active,Independent Broker
POL-101187,2024-01-19,2025-01-18,5,1,218420.97,Lapsed,Direct Digital
POL-101188,2025-04-05,2026-04-05,2,2,13307.27,Active,Direct Digital
POL-101189,2024-11-06,2025-11-06,5,1,133551.53,Active,Independent Broker
POL-101190,2025-05-14,2026-05-14,5,1,146705.39,Active,Independent Broker
POL-101191,2025-04-26,2026-04-26,3,3,142813.47,Active,Independent Broker
POL-101192,2025-05-21,2026-05-21,4,2,226150.22,Active,Affinity Partner
POL-101193,2024-11-24,2025-11-24,1,1,19283.6,Active,Independent Broker
POL-101194,2024-01-28,2025-01-27,5,4,108013.61,Active,Independent Broker
POL-101195,2024-12-31,2025-12-31,2,2,7979.0,Active,Direct Digital
POL-101196,2024-11-15,2025-11-15,4,1,298045.31,Active,Independent Broker
POL-101197,2024-12-11,2025-12-11,1,1,18430.04,Active,Independent Broker
POL-101198,2025-03-08,2026-03-08,3,3,148366.36,Active,Independent Broker
POL-101199,2024-01-23,2025-01-22,2,2,15070.88,Active,Direct Digital
POL-101200,2025-05-15,2026-05-15,1,5,20671.83,Active,Independent Broker
POL-101201,2024-12-13,2025-12-13,1,4,14512.14,Cancelled,Direct Digital
POL-101202,2024-03-18,2025-03-18,3,1,75907.96,Active,Affinity Partner
POL-101203,2025-02-15,2026-02-15,1,4,21783.36,Active,Corporate Intermediary
POL-101204,2024-04-07,2025-04-07,4,2,141974.41,Active,Independent Broker
POL-101205,2025-03-13,2026-03-13,1,2,22648.69,Active,Independent Broker
POL-101206,2024-11-03,2025-11-03,2,4,14651.28,Active,Independent Broker
POL-101207,2025-06-11,2026-06-11,2,4,17735.5,Active,Direct Digital
POL-101208,2025-06-12,2026-06-12,1,3,17786.94,Active,Corporate Intermediary
POL-101209,2025-04-23,2026-04-23,1,4,18336.6,Active,Corporate Intermediary
POL-101210,2025-03-20,2026-03-20,3,6,115957.5,Active,Independent Broker
POL-101211,2024-05-31,2025-05-31,1,1,21841.51,Active,Corporate Intermediary
POL-101212,2025-02-24,2026-02-24,2,1,15948.2,Active,Direct Digital
POL-101213,2024-10-20,2025-10-20,4,1,137829.43,Active,Independent Broker
POL-101214,2024-04-26,2025-04-26,1,1,10054.35,Active,Independent Broker
POL-101215,2025-05-12,2026-05-12,3,2,91798.26,Lapsed,Direct Digital
POL-101216,2024-10-06,2025-10-06,1,1,13837.71,Active,Independent Broker
POL-101217,2024-06-29,2025-06-29,4,1,311127.79,Active,Direct Digital
POL-101218,2024-03-26,2025-03-26,2,3,11312.11,Active,Affinity Partner
POL-101219,2025-01-07,2026-01-07,4,4,292001.24,Active,Corporate Intermediary
POL-101220,2024-05-23,2025-05-23,1,1,18963.96,Active,Direct Digital
POL-101221,2025-06-21,2026-06-21,1,3,24106.86,Active,Direct Digital
POL-101222,2024-11-16,2025-11-16,2,3,17373.86,Active,Independent Broker
POL-101223,2025-03-09,2026-03-09,1,1,11351.75,Active,Direct Digital
POL-101224,2025-02-22,2026-02-22,1,3,10517.18,Active,Independent Broker
POL-101225,2024-04-25,2025-04-25,2,3,13048.18,Active,Affinity Partner
POL-101226,2024-05-28,2025-05-28,2,2,17076.26,Active,Direct Digital
POL-101227,2024-02-05,2025-02-04,5,4,185820.02,Active,Affinity Partner
POL-101228,2024-09-02,2025-09-02,1,3,15908.92,Active,Independent Broker
POL-101229,2024-05-04,2025-05-04,3,1,143202.36,Active,Affinity Partner
POL-101230,2025-02-06,2026-02-06,1,1,11080.11,Active,Direct Digital
POL-101231,2024-08-03,2025-08-03,1,2,19954.18,Active,Corporate Intermediary
POL-101232,2025-02-20,2026-02-20,1,1,23809.69,Active,Affinity Partner
POL-101233,2025-04-27,2026-04-27,5,2,207504.53,Active,Independent Broker
POL-101234,2024-04-12,2025-04-12,1,5,13879.91,Active,Independent Broker
POL-101235,2024-11-30,2025-11-30,2,5,7577.44,Active,Independent Broker
POL-101236,2025-03-30,2026-03-30,4,1,75753.57,Active,Independent Broker
POL-101237,2024-03-25,2025-03-25,1,1,13693.5,Active,Corporate Intermediary
POL-101238,2024-05-13,2025-05-13,4,5,175527.47,Lapsed,Independent Broker
POL-101239,2024-05-16,2025-05-16,1,1,20874.46,Active,Corporate Intermediary
POL-101240,2024-07-22,2025-07-22,1,2,15628.63,Active,Independent Broker
POL-101241,2024-08-17,2025-08-17,1,1,24739.04,Active,Independent Broker
POL-101242,2024-04-01,2025-04-01,2,1,10812.61,Active,Direct Digital
POL-101243,2025-03-15,2026-03-15,4,1,111566.54,Lapsed,Direct Digital
POL-101244,2024-04-30,2025-04-30,1,6,18223.74,Active,Affinity Partner
POL-101245,2025-05-21,2026-05-21,1,1,21302.44,Active,Corporate Intermediary
POL-101246,2024-09-29,2025-09-29,2,6,14019.52,Active,Corporate Intermediary
POL-101247,2024-08-08,2025-08-08,2,6,16545.2,Active,Independent Broker
POL-101248,2024-05-29,2025-05-29,1,1,25608.5,Active,Independent Broker
POL-101249,2024-09-11,2025-09-11,2,3,16642.89,Active,Direct Digital
POL-101250,2024-05-16,2025-05-16,2,5,12686.26,Active,Independent Broker
POL-101251,2025-03-09,2026-03-09,5,3,93558.35,Active,Direct Digital
POL-101252,2024-12-06,2025-12-06,1,2,24494.92,Cancelled,Affinity Partner
POL-101253,2024-02-16,2025-02-15,1,1,17874.49,Active,Affinity Partner
POL-101254,2025-01-14,2026-01-14,1,3,10274.45,Active,Direct Digital
POL-101255,2025-05-19,2026-05-19,2,2,9020.49,Active,Independent Broker
POL-101256,2024-05-25,2025-05-25,1,1,14737.62,Cancelled,Independent Broker
POL-101257,2024-10-14,2025-10-14,5,2,207460.3,Active,Corporate Intermediary
POL-101258,2024-09-27,2025-09-27,3,2,93421.49,Active,Independent Broker
POL-101259,2025-05-18,2026-05-18,5,1,144464.7,Lapsed,Independent Broker
POL-101260,2025-03-26,2026-03-26,1,1,12037.38,Active,Direct Digital
POL-101261,2024-09-23,2025-09-23,1,5,17260.98,Active,Corporate Intermediary
POL-101262,2025-05-21,2026-05-21,1,2,15446.93,Active,Independent Broker
POL-101263,2025-05-19,2026-05-19,1,6,23816.82,Active,Direct Digital
POL-101264,2024-10-17,2025-10-17,1,1,21898.96,Active,Independent Broker
POL-101265,2024-08-05,2025-08-05,3,1,104069.82,Active,Independent Broker
POL-101266,2024-03-19,2025-03-19,1,7,17769.02,Active,Independent Broker
POL-101267,2024-10-18,2025-10-18,4,5,104887.78,Active,Affinity Partner
POL-101268,2024-04-18,2025-04-18,2,1,7598.47,Active,Independent Broker
POL-101269,2025-05-06,2026-05-06,2,4,20381.78,Active,Direct Digital
POL-101270,2024-02-14,2025-02-13,4,4,307969.51,Active,Independent Broker
POL-101271,2024-05-12,2025-05-12,1,1,22745.55,Active,Corporate Intermediary
POL-101272,2024-03-13,2025-03-13,3,3,87004.13,Active,Direct Digital
POL-101273,2025-02-12,2026-02-12,1,1,23578.47,Active,Corporate Intermediary
POL-101274,2024-10-18,2025-10-18,4,7,308835.95,Active,Direct Digital
POL-101275,2025-03-18,2026-03-18,5,1,203634.83,Active,Independent Broker
POL-101276,2024-04-08,2025-04-08,2,3,9958.22,Active,Independent Broker
POL-101277,2024-10-01,2025-10-01,3,3,91922.33,Active,Corporate Intermediary
POL-101278,2024-07-09,2025-07-09,2,4,13079.04,Active,Independent Broker
POL-101279,2025-04-19,2026-04-19,4,1,233664.6,Active,Affinity Partner
POL-101280,2025-06-23,2026-06-23,4,4,203546.06,Active,Independent Broker
POL-101281,2025-05-04,2026-05-04,2,1,20781.77,Active,Independent Broker
POL-101282,2024-09-11,2025-09-11,3,2,76866.83,Active,Direct Digital
POL-101283,2024-02-16,2025-02-15,3,1,102256.89,Active,Independent Broker
POL-101284,2024-09-16,2025-09-16,2,1,15280.84,Active,Direct Digital
POL-101285,2025-04-18,2026-04-18,1,1,23423.72,Active,Independent Broker
POL-101286,2024-10-31,2025-10-31,2,3,17192.51,Active,Independent Broker
POL-101287,2024-09-28,2025-09-28,2,1,10112.74,Active,Affinity Partner
POL-101288,2024-09-22,2025-09-22,4,1,181280.74,Active,Independent Broker
POL-101289,2024-01-14,2025-01-13,1,4,17424.77,Active,Corporate Intermediary
POL-101290,2025-05-13,2026-05-13,2,4,18421.23,Active,Independent Broker
POL-101291,2025-02-08,2026-02-08,2,1,8926.23,Active,Direct Digital
POL-101292,2024-01-17,2025-01-16,4,1,285457.95,Active,Independent Broker
POL-101293,2024-09-04,2025-09-04,2,4,19043.01,Active,Direct Digital
POL-101294,2025-04-19,2026-04-19,1,2,16518.82,Active,Affinity Partner
POL-101295,2025-03-31,2026-03-31,3,2,44316.08,Active,Direct Digital
POL-101296,2024-10-28,2025-10-28,3,2,48008.82,Active,Independent Broker
POL-101297,2025-03-18,2026-03-18,2,3,17371.68,Active,Independent Broker
POL-101298,2024-10-24,2025-10-24,1,3,16154.76,Active,Independent Broker
POL-101299,2025-05-14,2026-05-14,1,6,10595.56,Active,Independent Broker
POL-101300,2024-03-06,2025-03-06,1,4,16441.05,Active,Independent Broker
POL-101301,2024-12-21,2025-12-21,2,5,13219.97,Active,Independent Broker
POL-101302,2025-04-25,2026-04-25,2,2,10403.02,Active,Affinity Partner
POL-101303,2024-12-13,2025-12-13,4,6,235954.74,Active,Direct Digital
POL-101304,2025-02-03,2026-02-03,2,5,16204.5,Active,Independent Broker
POL-101305,2024-06-14,2025-06-14,4,1,144202.02,Active,Independent Broker
POL-101306,2024-05-12,2025-05-12,1,1,12163.55,Active,Corporate Intermediary
POL-101307,2025-05-20,2026-05-20,2,1,10090.17,Active,Direct Digital
POL-101308,2024-09-24,2025-09-24,2,5,9388.76,Active,Corporate Intermediary
POL-101309,2024-02-02,2025-02-01,1,2,16662.18,Active,Direct Digital
POL-101310,2024-08-17,2025-08-17,3,1,159252.21,Active,Corporate Intermediary
POL-101311,2024-09-30,2025-09-30,1,5,23928.61,Active,Direct Digital
POL-101312,2024-02-21,2025-02-20,2,2,20484.53,Active,Affinity Partner
POL-101313,2024-04-14,2025-04-14,3,1,101862.08,Active,Direct Digital
POL-101314,2024-07-29,2025-07-29,2,1,17251.22,Active,Corporate Intermediary
POL-101315,2025-05-25,2026-05-25,5,1,76230.27,Active,Corporate Intermediary
POL-101316,2024-05-05,2025-05-05,1,2,25502.04,Active,Direct Digital
POL-101317,2025-04-30,2026-04-30,2,1,14169.31,Active,Independent Broker
POL-101318,2025-02-28,2026-02-28,2,4,16376.93,Active,Corporate Intermediary
POL-101319,2025-03-07,2026-03-07,1,1,22749.01,Active,Independent Broker
POL-101320,2025-04-14,2026-04-14,3,5,84689.38,Active,Direct Digital
POL-101321,2024-01-11,2025-01-10,5,3,210419.28,Active,Independent Broker
POL-101322,2024-06-17,2025-06-17,2,1,12627.07,Active,Affinity Partner
POL-101323,2024-06-03,2025-06-03,3,1,157372.49,Cancelled,Corporate Intermediary
POL-101324,2025-06-16,2026-06-16,2,2,12747.64,Active,Independent Broker
POL-101325,2024-11-07,2025-11-07,5,6,103328.19,Active,Corporate Intermediary
POL-101326,2025-06-24,2026-06-24,4,1,246572.29,Active,Direct Digital
POL-101327,2025-03-28,2026-03-28,4,2,292480.35,Active,Independent Broker
POL-101328,2024-07-21,2025-07-21,2,1,7710.19,Active,Independent Broker
POL-101329,2024-05-09,2025-05-09,3,3,75503.49,Active,Independent Broker
POL-101330,2025-06-17,2026-06-17,2,7,15972.46,Active,Corporate Intermediary
POL-101331,2024-09-21,2025-09-21,1,7,14584.65,Active,Independent Broker
POL-101332,2024-03-02,2025-03-02,2,1,15852.46,Active,Direct Digital
POL-101333,2024-05-07,2025-05-07,2,1,15099.61,Active,Independent Broker
POL-101334,2024-08-29,2025-08-29,5,3,146151.53,Lapsed,Independent Broker
POL-101335,2024-08-27,2025-08-27,2,1,11126.59,Active,Independent Broker
POL-101336,2024-05-23,2025-05-23,5,2,138343.33,Active,Independent Broker
POL-101337,2024-07-16,2025-07-16,5,2,127232.63,Active,Independent Broker
POL-101338,2025-02-25,2026-02-25,1,1,10619.98,Lapsed,Independent Broker
POL-101339,2025-04-01,2026-04-01,1,2,20699.89,Active,Independent Broker
POL-101340,2025-02-08,2026-02-08,1,3,17780.77,Active,Independent Broker
POL-101341,2025-05-16,2026-05-16,5,2,190048.01,Active,Direct Digital
POL-101342,2025-04-13,2026-04-13,1,5,18016.24,Active,Independent Broker
POL-101343,2025-04-11,2026-04-11,3,1,130086.56,Lapsed,Independent Broker
POL-101344,2024-05-01,2025-05-01,4,2,102032.36,Active,Direct Digital
POL-101345,2025-06-19,2026-06-19,1,1,15692.06,Cancelled,Independent Broker
POL-101346,2025-05-12,2026-05-12,1,1,11931.09,Active,Direct Digital
POL-101347,2024-11-08,2025-11-08,2,1,9726.46,Active,Direct Digital
POL-101348,2024-12-23,2025-12-23,1,1,16448.23,Active,Independent Broker
POL-101349,2024-12-11,2025-12-11,2,2,18715.55,Active,Direct Digital
POL-101350,2024-05-21,2025-05-21,3,4,96390.47,Active,Independent Broker
POL-101351,2024-11-29,2025-11-29,1,4,20497.84,Active,Direct Digital
POL-101352,2025-02-08,2026-02-08,2,3,7832.31,Active,Independent Broker
POL-101353,2024-10-11,2025-10-11,4,1,287158.63,Active,Independent Broker
POL-101354,2024-11-12,2025-11-12,3,4,56606.23,Active,Direct Digital
POL-101355,2024-02-24,2025-02-23,3,3,64348.71,Active,Corporate Intermediary
POL-101356,2024-05-03,2025-05-03,4,3,119037.13,Active,Corporate Intermediary
POL-101357,2024-09-08,2025-09-08,5,3,125519.01,Active,Independent Broker
POL-101358,2025-02-15,2026-02-15,4,1,195410.89,Lapsed,Independent Broker
POL-101359,2024-07-03,2025-07-03,2,1,19063.15,Active,Direct Digital
POL-101360,2024-04-27,2025-04-27,1,3,12357.76,Active,Direct Digital
POL-101361,2024-04-01,2025-04-01,1,1,25215.5,Active,Direct Digital
POL-101362,2024-11-29,2025-11-29,1,1,21298.13,Active,Direct Digital
POL-101363,2024-05-25,2025-05-25,2,2,10759.49,Lapsed,Corporate Intermediary
POL-101364,2024-02-23,2025-02-22,1,1,21934.99,Active,Independent Broker
POL-101365,2025-05-31,2026-05-31,2,1,10916.17,Active,Independent Broker
POL-101366,2024-03-08,2025-03-08,3,1,90084.27,Active,Corporate Intermediary
POL-101367,2024-10-02,2025-10-02,3,3,121661.5,Active,Independent Broker
POL-101368,2024-05-08,2025-05-08,2,3,12813.09,Active,Independent Broker
POL-101369,2024-07-27,2025-07-27,1,2,18463.21,Active,Direct Digital
POL-101370,2025-03-09,2026-03-09,3,2,46931.47,Active,Affinity Partner
POL-101371,2024-10-23,2025-10-23,4,1,75133.02,Lapsed,Independent Broker
POL-101372,2024-09-13,2025-09-13,4,2,319814.26,Active,Direct Digital
POL-101373,2025-06-06,2026-06-06,2,1,9427.55,Active,Direct Digital
POL-101374,2024-04-01,2025-04-01,2,5,8897.08,Active,Independent Broker
POL-101375,2024-10-13,2025-10-13,2,1,15624.15,Lapsed,Independent Broker
POL-101376,2024-12-16,2025-12-16,4,1,315011.89,Active,Direct Digital
POL-101377,2024-11-25,2025-11-25,2,1,13545.23,Active,Direct Digital
POL-101378,2024-05-16,2025-05-16,4,1,224152.75,Active,Direct Digital
POL-101379,2024-06-26,2025-06-26,2,3,19554.7,Active,Corporate Intermediary
POL-101380,2024-03-24,2025-03-24,4,4,93993.16,Active,Corporate Intermediary
POL-101381,2025-03-31,2026-03-31,4,1,161483.71,Active,Corporate Intermediary
POL-101382,2025-01-01,2026-01-01,2,1,18780.21,Active,Affinity Partner
POL-101383,2024-05-07,2025-05-07,2,2,20120.22,Active,Direct Digital
POL-101384,2024-01-21,2025-01-20,5,1,165694.24,Active,Direct Digital
POL-101385,2024-11-06,2025-11-06,5,1,89823.85,Active,Independent Broker
POL-101386,2024-10-14,2025-10-14,3,5,125422.22,Active,Direct Digital
POL-101387,2025-02-09,2026-02-09,1,1,18933.28,Active,Independent Broker
POL-101388,2024-06-28,2025-06-28,1,3,11703.24,Active,Direct Digital
POL-101389,2024-08-21,2025-08-21,3,6,134305.82,Active,Independent Broker
POL-101390,2024-09-15,2025-09-15,4,3,291359.97,Active,Independent Broker
POL-101391,2024-02-23,2025-02-22,2,2,18851.91,Active,Direct Digital
POL-101392,2025-06-14,2026-06-14,2,3,12188.31,Active,Corporate Intermediary
POL-101393,2024-08-17,2025-08-17,1,1,24661.62,Active,Independent Broker
POL-101394,2025-02-05,2026-02-05,1,2,10941.67,Active,Direct Digital
POL-101395,2024-08-19,2025-08-19,4,2,309655.04,Lapsed,Direct Digital
POL-101396,2024-12-03,2025-12-03,2,1,15838.73,Active,Independent Broker
POL-101397,2024-01-25,2025-01-24,4,4,304089.9,Active,Direct Digital
POL-101398,2025-04-29,2026-04-29,1,2,23253.29,Active,Independent Broker
POL-101399,2024-08-30,2025-08-30,1,7,19439.42,Active,Direct Digital
POL-101400,2025-04-02,2026-04-02,3,1,52093.09,Active,Direct Digital
POL-101401,2024-11-16,2025-11-16,4,1,266748.33,Active,Corporate Intermediary
POL-101402,2024-02-26,2025-02-25,2,4,15841.36,Active,Independent Broker
POL-101403,2024-02-23,2025-02-22,2,2,12743.23,Active,Independent Broker
POL-101404,2024-01-11,2025-01-10,2,2,13606.09,Active,Independent Broker
POL-101405,2024-04-13,2025-04-13,2,4,20138.67,Active,Independent Broker
POL-101406,2024-12-02,2025-12-02,4,1,101461.61,Active,Independent Broker
POL-101407,2024-07-17,2025-07-17,3,1,117208.92,Active,Independent Broker
POL-101408,2025-03-31,2026-03-31,1,1,11857.83,Active,Direct Digital
POL-101409,2025-03-22,2026-03-22,3,4,131016.09,Active,Corporate Intermediary
POL-101410,2024-05-29,2025-05-29,1,2,14662.26,Active,Independent Broker
POL-101411,2024-01-09,2025-01-08,3,3,119605.86,Active,Direct Digital
POL-101412,2024-02-25,2025-02-24,2,2,9896.62,Active,Affinity Partner
POL-101413,2024-03-11,2025-03-11,2,1,16416.47,Active,Affinity Partner
POL-101414,2024-12-05,2025-12-05,3,3,155641.66,Active,Independent Broker
POL-101415,2024-06-15,2025-06-15,1,2,23968.13,Lapsed,Independent Broker
POL-101416,2024-01-04,2025-01-03,4,1,244839.04,Active,Direct Digital
POL-101417,2025-05-07,2026-05-07,5,7,211940.0,Active,Independent Broker
POL-101418,2024-07-29,2025-07-29,2,1,18599.96,Active,Direct Digital
POL-101419,2025-01-01,2026-01-01,1,3,11489.1,Active,Direct Digital
POL-101420,2025-01-03,2026-01-03,1,1,12865.62,Active,Direct Digital
POL-101421,2024-09-25,2025-09-25,5,1,107768.97,Active,Direct Digital
POL-101422,2024-01-23,2025-01-22,1,1,24534.64,Active,Independent Broker
POL-101423,2025-01-23,2026-01-23,4,1,157903.9,Active,Independent Broker
POL-101424,2025-01-13,2026-01-13,2,4,9564.77,Active,Corporate Intermediary
POL-101425,2025-03-20,2026-03-20,5,1,70143.86,Lapsed,Direct Digital
POL-101426,2024-07-13,2025-07-13,1,3,15802.41,Active,Independent Broker
POL-101427,2024-09-07,2025-09-07,1,7,19702.86,Active,Independent Broker
POL-101428,2024-06-01,2025-06-01,2,1,7934.97,Active,Corporate Intermediary
POL-101429,2025-06-04,2026-06-04,3,3,66690.03,Active,Independent Broker
POL-101430,2024-03-07,2025-03-07,1,3,15965.1,Lapsed,Corporate Intermediary
POL-101431,2025-01-18,2026-01-18,3,3,96783.54,Active,Independent Broker
POL-101432,2025-05-09,2026-05-09,5,3,130538.89,Active,Independent Broker
POL-101433,2024-02-07,2025-02-06,1,1,24276.11,Active,Direct Digital
POL-101434,2024-08-11,2025-08-11,2,2,19464.18,Active,Affinity Partner
POL-101435,2025-01-18,2026-01-18,1,3,10990.05,Active,Direct Digital
POL-101436,2025-06-15,2026-06-15,2,1,15258.68,Active,Independent Broker
POL-101437,2025-03-12,2026-03-12,2,2,13168.58,Active,Independent Broker
POL-101438,2024-10-06,2025-10-06,2,1,9678.01,Active,Independent Broker
POL-101439,2025-01-02,2026-01-02,1,1,23418.7,Active,Independent Broker
POL-101440,2024-10-10,2025-10-10,1,1,11544.84,Active,Independent Broker
POL-101441,2024-12-07,2025-12-07,1,5,14999.56,Active,Corporate Intermediary
POL-101442,2024-10-08,2025-10-08,1,5,19506.16,Active,Corporate Intermediary
POL-101443,2024-09-24,2025-09-24,1,7,14511.38,Active,Corporate Intermediary
POL-101444,2025-02-17,2026-02-17,2,3,17657.72,Active,Independent Broker
POL-101445,2024-06-01,2025-06-01,2,1,10331.58,Active,Independent Broker
POL-101446,2025-06-12,2026-06-12,4,3,260617.22,Active,Independent Broker
POL-101447,2024-03-28,2025-03-28,2,1,13117.34,Lapsed,Independent Broker
POL-101448,2025-03-25,2026-03-25,2,3,7615.44,Active,Corporate Intermediary
POL-101449,2024-11-08,2025-11-08,5,1,134966.04,Active,Independent Broker
POL-101450,2024-08-18,2025-08-18,2,2,16663.53,Active,Corporate Intermediary
POL-101451,2024-11-02,2025-11-02,2,3,7520.71,Active,Affinity Partner
POL-101452,2024-06-06,2025-06-06,2,3,15891.78,Active,Independent Broker
POL-101453,2025-02-04,2026-02-04,2,1,20291.96,Active,Independent Broker
POL-101454,2025-05-01,2026-05-01,1,2,18940.05,Active,Corporate Intermediary
POL-101455,2024-04-05,2025-04-05,1,1,20668.12,Active,Corporate Intermediary
POL-101456,2025-05-15,2026-05-15,1,1,12863.58,Lapsed,Independent Broker
POL-101457,2024-07-29,2025-07-29,1,1,20416.95,Active,Direct Digital
POL-101458,2025-06-14,2026-06-14,1,1,14959.06,Lapsed,Independent Broker
POL-101459,2024-04-23,2025-04-23,1,3,16461.98,Active,Independent Broker
POL-101460,2024-07-30,2025-07-30,1,1,14680.02,Active,Independent Broker
POL-101461,2024-06-11,2025-06-11,4,3,305092.79,Active,Independent Broker
POL-101462,2025-04-14,2026-04-14,2,1,7302.72,Active,Direct Digital
POL-101463,2025-02-12,2026-02-12,4,1,203834.84,Lapsed,Corporate Intermediary
POL-101464,2025-04-16,2026-04-16,2,3,7739.37,Active,Independent Broker
POL-101465,2025-04-12,2026-04-12,2,5,18828.42,Active,Independent Broker
POL-101466,2024-06-28,2025-06-28,2,1,9678.18,Active,Independent Broker
POL-101467,2025-01-28,2026-01-28,4,1,246137.9,Active,Independent Broker
POL-101468,2024-02-14,2025-02-13,1,1,14089.93,Active,Direct Digital
POL-101469,2024-03-09,2025-03-09,4,6,251990.3,Active,Independent Broker
POL-101470,2024-05-04,2025-05-04,2,1,17624.48,Active,Corporate Intermediary
POL-101471,2025-02-23,2026-02-23,2,1,10688.18,Active,Independent Broker
POL-101472,2024-03-15,2025-03-15,4,5,240527.41,Active,Independent Broker
POL-101473,2025-02-12,2026-02-12,1,2,10219.5,Active,Independent Broker
POL-101474,2024-05-19,2025-05-19,2,4,17531.73,Active,Direct Digital
POL-101475,2024-09-05,2025-09-05,5,2,73843.48,Active,Corporate Intermediary
POL-101476,2024-06-23,2025-06-23,1,3,11248.45,Active,Independent Broker
POL-101477,2025-02-04,2026-02-04,1,1,20610.83,Active,Direct Digital
POL-101478,2025-03-27,2026-03-27,2,1,10190.08,Active,Independent Broker
POL-101479,2024-08-09,2025-08-09,2,5,7859.03,Active,Independent Broker
POL-101480,2024-04-15,2025-04-15,2,5,11454.87,Active,Direct Digital
POL-101481,2025-01-21,2026-01-21,5,1,207899.49,Active,Direct Digital
POL-101482,2024-04-03,2025-04-03,1,2,10058.28,Active,Corporate Intermediary
POL-101483,2024-03-05,2025-03-05,1,1,22669.56,Active,Direct Digital
POL-101484,2024-06-20,2025-06-20,1,2,18005.0,Active,Independent Broker
POL-101485,2024-07-13,2025-07-13,4,1,303910.21,Active,Independent Broker
POL-101486,2024-08-25,2025-08-25,1,1,15447.85,Active,Independent Broker
POL-101487,2024-11-19,2025-11-19,1,2,13089.39,Active,Independent Broker
POL-101488,2024-10-12,2025-10-12,4,4,165400.09,Active,Direct Digital
POL-101489,2024-11-04,2025-11-04,5,3,134927.92,Cancelled,Independent Broker
POL-101490,2024-06-24,2025-06-24,1,1,19437.82,Cancelled,Independent Broker
POL-101491,2024-05-16,2025-05-16,2,1,15967.88,Lapsed,Independent Broker
POL-101492,2025-05-08,2026-05-08,1,2,9889.44,Lapsed,Independent Broker
POL-101493,2025-06-07,2026-06-07,4,6,131944.24,Active,Affinity Partner
POL-101494,2024-08-26,2025-08-26,1,4,22046.63,Active,Direct Digital
POL-101495,2025-03-14,2026-03-14,5,1,155360.26,Active,Independent Broker
POL-101496,2024-10-30,2025-10-30,1,1,15762.27,Active,Direct Digital
POL-101497,2025-03-30,2026-03-30,5,2,72825.39,Active,Corporate Intermediary
POL-101498,2024-02-10,2025-02-09,3,2,118469.48,Active,Direct Digital
POL-101499,2024-12-05,2025-12-05,2,1,10040.28,Active,Affinity Partner
POL-101500,2024-09-11,2025-09-11,4,5,251278.04,Active,Independent Broker
POL-101501,2024-11-25,2025-11-25,1,2,19928.43,Active,Independent Broker
POL-101502,2024-07-16,2025-07-16,1,4,25869.01,Lapsed,Direct Digital
POL-101503,2024-06-26,2025-06-26,4,3,278649.12,Lapsed,Direct Digital
POL-101504,2024-03-21,2025-03-21,2,6,13645.62,Active,Direct Digital
POL-101505,2025-03-10,2026-03-10,1,3,13683.1,Active,Independent Broker
POL-101506,2024-07-25,2025-07-25,1,2,10912.26,Cancelled,Independent Broker
POL-101507,2024-06-20,2025-06-20,3,2,91878.28,Active,Independent Broker
POL-101508,2024-06-08,2025-06-08,3,1,131907.66,Active,Direct Digital
POL-101509,2024-11-03,2025-11-03,4,3,112435.68,Active,Direct Digital
POL-101510,2025-04-19,2026-04-19,2,2,11108.52,Active,Independent Broker
POL-101511,2024-12-07,2025-12-07,1,6,17295.84,Active,Direct Digital
POL-101512,2024-01-14,2025-01-13,3,6,127590.75,Active,Affinity Partner
POL-101513,2025-02-08,2026-02-08,5,2,115286.36,Active,Affinity Partner
POL-101514,2024-03-13,2025-03-13,2,1,20896.12,Active,Affinity Partner
POL-101515,2024-06-15,2025-06-15,1,7,16755.29,Active,Affinity Partner
POL-101516,2024-12-22,2025-12-22,3,5,99657.38,Active,Independent Broker
POL-101517,2025-01-29,2026-01-29,2,6,10605.73,Active,Affinity Partner
POL-101518,2025-01-05,2026-01-05,4,5,240724.27,Active,Independent Broker
POL-101519,2024-09-24,2025-09-24,4,2,306344.98,Active,Direct Digital
POL-101520,2024-06-14,2025-06-14,1,1,22243.94,Active,Affinity Partner
POL-101521,2025-02-11,2026-02-11,5,3,215604.75,Active,Affinity Partner
POL-101522,2025-03-09,2026-03-09,1,2,13747.09,Active,Affinity Partner
POL-101523,2025-01-26,2026-01-26,4,1,254813.69,Active,Affinity Partner
POL-101524,2024-04-01,2025-04-01,1,4,18990.83,Active,Corporate Intermediary
POL-101525,2024-10-02,2025-10-02,5,1,208102.87,Active,Independent Broker
POL-101526,2024-06-21,2025-06-21,3,1,53430.74,Active,Independent Broker
POL-101527,2025-03-02,2026-03-02,4,1,254595.35,Active,Independent Broker
POL-101528,2024-05-17,2025-05-17,1,3,12584.54,Lapsed,Independent Broker
POL-101529,2024-08-05,2025-08-05,1,1,10567.31,Active,Corporate Intermediary
POL-101530,2024-09-22,2025-09-22,2,2,15850.36,Active,Corporate Intermediary
POL-101531,2024-06-19,2025-06-19,1,1,11005.6,Active,Direct Digital
POL-101532,2024-01-31,2025-01-30,3,1,98391.86,Active,Direct Digital
POL-101533,2024-03-03,2025-03-03,1,7,25265.51,Active,Corporate Intermediary
POL-101534,2024-02-12,2025-02-11,1,1,18166.29,Active,Independent Broker
POL-101535,2024-09-29,2025-09-29,3,2,131315.57,Active,Independent Broker
POL-101536,2024-12-17,2025-12-17,2,1,20185.68,Active,Independent Broker
POL-101537,2024-02-28,2025-02-27,2,2,18326.53,Active,Corporate Intermediary
POL-101538,2025-02-15,2026-02-15,5,1,54365.67,Active,Independent Broker
POL-101539,2024-09-11,2025-09-11,2,2,15733.25,Active,Independent Broker
POL-101540,2025-02-27,2026-02-27,4,1,75766.63,Active,Affinity Partner
POL-101541,2024-11-25,2025-11-25,1,4,15507.37,Active,Corporate Intermediary
POL-101542,2024-11-29,2025-11-29,4,2,132221.87,Active,Independent Broker
POL-101543,2024-03-24,2025-03-24,2,2,20159.37,Lapsed,Independent Broker
POL-101544,2024-04-12,2025-04-12,5,2,99956.71,Active,Direct Digital
POL-101545,2025-06-16,2026-06-16,3,6,101547.12,Active,Corporate Intermediary
POL-101546,2024-11-04,2025-11-04,4,3,316868.8,Active,Corporate Intermediary
POL-101547,2024-04-28,2025-04-28,3,4,105798.81,Active,Direct Digital
POL-101548,2024-04-01,2025-04-01,1,2,25891.13,Active,Affinity Partner
POL-101549,2024-11-30,2025-11-30,2,7,11068.94,Active,Independent Broker
POL-101550,2024-05-06,2025-05-06,4,1,301070.37,Active,Independent Broker
POL-101551,2024-12-06,2025-12-06,1,3,22167.93,Active,Independent Broker
POL-101552,2025-01-21,2026-01-21,5,6,175120.42,Active,Independent Broker
POL-101553,2025-03-23,2026-03-23,1,1,13849.14,Active,Direct Digital
POL-101554,2024-12-14,2025-12-14,5,3,209325.81,Active,Direct Digital
POL-101555,2025-01-11,2026-01-11,1,2,25246.73,Active,Direct Digital
POL-101556,2024-03-04,2025-03-04,4,3,121515.13,Active,Independent Broker
POL-101557,2025-01-08,2026-01-08,4,1,202339.09,Active,Direct Digital
POL-101558,2025-02-08,2026-02-08,1,3,23578.74,Active,Corporate Intermediary
POL-101559,2024-10-30,2025-10-30,1,3,20751.69,Active,Direct Digital
POL-101560,2024-02-05,2025-02-04,4,2,150678.4,Cancelled,Direct Digital
POL-101561,2025-05-04,2026-05-04,4,1,196281.25,Active,Independent Broker
POL-101562,2024-12-07,2025-12-07,1,6,13054.05,Active,Corporate Intermediary
POL-101563,2024-02-23,2025-02-22,5,1,195652.4,Active,Direct Digital
POL-101564,2024-06-12,2025-06-12,1,3,16033.48,Active,Independent Broker
POL-101565,2024-12-22,2025-12-22,5,2,116480.73,Active,Direct Digital
POL-101566,2024-07-18,2025-07-18,4,3,171474.25,Active,Corporate Intermediary
POL-101567,2024-02-25,2025-02-24,5,1,127780.53,Active,Direct Digital
POL-101568,2025-05-09,2026-05-09,2,1,10094.78,Active,Direct Digital
POL-101569,2024-01-10,2025-01-09,2,6,19014.75,Active,Corporate Intermediary
POL-101570,2024-05-31,2025-05-31,2,2,16576.34,Active,Direct Digital
POL-101571,2024-12-30,2025-12-30,3,1,153517.46,Active,Independent Broker
POL-101572,2024-12-12,2025-12-12,4,2,312583.11,Active,Independent Broker
POL-101573,2024-02-04,2025-02-03,1,1,16104.97,Active,Independent Broker
POL-101574,2024-06-25,2025-06-25,4,6,166966.05,Active,Corporate Intermediary
POL-101575,2024-04-01,2025-04-01,5,2,197032.28,Active,Direct Digital
POL-101576,2025-03-31,2026-03-31,2,1,8856.01,Active,Independent Broker
POL-101577,2025-06-05,2026-06-05,1,1,19224.35,Cancelled,Independent Broker
POL-101578,2024-04-06,2025-04-06,4,1,169070.17,Cancelled,Independent Broker
POL-101579,2024-11-01,2025-11-01,3,1,53734.07,Active,Affinity Partner
POL-101580,2024-07-08,2025-07-08,2,5,7472.5,Active,Independent Broker
POL-101581,2025-05-15,2026-05-15,1,3,23329.16,Active,Corporate Intermediary
POL-101582,2024-05-07,2025-05-07,5,7,85268.84,Active,Direct Digital
POL-101583,2024-07-03,2025-07-03,1,3,16934.62,Active,Direct Digital
POL-101584,2024-07-30,2025-07-30,4,1,96516.13,Active,Corporate Intermediary
POL-101585,2024-03-27,2025-03-27,1,3,14496.68,Cancelled,Direct Digital
POL-101586,2024-01-01,2024-12-31,1,1,10357.13,Lapsed,Affinity Partner
POL-101587,2024-10-27,2025-10-27,4,3,184005.47,Active,Independent Broker
POL-101588,2025-06-19,2026-06-19,2,3,14627.29,Active,Direct Digital
POL-101589,2024-02-15,2025-02-14,1,1,12684.41,Active,Corporate Intermediary
POL-101590,2024-05-17,2025-05-17,4,3,127929.79,Active,Direct Digital
POL-101591,2025-03-08,2026-03-08,1,3,13781.46,Active,Affinity Partner
POL-101592,2025-02-13,2026-02-13,2,1,20237.42,Active,Affinity Partner
POL-101593,2024-05-26,2025-05-26,3,1,50325.85,Active,Affinity Partner
POL-101594,2024-07-16,2025-07-16,5,2,145819.17,Active,Independent Broker
POL-101595,2024-06-16,2025-06-16,2,1,11565.77,Active,Independent Broker
POL-101596,2024-09-10,2025-09-10,1,1,11643.79,Active,Independent Broker
POL-101597,2024-03-08,2025-03-08,2,4,8427.84,Lapsed,Corporate Intermediary
POL-101598,2024-05-29,2025-05-29,1,1,9761.76,Active,Affinity Partner
POL-101599,2025-01-22,2026-01-22,1,1,12481.99,Active,Independent Broker
POL-101600,2025-05-16,2026-05-16,1,3,15321.96,Active,Direct Digital
POL-101601,2024-10-04,2025-10-04,4,1,294659.71,Active,Affinity Partner
POL-101602,2025-02-02,2026-02-02,1,2,22819.79,Active,Corporate Intermediary
POL-101603,2025-02-16,2026-02-16,3,3,57053.52,Active,Independent Broker
POL-101604,2024-06-08,2025-06-08,4,1,109954.18,Active,Direct Digital
POL-101605,2025-01-14,2026-01-14,5,7,92348.98,Active,Independent Broker
POL-101606,2024-07-06,2025-07-06,2,2,18218.87,Active,Direct Digital
POL-101607,2025-03-14,2026-03-14,3,6,146003.75,Active,Independent Broker
POL-101608,2024-03-30,2025-03-30,2,2,17833.98,Active,Independent Broker
POL-101609,2024-03-19,2025-03-19,5,1,210627.38,Active,Direct Digital
POL-101610,2024-10-19,2025-10-19,3,3,137384.94,Active,Affinity Partner
POL-101611,2025-06-04,2026-06-04,5,1,131541.51,Active,Affinity Partner
POL-101612,2024-05-07,2025-05-07,2,1,15704.76,Lapsed,Independent Broker
POL-101613,2025-03-11,2026-03-11,4,3,258668.65,Active,Independent Broker
POL-101614,2025-06-24,2026-06-24,4,3,85377.22,Active,Direct Digital
POL-101615,2025-06-20,2026-06-20,1,1,10832.01,Active,Independent Broker
POL-101616,2024-02-22,2025-02-21,2,3,12431.51,Active,Direct Digital
POL-101617,2024-09-12,2025-09-12,3,7,143221.13,Active,Independent Broker
POL-101618,2024-09-28,2025-09-28,1,1,21703.62,Active,Direct Digital
POL-101619,2024-11-08,2025-11-08,4,3,277303.21,Active,Independent Broker
POL-101620,2025-05-14,2026-05-14,1,2,9696.61,Active,Direct Digital
POL-101621,2024-04-19,2025-04-19,1,2,24199.22,Active,Independent Broker
POL-101622,2024-04-13,2025-04-13,2,3,9926.11,Active,Corporate Intermediary
POL-101623,2025-02-24,2026-02-24,1,3,9713.33,Active,Direct Digital
POL-101624,2025-04-26,2026-04-26,2,2,11330.13,Active,Direct Digital
POL-101625,2024-10-02,2025-10-02,1,2,20362.99,Active,Direct Digital
POL-101626,2025-03-20,2026-03-20,1,2,24090.65,Active,Direct Digital
POL-101627,2024-10-18,2025-10-18,1,1,16070.55,Active,Affinity Partner
POL-101628,2024-06-13,2025-06-13,4,1,307352.08,Lapsed,Affinity Partner
POL-101629,2024-05-01,2025-05-01,2,3,14791.71,Active,Independent Broker
POL-101630,2024-11-28,2025-11-28,5,7,182657.37,Active,Independent Broker
POL-101631,2025-02-02,2026-02-02,1,1,25305.93,Active,Direct Digital
POL-101632,2024-12-18,2025-12-18,3,1,132551.42,Active,Independent Broker
POL-101633,2024-12-16,2025-12-16,2,3,17376.56,Active,Direct Digital
POL-101634,2025-05-12,2026-05-12,1,7,16634.81,Active,Independent Broker
POL-101635,2024-07-10,2025-07-10,1,1,22174.33,Active,Affinity Partner
POL-101636,2024-09-10,2025-09-10,4,2,123611.05,Active,Corporate Intermediary
POL-101637,2025-05-29,2026-05-29,4,1,121223.9,Active,Independent Broker
POL-101638,2024-06-01,2025-06-01,1,1,11769.65,Active,Affinity Partner
POL-101639,2024-05-29,2025-05-29,2,1,15707.25,Active,Direct Digital
POL-101640,2025-02-21,2026-02-21,3,1,124618.75,Cancelled,Direct Digital
POL-101641,2025-03-12,2026-03-12,3,1,102163.92,Active,Independent Broker
POL-101642,2024-10-02,2025-10-02,2,1,20213.38,Active,Direct Digital
POL-101643,2024-02-18,2025-02-17,1,1,9608.79,Active,Independent Broker
POL-101644,2024-10-19,2025-10-19,3,1,149200.87,Active,Direct Digital
POL-101645,2025-05-18,2026-05-18,2,2,11400.12,Active,Direct Digital
POL-101646,2024-05-13,2025-05-13,2,2,17429.83,Active,Corporate Intermediary
POL-101647,2025-01-15,2026-01-15,1,4,14125.53,Active,Direct Digital
POL-101648,2024-04-18,2025-04-18,1,4,21778.43,Active,Independent Broker
POL-101649,2024-07-14,2025-07-14,1,5,16910.62,Active,Affinity Partner
POL-101650,2024-12-17,2025-12-17,2,6,13743.94,Active,Independent Broker
POL-101651,2024-06-06,2025-06-06,1,1,12743.99,Active,Direct Digital
POL-101652,2024-12-21,2025-12-21,2,2,15892.13,Active,Independent Broker
POL-101653,2025-05-09,2026-05-09,2,3,20052.39,Active,Direct Digital
POL-101654,2024-10-07,2025-10-07,4,1,145965.81,Lapsed,Direct Digital
POL-101655,2024-07-13,2025-07-13,5,2,134154.4,Active,Independent Broker
POL-101656,2024-03-17,2025-03-17,1,2,21911.94,Active,Corporate Intermediary
POL-101657,2025-02-14,2026-02-14,4,1,125696.53,Active,Independent Broker
POL-101658,2024-01-10,2025-01-09,3,2,101450.5,Active,Direct Digital
POL-101659,2024-08-13,2025-08-13,2,5,10905.5,Active,Direct Digital
POL-101660,2024-08-31,2025-08-31,2,1,16026.69,Lapsed,Direct Digital
POL-101661,2024-05-16,2025-05-16,1,1,20135.58,Active,Corporate Intermediary
POL-101662,2024-04-28,2025-04-28,1,4,15298.38,Active,Independent Broker
POL-101663,2024-03-26,2025-03-26,5,3,94886.49,Active,Corporate Intermediary
POL-101664,2024-10-28,2025-10-28,2,1,15838.18,Active,Independent Broker
POL-101665,2024-10-13,2025-10-13,1,1,25534.32,Active,Affinity Partner
POL-101666,2024-04-18,2025-04-18,5,6,166979.62,Lapsed,Direct Digital
POL-101667,2024-07-30,2025-07-30,2,1,11674.83,Active,Independent Broker
POL-101668,2025-02-08,2026-02-08,1,2,13400.26,Active,Independent Broker
POL-101669,2025-05-05,2026-05-05,1,3,12576.82,Active,Corporate Intermediary
POL-101670,2024-07-12,2025-07-12,3,3,153315.9,Active,Direct Digital
POL-101671,2024-11-13,2025-11-13,1,1,23006.99,Active,Direct Digital
POL-101672,2024-05-26,2025-05-26,1,2,13622.16,Lapsed,Affinity Partner
POL-101673,2024-04-12,2025-04-12,5,3,73339.52,Active,Direct Digital
POL-101674,2024-04-12,2025-04-12,2,2,7485.88,Active,Corporate Intermediary
POL-101675,2024-02-14,2025-02-13,1,1,22229.93,Active,Affinity Partner
POL-101676,2024-01-14,2025-01-13,1,1,18494.87,Active,Corporate Intermediary
POL-101677,2024-03-28,2025-03-28,1,1,17478.98,Active,Independent Broker
POL-101678,2024-06-16,2025-06-16,2,2,13808.94,Active,Independent Broker
POL-101679,2024-09-30,2025-09-30,4,3,105153.5,Active,Direct Digital
POL-101680,2024-10-30,2025-10-30,1,3,24137.89,Active,Direct Digital
POL-101681,2024-08-17,2025-08-17,1,1,16605.02,Active,Independent Broker
POL-101682,2024-08-19,2025-08-19,4,2,243257.74,Active,Affinity Partner
POL-101683,2025-05-18,2026-05-18,1,1,13282.17,Lapsed,Direct Digital
POL-101684,2024-03-19,2025-03-19,4,2,103995.99,Lapsed,Affinity Partner
POL-101685,2024-02-14,2025-02-13,4,1,118626.61,Active,Independent Broker
POL-101686,2025-03-11,2026-03-11,1,4,20869.44,Active,Direct Digital
POL-101687,2024-04-16,2025-04-16,1,3,20452.4,Lapsed,Corporate Intermediary
POL-101688,2024-03-19,2025-03-19,1,1,22355.66,Active,Direct Digital
POL-101689,2025-04-02,2026-04-02,5,2,188490.46,Active,Independent Broker
POL-101690,2024-10-12,2025-10-12,1,1,14898.08,Active,Corporate Intermediary
POL-101691,2024-12-27,2025-12-27,2,3,13048.88,Active,Independent Broker
POL-101692,2024-12-07,2025-12-07,1,4,24714.32,Active,Independent Broker
POL-101693,2025-05-19,2026-05-19,3,3,138925.7,Active,Independent Broker
POL-101694,2025-03-07,2026-03-07,3,3,133637.92,Active,Direct Digital
POL-101695,2024-03-30,2025-03-30,1,2,9647.0,Cancelled,Direct Digital
POL-101696,2025-04-30,2026-04-30,1,1,10577.07,Active,Corporate Intermediary
POL-101697,2024-05-22,2025-05-22,2,2,9189.14,Active,Affinity Partner
POL-101698,2025-03-07,2026-03-07,1,1,23176.28,Active,Direct Digital
POL-101699,2024-05-26,2025-05-26,2,6,7563.59,Cancelled,Independent Broker
POL-101700,2024-04-18,2025-04-18,4,3,93073.72,Active,Corporate Intermediary
POL-101701,2024-01-31,2025-01-30,1,2,11916.95,Active,Direct Digital
POL-101702,2025-03-02,2026-03-02,1,7,12591.76,Active,Independent Broker
POL-101703,2024-11-02,2025-11-02,3,2,127261.78,Active,Independent Broker
POL-101704,2024-01-14,2025-01-13,2,1,9351.25,Lapsed,Direct Digital
POL-101705,2024-06-26,2025-06-26,3,1,43282.37,Active,Independent Broker
POL-101706,2025-04-10,2026-04-10,3,6,139883.15,Lapsed,Independent Broker
POL-101707,2024-08-20,2025-08-20,2,1,10951.22,Active,Independent Broker
POL-101708,2024-05-08,2025-05-08,5,1,118068.41,Active,Independent Broker
POL-101709,2024-03-20,2025-03-20,4,2,191966.98,Active,Independent Broker
POL-101710,2025-01-24,2026-01-24,1,1,22774.76,Active,Direct Digital
POL-101711,2024-04-21,2025-04-21,1,1,15548.31,Active,Independent Broker
POL-101712,2024-09-02,2025-09-02,2,1,14673.64,Active,Independent Broker
POL-101713,2024-11-12,2025-11-12,1,3,12908.31,Lapsed,Direct Digital
POL-101714,2024-03-28,2025-03-28,3,3,47295.2,Cancelled,Independent Broker
POL-101715,2024-02-19,2025-02-18,2,1,20220.43,Active,Independent Broker
POL-101716,2024-10-16,2025-10-16,2,3,9889.4,Active,Independent Broker
POL-101717,2024-05-12,2025-05-12,4,5,98858.06,Active,Independent Broker
POL-101718,2024-04-13,2025-04-13,3,7,59722.03,Active,Independent Broker
POL-101719,2024-02-08,2025-02-07,2,1,9291.22,Active,Corporate Intermediary
POL-101720,2024-04-05,2025-04-05,5,1,200348.35,Active,Independent Broker
POL-101721,2024-06-13,2025-06-13,3,3,159088.91,Active,Independent Broker
POL-101722,2024-12-15,2025-12-15,2,1,11878.49,Active,Corporate Intermediary
POL-101723,2025-03-17,2026-03-17,1,6,22296.47,Active,Direct Digital
POL-101724,2024-03-17,2025-03-17,1,3,19895.75,Active,Corporate Intermediary
POL-101725,2024-05-26,2025-05-26,5,1,143013.13,Cancelled,Corporate Intermediary
POL-101726,2024-03-30,2025-03-30,3,1,95667.33,Active,Direct Digital
POL-101727,2024-03-10,2025-03-10,2,3,12213.93,Active,Direct Digital
POL-101728,2025-04-16,2026-04-16,1,2,25647.13,Active,Independent Broker
POL-101729,2024-05-23,2025-05-23,1,3,17607.45,Active,Direct Digital
POL-101730,2025-02-22,2026-02-22,4,5,106601.14,Active,Corporate Intermediary
POL-101731,2024-11-17,2025-11-17,2,1,16614.37,Active,Direct Digital
POL-101732,2024-02-13,2025-02-12,4,4,88979.38,Active,Independent Broker
POL-101733,2024-01-09,2025-01-08,1,1,14366.83,Active,Independent Broker
POL-101734,2024-03-15,2025-03-15,1,2,23936.21,Active,Independent Broker
POL-101735,2025-04-24,2026-04-24,4,3,295531.0,Active,Direct Digital
POL-101736,2024-04-20,2025-04-20,2,7,13176.98,Active,Direct Digital
POL-101737,2024-12-16,2025-12-16,4,3,127095.62,Active,Direct Digital
POL-101738,2025-04-10,2026-04-10,1,3,12154.15,Active,Independent Broker
POL-101739,2024-11-23,2025-11-23,3,1,158561.67,Active,Direct Digital
POL-101740,2025-01-05,2026-01-05,2,2,10145.21,Active,Direct Digital
POL-101741,2025-03-09,2026-03-09,1,1,20025.27,Active,Direct Digital
POL-101742,2025-02-18,2026-02-18,1,1,23929.92,Active,Independent Broker
POL-101743,2024-08-07,2025-08-07,4,1,120099.18,Active,Corporate Intermediary
POL-101744,2025-03-14,2026-03-14,2,7,11297.29,Active,Affinity Partner
POL-101745,2025-05-08,2026-05-08,3,3,123282.0,Active,Independent Broker
POL-101746,2024-12-29,2025-12-29,4,3,170338.8,Active,Corporate Intermediary
POL-101747,2024-07-22,2025-07-22,1,6,20554.58,Active,Independent Broker
POL-101748,2024-11-20,2025-11-20,1,1,24302.62,Lapsed,Independent Broker
POL-101749,2024-11-20,2025-11-20,1,5,16264.74,Active,Direct Digital
POL-101750,2025-04-06,2026-04-06,1,4,16968.99,Cancelled,Direct Digital
POL-101751,2024-08-11,2025-08-11,5,1,121429.94,Active,Direct Digital
POL-101752,2025-01-21,2026-01-21,1,2,13040.11,Active,Independent Broker
POL-101753,2024-01-15,2025-01-14,2,2,7423.44,Lapsed,Independent Broker
POL-101754,2024-05-07,2025-05-07,4,3,233983.36,Active,Independent Broker
POL-101755,2024-12-26,2025-12-26,3,2,103734.04,Active,Direct Digital
POL-101756,2024-06-29,2025-06-29,2,2,12349.08,Active,Direct Digital
POL-101757,2025-03-22,2026-03-22,2,1,18862.26,Active,Independent Broker
POL-101758,2024-10-17,2025-10-17,4,4,304785.88,Lapsed,Direct Digital
POL-101759,2024-03-30,2025-03-30,1,1,20253.84,Active,Independent Broker
POL-101760,2025-05-23,2026-05-23,5,7,156050.37,Active,Independent Broker
POL-101761,2025-05-30,2026-05-30,3,1,120789.8,Active,Direct Digital
POL-101762,2025-04-10,2026-04-10,3,2,55511.13,Active,Affinity Partner
POL-101763,2024-12-25,2025-12-25,2,2,19730.31,Active,Corporate Intermediary
POL-101764,2025-02-09,2026-02-09,1,2,22428.02,Active,Direct Digital
POL-101765,2024-09-27,2025-09-27,2,2,16491.55,Active,Affinity Partner
POL-101766,2024-02-03,2025-02-02,1,1,12115.36,Active,Corporate Intermediary
POL-101767,2024-11-21,2025-11-21,2,1,20436.42,Cancelled,Direct Digital
POL-101768,2025-02-04,2026-02-04,1,4,20168.72,Active,Corporate Intermediary
POL-101769,2025-03-15,2026-03-15,1,4,16002.75,Active,Independent Broker
POL-101770,2024-11-21,2025-11-21,3,1,93613.39,Active,Corporate Intermediary
POL-101771,2025-05-31,2026-05-31,1,4,19061.71,Active,Corporate Intermediary
POL-101772,2024-09-23,2025-09-23,3,1,153946.64,Active,Direct Digital
POL-101773,2025-03-23,2026-03-23,1,4,22228.53,Active,Independent Broker
POL-101774,2024-03-21,2025-03-21,3,2,44984.21,Active,Affinity Partner
POL-101775,2025-01-01,2026-01-01,1,1,20301.37,Active,Direct Digital
POL-101776,2024-09-08,2025-09-08,5,7,187206.56,Active,Direct Digital
POL-101777,2024-02-22,2025-02-21,2,1,20102.67,Active,Independent Broker
POL-101778,2024-04-15,2025-04-15,1,2,24806.06,Active,Direct Digital
POL-101779,2024-09-25,2025-09-25,1,1,10869.06,Active,Affinity Partner
POL-101780,2024-07-31,2025-07-31,2,1,13976.31,Active,Direct Digital
POL-101781,2024-03-19,2025-03-19,1,5,16486.48,Lapsed,Independent Broker
POL-101782,2025-04-06,2026-04-06,1,1,14499.58,Lapsed,Independent Broker
POL-101783,2024-02-02,2025-02-01,1,2,25897.33,Active,Independent Broker
POL-101784,2024-01-06,2025-01-05,1,3,21763.83,Lapsed,Direct Digital
POL-101785,2024-01-31,2025-01-30,3,1,103123.4,Active,Direct Digital
POL-101786,2025-01-08,2026-01-08,1,1,10083.76,Active,Direct Digital
POL-101787,2024-05-09,2025-05-09,1,1,17497.83,Lapsed,Independent Broker
POL-101788,2024-10-28,2025-10-28,2,6,18364.36,Active,Affinity Partner
POL-101789,2024-07-16,2025-07-16,1,1,12845.17,Active,Independent Broker
POL-101790,2025-02-06,2026-02-06,1,3,22607.71,Active,Direct Digital
POL-101791,2024-07-29,2025-07-29,5,3,123690.18,Active,Independent Broker
POL-101792,2024-10-05,2025-10-05,2,4,8684.32,Active,Direct Digital
POL-101793,2024-12-27,2025-12-27,2,4,18506.92,Active,Corporate Intermediary
POL-101794,2025-06-07,2026-06-07,1,3,16320.86,Active,Corporate Intermediary
POL-101795,2024-12-26,2025-12-26,2,1,8782.17,Active,Independent Broker
POL-101796,2024-07-09,2025-07-09,2,1,8202.44,Active,Independent Broker
POL-101797,2024-11-17,2025-11-17,1,1,14824.86,Active,Independent Broker
POL-101798,2025-04-21,2026-04-21,3,2,148051.79,Active,Independent Broker
POL-101799,2024-08-05,2025-08-05,3,1,54144.58,Active,Independent Broker
POL-101800,2024-03-17,2025-03-17,3,4,91766.52,Active,Independent Broker
POL-101801,2024-11-23,2025-11-23,1,1,10414.42,Active,Direct Digital
POL-101802,2024-10-08,2025-10-08,2,1,8912.48,Active,Independent Broker
POL-101803,2025-01-27,2026-01-27,1,3,9948.81,Active,Corporate Intermediary
POL-101804,2024-01-05,2025-01-04,2,1,9008.6,Cancelled,Direct Digital
POL-101805,2025-06-24,2026-06-24,1,2,20174.32,Active,Direct Digital
POL-101806,2025-03-01,2026-03-01,5,1,96694.5,Active,Independent Broker
POL-101807,2024-11-16,2025-11-16,3,4,47554.59,Active,Affinity Partner
POL-101808,2025-05-20,2026-05-20,4,1,281553.53,Lapsed,Direct Digital
POL-101809,2024-08-17,2025-08-17,1,1,11875.24,Cancelled,Corporate Intermediary
POL-101810,2025-03-22,2026-03-22,1,1,11043.47,Active,Corporate Intermediary
POL-101811,2024-01-06,2025-01-05,4,1,138623.48,Active,Direct Digital
POL-101812,2024-11-07,2025-11-07,1,1,15001.0,Active,Corporate Intermediary
POL-101813,2024-10-03,2025-10-03,4,1,301590.31,Active,Direct Digital
POL-101814,2024-11-22,2025-11-22,1,7,19179.74,Active,Corporate Intermediary
POL-101815,2025-04-02,2026-04-02,4,1,202832.11,Active,Independent Broker
POL-101816,2025-05-16,2026-05-16,2,2,17862.49,Active,Direct Digital
POL-101817,2024-10-30,2025-10-30,5,1,110011.65,Active,Direct Digital
POL-101818,2024-07-29,2025-07-29,4,1,93410.38,Active,Direct Digital
POL-101819,2024-08-09,2025-08-09,2,2,9793.26,Active,Direct Digital
POL-101820,2025-06-24,2026-06-24,3,2,131737.58,Active,Independent Broker
POL-101821,2024-06-06,2025-06-06,3,1,149866.78,Active,Independent Broker
POL-101822,2025-04-08,2026-04-08,4,3,124740.08,Active,Direct Digital
POL-101823,2025-03-09,2026-03-09,1,5,14637.21,Active,Independent Broker
POL-101824,2024-05-30,2025-05-30,2,1,17481.36,Active,Corporate Intermediary
POL-101825,2024-07-10,2025-07-10,1,1,17410.34,Active,Independent Broker
POL-101826,2024-05-01,2025-05-01,3,1,83822.37,Active,Independent Broker
POL-101827,2025-03-17,2026-03-17,3,2,48272.53,Active,Direct Digital
POL-101828,2025-01-26,2026-01-26,5,2,82968.38,Active,Direct Digital
POL-101829,2024-10-09,2025-10-09,3,3,100246.71,Active,Independent Broker
POL-101830,2024-09-11,2025-09-11,1,1,11489.08,Lapsed,Independent Broker
POL-101831,2024-09-01,2025-09-01,1,3,11256.92,Active,Independent Broker
POL-101832,2025-02-18,2026-02-18,2,2,8598.0,Active,Corporate Intermediary
POL-101833,2024-10-01,2025-10-01,3,1,62181.44,Active,Independent Broker
POL-101834,2024-10-21,2025-10-21,5,1,66021.24,Active,Independent Broker
POL-101835,2025-05-03,2026-05-03,5,1,194935.87,Active,Direct Digital
POL-101836,2024-03-12,2025-03-12,1,1,15047.35,Active,Affinity Partner
POL-101837,2025-04-30,2026-04-30,2,2,7487.41,Cancelled,Corporate Intermediary
POL-101838,2024-06-23,2025-06-23,4,7,284006.97,Active,Affinity Partner
POL-101839,2024-01-02,2025-01-01,3,1,97763.05,Active,Direct Digital
POL-101840,2024-10-24,2025-10-24,1,3,17851.6,Active,Corporate Intermediary
POL-101841,2024-04-12,2025-04-12,2,6,11832.35,Active,Independent Broker
POL-101842,2024-09-20,2025-09-20,4,3,137116.53,Active,Corporate Intermediary
POL-101843,2024-11-04,2025-11-04,5,2,201533.31,Active,Corporate Intermediary
POL-101844,2025-05-10,2026-05-10,1,1,20846.86,Active,Direct Digital
POL-101845,2025-02-24,2026-02-24,1,4,25903.03,Active,Direct Digital
POL-101846,2025-03-17,2026-03-17,2,1,17472.24,Active,Affinity Partner
POL-101847,2024-04-20,2025-04-20,2,4,16567.46,Lapsed,Independent Broker
POL-101848,2025-06-23,2026-06-23,1,1,24529.37,Active,Independent Broker
POL-101849,2025-03-03,2026-03-03,2,1,9829.9,Active,Independent Broker
POL-101850,2024-05-05,2025-05-05,2,2,15019.94,Active,Independent Broker
POL-101851,2024-04-22,2025-04-22,1,3,24806.62,Active,Independent Broker
POL-101852,2025-06-19,2026-06-19,2,4,14902.34,Active,Independent Broker
POL-101853,2024-03-07,2025-03-07,2,1,13463.24,Active,Corporate Intermediary
POL-101854,2024-05-06,2025-05-06,1,3,14615.47,Active,Independent Broker
POL-101855,2024-01-01,2024-12-31,1,1,11858.59,Active,Corporate Intermediary
POL-101856,2025-05-29,2026-05-29,4,7,212383.53,Lapsed,Independent Broker
POL-101857,2024-05-26,2025-05-26,5,1,123448.63,Lapsed,Direct Digital
POL-101858,2024-02-02,2025-02-01,3,2,71349.96,Active,Independent Broker
POL-101859,2025-02-12,2026-02-12,1,1,24691.18,Active,Direct Digital
POL-101860,2025-03-22,2026-03-22,4,2,272073.16,Active,Corporate Intermediary
POL-101861,2024-09-13,2025-09-13,1,2,18690.25,Active,Direct Digital
POL-101862,2025-04-17,2026-04-17,3,1,86363.98,Active,Independent Broker
POL-101863,2024-05-21,2025-05-21,3,2,123907.74,Active,Independent Broker
POL-101864,2025-01-01,2026-01-01,2,2,13101.83,Active,Independent Broker
POL-101865,2024-01-29,2025-01-28,3,1,154984.03,Active,Corporate Intermediary
POL-101866,2024-11-05,2025-11-05,1,3,18000.19,Active,Independent Broker
POL-101867,2024-10-27,2025-10-27,1,7,23459.76,Active,Independent Broker
POL-101868,2025-04-18,2026-04-18,5,3,128237.53,Active,Direct Digital
POL-101869,2024-04-19,2025-04-19,2,3,8544.11,Active,Independent Broker
POL-101870,2024-12-05,2025-12-05,1,1,21743.76,Active,Independent Broker
POL-101871,2024-02-24,2025-02-23,4,1,201484.69,Active,Affinity Partner
POL-101872,2024-05-19,2025-05-19,1,5,20090.56,Active,Independent Broker
POL-101873,2024-01-07,2025-01-06,3,4,123157.41,Active,Direct Digital
POL-101874,2024-05-03,2025-05-03,3,1,71170.32,Active,Direct Digital
POL-101875,2025-06-01,2026-06-01,2,2,7968.01,Active,Independent Broker
POL-101876,2024-07-07,2025-07-07,1,3,13868.45,Active,Independent Broker
POL-101877,2024-05-06,2025-05-06,2,1,15979.52,Active,Corporate Intermediary
POL-101878,2024-09-03,2025-09-03,1,3,21763.3,Active,Independent Broker
POL-101879,2024-10-23,2025-10-23,2,4,8580.27,Active,Independent Broker
POL-101880,2024-10-08,2025-10-08,2,2,16827.61,Active,Independent Broker
POL-101881,2025-03-11,2026-03-11,1,1,14248.12,Active,Independent Broker
POL-101882,2024-11-06,2025-11-06,1,4,20266.93,Active,Independent Broker
POL-101883,2024-12-29,2025-12-29,1,2,24071.76,Active,Direct Digital
POL-101884,2024-06-11,2025-06-11,2,3,19010.59,Active,Independent Broker
POL-101885,2025-06-21,2026-06-21,2,3,8066.17,Active,Independent Broker
POL-101886,2024-12-13,2025-12-13,2,6,19049.56,Active,Corporate Intermediary
POL-101887,2024-11-06,2025-11-06,2,1,19843.01,Active,Independent Broker
POL-101888,2025-04-28,2026-04-28,4,4,119191.76,Active,Independent Broker
POL-101889,2025-06-22,2026-06-22,1,1,21043.41,Active,Independent Broker
POL-101890,2025-02-17,2026-02-17,1,1,10084.16,Active,Direct Digital
POL-101891,2024-04-18,2025-04-18,3,5,98216.73,Active,Affinity Partner
POL-101892,2024-08-30,2025-08-30,1,1,21541.88,Active,Affinity Partner
POL-101893,2024-03-06,2025-03-06,1,4,13707.94,Active,Independent Broker
POL-101894,2025-03-28,2026-03-28,5,2,153110.66,Active,Affinity Partner
POL-101895,2024-11-24,2025-11-24,1,5,16971.96,Active,Independent Broker
POL-101896,2024-07-23,2025-07-23,1,1,17654.09,Active,Direct Digital
POL-101897,2024-06-14,2025-06-14,2,3,18359.68,Active,Independent Broker
POL-101898,2024-04-08,2025-04-08,1,1,22884.15,Lapsed,Independent Broker
POL-101899,2025-02-21,2026-02-21,3,3,144009.96,Active,Independent Broker
POL-101900,2025-06-24,2026-06-24,3,1,140223.54,Active,Independent Broker
POL-101901,2024-12-26,2025-12-26,2,4,19616.63,Active,Corporate Intermediary
POL-101902,2025-03-25,2026-03-25,2,4,12390.43,Active,Direct Digital
POL-101903,2025-06-13,2026-06-13,2,1,8827.4,Active,Independent Broker
POL-101904,2024-12-04,2025-12-04,1,1,23069.78,Active,Corporate Intermediary
POL-101905,2025-02-03,2026-02-03,5,2,61551.98,Active,Affinity Partner
POL-101906,2024-03-17,2025-03-17,3,3,70485.01,Active,Independent Broker
POL-101907,2024-11-15,2025-11-15,2,4,7981.75,Active,Direct Digital
POL-101908,2025-04-27,2026-04-27,1,4,10091.64,Active,Direct Digital
POL-101909,2024-12-08,2025-12-08,5,1,73679.07,Active,Independent Broker
POL-101910,2024-03-04,2025-03-04,1,3,10795.76,Lapsed,Affinity Partner
POL-101911,2024-02-06,2025-02-05,2,1,20308.73,Active,Independent Broker
POL-101912,2024-03-23,2025-03-23,3,2,153698.88,Active,Direct Digital
POL-101913,2024-02-06,2025-02-05,3,3,68578.91,Active,Independent Broker
POL-101914,2024-08-21,2025-08-21,1,1,10032.2,Active,Direct Digital
POL-101915,2025-01-23,2026-01-23,4,5,255791.27,Active,Direct Digital
POL-101916,2025-01-21,2026-01-21,4,1,180281.07,Active,Direct Digital
POL-101917,2025-03-24,2026-03-24,1,4,25713.57,Active,Direct Digital
POL-101918,2025-03-23,2026-03-23,1,1,13405.35,Active,Direct Digital
POL-101919,2024-02-16,2025-02-15,1,6,13698.73,Active,Direct Digital
POL-101920,2025-03-25,2026-03-25,1,1,10317.0,Active,Independent Broker
POL-101921,2024-09-07,2025-09-07,2,1,15564.51,Active,Direct Digital
POL-101922,2024-03-19,2025-03-19,1,1,24989.27,Active,Independent Broker
POL-101923,2024-12-31,2025-12-31,1,2,21295.4,Lapsed,Corporate Intermediary
POL-101924,2024-10-26,2025-10-26,4,1,204076.83,Active,Independent Broker
POL-101925,2025-05-30,2026-05-30,1,1,15284.82,Active,Affinity Partner
POL-101926,2025-05-12,2026-05-12,2,1,10009.06,Active,Affinity Partner
POL-101927,2024-08-24,2025-08-24,2,6,14830.93,Active,Independent Broker
POL-101928,2024-05-25,2025-05-25,1,1,21052.81,Active,Independent Broker
POL-101929,2024-04-26,2025-04-26,1,3,23315.73,Active,Independent Broker
POL-101930,2024-11-03,2025-11-03,1,1,14177.12,Active,Independent Broker
POL-101931,2025-01-26,2026-01-26,2,2,7812.93,Active,Direct Digital
POL-101932,2025-03-17,2026-03-17,3,1,119927.49,Active,Corporate Intermediary
POL-101933,2024-01-27,2025-01-26,4,7,293826.49,Lapsed,Affinity Partner
POL-101934,2024-08-09,2025-08-09,5,1,107960.55,Active,Independent Broker
POL-101935,2025-03-13,2026-03-13,5,6,177908.12,Active,Independent Broker
POL-101936,2024-10-21,2025-10-21,3,2,92012.53,Active,Corporate Intermediary
POL-101937,2024-09-23,2025-09-23,1,2,17264.25,Cancelled,Direct Digital
POL-101938,2024-01-16,2025-01-15,2,5,20323.35,Active,Direct Digital
POL-101939,2024-10-29,2025-10-29,2,3,12645.5,Active,Independent Broker
POL-101940,2024-09-13,2025-09-13,4,7,223959.8,Active,Independent Broker
POL-101941,2024-11-24,2025-11-24,1,1,16878.46,Active,Direct Digital
POL-101942,2024-02-07,2025-02-06,2,2,16000.85,Active,Independent Broker
POL-101943,2024-03-22,2025-03-22,2,4,14809.98,Lapsed,Independent Broker
POL-101944,2024-09-21,2025-09-21,5,1,94121.94,Active,Direct Digital
POL-101945,2024-06-27,2025-06-27,1,4,20358.04,Active,Independent Broker
POL-101946,2024-07-07,2025-07-07,4,3,285839.72,Active,Direct Digital
POL-101947,2024-08-21,2025-08-21,1,6,25868.33,Cancelled,Direct Digital
POL-101948,2024-12-27,2025-12-27,3,6,47278.5,Active,Direct Digital
POL-101949,2025-06-03,2026-06-03,2,1,14252.29,Active,Independent Broker
POL-101950,2025-01-15,2026-01-15,4,2,92491.33,Active,Direct Digital
POL-101951,2024-01-26,2025-01-25,2,3,18076.67,Active,Independent Broker
POL-101952,2025-01-18,2026-01-18,3,1,115386.13,Active,Direct Digital
POL-101953,2024-06-02,2025-06-02,4,1,101026.87,Active,Independent Broker
POL-101954,2025-06-04,2026-06-04,3,6,82598.22,Active,Corporate Intermediary
POL-101955,2024-02-03,2025-02-02,4,6,111768.3,Active,Independent Broker
POL-101956,2024-03-20,2025-03-20,1,3,17857.33,Active,Independent Broker
POL-101957,2025-03-04,2026-03-04,3,6,56306.6,Active,Corporate Intermediary
POL-101958,2025-04-28,2026-04-28,4,3,202482.32,Active,Direct Digital
POL-101959,2024-10-27,2025-10-27,1,2,13586.4,Active,Independent Broker
POL-101960,2025-04-11,2026-04-11,2,6,20619.08,Active,Independent Broker
POL-101961,2025-02-23,2026-02-23,2,1,12057.39,Active,Affinity Partner
POL-101962,2025-05-10,2026-05-10,4,1,184997.17,Active,Independent Broker
POL-101963,2024-05-08,2025-05-08,3,1,133620.9,Active,Independent Broker
POL-101964,2024-05-21,2025-05-21,4,1,269984.71,Active,Direct Digital
POL-101965,2025-02-22,2026-02-22,2,3,20768.82,Active,Independent Broker
POL-101966,2024-07-21,2025-07-21,1,2,9854.4,Active,Direct Digital
POL-101967,2025-04-26,2026-04-26,5,1,71487.65,Active,Independent Broker
POL-101968,2024-06-19,2025-06-19,1,1,18044.31,Active,Independent Broker
POL-101969,2025-03-08,2026-03-08,2,1,12751.98,Active,Independent Broker
POL-101970,2024-05-01,2025-05-01,2,2,15362.4,Active,Affinity Partner
POL-101971,2024-02-16,2025-02-15,1,6,24699.87,Lapsed,Affinity Partner
POL-101972,2025-04-05,2026-04-05,5,2,99179.49,Active,Direct Digital
POL-101973,2024-07-06,2025-07-06,5,7,150224.88,Active,Independent Broker
POL-101974,2024-06-04,2025-06-04,1,3,19325.99,Active,Independent Broker
POL-101975,2024-11-24,2025-11-24,2,1,14219.61,Active,Affinity Partner
POL-101976,2024-04-09,2025-04-09,1,1,17690.01,Active,Independent Broker
POL-101977,2025-06-21,2026-06-21,3,3,141599.72,Active,Independent Broker
POL-101978,2024-11-22,2025-11-22,5,1,212097.32,Active,Affinity Partner
POL-101979,2024-08-03,2025-08-03,2,3,11039.94,Active,Independent Broker
POL-101980,2024-12-21,2025-12-21,2,1,8836.0,Active,Independent Broker
POL-101981,2024-06-22,2025-06-22,2,1,20845.52,Active,Affinity Partner
POL-101982,2024-10-12,2025-10-12,1,1,12992.23,Active,Corporate Intermediary
POL-101983,2024-01-29,2025-01-28,4,1,310164.89,Active,Corporate Intermediary
POL-101984,2024-01-07,2025-01-06,3,1,85605.79,Active,Affinity Partner
POL-101985,2025-03-12,2026-03-12,5,2,138551.96,Active,Direct Digital
POL-101986,2024-04-22,2025-04-22,5,5,206261.22,Active,Corporate Intermediary
POL-101987,2025-05-20,2026-05-20,1,1,23777.85,Cancelled,Independent Broker
POL-101988,2024-04-29,2025-04-29,2,1,17471.03,Active,Direct Digital
POL-101989,2024-06-09,2025-06-09,3,2,74580.75,Active,Independent Broker
POL-101990,2024-03-16,2025-03-16,5,5,103517.69,Lapsed,Independent Broker
POL-101991,2025-06-17,2026-06-17,2,1,18811.75,Active,Corporate Intermediary
POL-101992,2024-02-06,2025-02-05,4,4,76952.79,Active,Independent Broker
POL-101993,2024-08-13,2025-08-13,4,1,139995.08,Active,Corporate Intermediary
POL-101994,2025-05-23,2026-05-23,2,1,9940.31,Active,Affinity Partner
POL-101995,2024-08-07,2025-08-07,1,2,10703.08,Active,Direct Digital
POL-101996,2024-07-01,2025-07-01,1,2,20882.9,Active,Independent Broker
POL-101997,2024-08-28,2025-08-28,4,2,193637.1,Active,Direct Digital
POL-101998,2024-11-03,2025-11-03,1,1,20554.8,Active,Independent Broker
POL-101999,2024-12-31,2025-12-31,3,2,76859.23,Active,Affinity Partner
POL-102000,2024-10-21,2025-10-21,2,2,11690.48,Active,Direct Digital
POL-102001,2025-04-20,2026-04-20,2,4,8766.8,Active,Independent Broker
POL-102002,2025-05-10,2026-05-10,3,3,90616.34,Active,Direct Digital
POL-102003,2025-06-03,2026-06-03,1,2,10597.17,Active,Direct Digital
POL-102004,2024-11-21,2025-11-21,2,2,18364.62,Active,Direct Digital
POL-102005,2024-02-25,2025-02-24,1,3,21542.26,Active,Corporate Intermediary
POL-102006,2024-11-11,2025-11-11,2,2,10254.08,Active,Independent Broker
POL-102007,2024-04-22,2025-04-22,4,4,155772.62,Active,Direct Digital
POL-102008,2024-01-22,2025-01-21,2,1,17969.98,Active,Independent Broker
POL-102009,2024-03-05,2025-03-05,4,1,202069.0,Active,Direct Digital
POL-102010,2024-06-09,2025-06-09,3,2,143447.29,Active,Corporate Intermediary
POL-102011,2025-01-17,2026-01-17,2,2,10175.49,Active,Affinity Partner
POL-102012,2024-02-06,2025-02-05,1,7,25021.83,Active,Independent Broker
POL-102013,2025-05-11,2026-05-11,1,1,14242.67,Active,Independent Broker
POL-102014,2024-09-10,2025-09-10,1,1,21898.61,Active,Independent Broker
POL-102015,2025-02-14,2026-02-14,1,6,23976.59,Active,Direct Digital
POL-102016,2025-05-31,2026-05-31,5,5,179605.62,Active,Direct Digital
POL-102017,2024-06-04,2025-06-04,1,6,19246.41,Active,Corporate Intermediary
POL-102018,2024-11-15,2025-11-15,2,2,14270.51,Active,Direct Digital
POL-102019,2024-07-26,2025-07-26,1,1,25495.9,Active,Independent Broker
POL-102020,2025-03-15,2026-03-15,1,1,25456.94,Active,Independent Broker
POL-102021,2025-06-02,2026-06-02,1,2,9882.29,Active,Independent Broker
POL-102022,2025-01-16,2026-01-16,5,3,171478.38,Active,Independent Broker
POL-102023,2024-01-26,2025-01-25,2,7,10403.19,Active,Independent Broker
POL-102024,2024-11-14,2025-11-14,2,1,18373.59,Cancelled,Direct Digital
POL-102025,2024-06-22,2025-06-22,1,3,19331.92,Active,Independent Broker
POL-102026,2025-04-29,2026-04-29,3,6,141078.7,Active,Direct Digital
POL-102027,2025-05-20,2026-05-20,1,2,14707.86,Active,Direct Digital
POL-102028,2024-11-25,2025-11-25,4,3,221688.87,Active,Direct Digital
POL-102029,2024-08-02,2025-08-02,5,3,185098.28,Active,Independent Broker
POL-102030,2024-08-29,2025-08-29,2,2,16982.38,Active,Corporate Intermediary
POL-102031,2024-03-24,2025-03-24,1,2,21067.79,Active,Corporate Intermediary
POL-102032,2024-06-14,2025-06-14,3,6,56334.37,Active,Corporate Intermediary
POL-102033,2024-04-26,2025-04-26,1,2,17721.03,Active,Independent Broker
POL-102034,2024-05-23,2025-05-23,5,3,121085.05,Active,Direct Digital
POL-102035,2024-10-28,2025-10-28,5,5,96088.3,Active,Corporate Intermediary
POL-102036,2024-06-18,2025-06-18,1,1,18181.32,Active,Independent Broker
POL-102037,2025-01-15,2026-01-15,3,3,71646.24,Active,Affinity Partner
POL-102038,2024-05-18,2025-05-18,1,3,21327.34,Active,Independent Broker
POL-102039,2024-07-02,2025-07-02,1,2,10699.59,Cancelled,Independent Broker
POL-102040,2024-07-11,2025-07-11,1,5,11139.1,Active,Direct Digital
POL-102041,2025-04-24,2026-04-24,4,1,91359.14,Active,Corporate Intermediary
POL-102042,2024-12-19,2025-12-19,4,1,302330.48,Active,Corporate Intermediary
POL-102043,2025-03-12,2026-03-12,3,6,78078.54,Active,Independent Broker
POL-102044,2024-09-17,2025-09-17,3,3,117708.72,Active,Independent Broker
POL-102045,2024-04-15,2025-04-15,5,1,97597.54,Active,Direct Digital
POL-102046,2025-06-18,2026-06-18,4,4,262683.31,Active,Corporate Intermediary
POL-102047,2024-10-10,2025-10-10,5,4,163644.48,Active,Direct Digital
POL-102048,2024-08-25,2025-08-25,1,1,24844.57,Active,Direct Digital
POL-102049,2025-05-01,2026-05-01,1,2,10875.71,Cancelled,Direct Digital
POL-102050,2025-03-26,2026-03-26,2,4,13709.31,Active,Corporate Intermediary
POL-102051,2024-09-03,2025-09-03,3,2,86522.53,Active,Independent Broker
POL-102052,2024-11-15,2025-11-15,3,2,104620.89,Lapsed,Corporate Intermediary
POL-102053,2024-06-19,2025-06-19,4,1,249280.18,Active,Independent Broker
POL-102054,2025-05-16,2026-05-16,4,1,242915.06,Active,Independent Broker
POL-102055,2024-12-22,2025-12-22,1,1,23804.67,Active,Corporate Intermediary
POL-102056,2024-12-20,2025-12-20,5,2,86342.59,Active,Affinity Partner
POL-102057,2024-07-14,2025-07-14,2,2,9670.28,Active,Direct Digital
POL-102058,2025-03-28,2026-03-28,2,3,9889.46,Active,Independent Broker
POL-102059,2025-01-12,2026-01-12,1,3,24713.65,Active,Direct Digital
POL-102060,2024-10-08,2025-10-08,4,2,172582.03,Cancelled,Independent Broker
POL-102061,2024-10-07,2025-10-07,4,1,312929.47,Active,Corporate Intermediary
POL-102062,2025-04-27,2026-04-27,4,4,186347.78,Active,Independent Broker
POL-102063,2024-04-16,2025-04-16,1,2,10072.93,Lapsed,Direct Digital
POL-102064,2024-06-30,2025-06-30,1,1,16480.99,Active,Direct Digital
POL-102065,2024-03-04,2025-03-04,2,1,19038.89,Active,Corporate Intermediary
POL-102066,2024-01-18,2025-01-17,2,5,18905.57,Active,Independent Broker
POL-102067,2025-01-10,2026-01-10,3,1,152984.33,Active,Corporate Intermediary
POL-102068,2024-03-03,2025-03-03,1,1,23130.78,Active,Independent Broker
POL-102069,2024-03-26,2025-03-26,1,2,10329.94,Active,Independent Broker
POL-102070,2025-02-23,2026-02-23,1,4,21847.99,Active,Direct Digital
POL-102071,2024-10-07,2025-10-07,3,2,55890.32,Active,Corporate Intermediary
POL-102072,2024-03-29,2025-03-29,3,2,52403.11,Lapsed,Direct Digital
POL-102073,2024-03-29,2025-03-29,1,2,19294.84,Cancelled,Corporate Intermediary
POL-102074,2024-01-11,2025-01-10,1,4,15742.28,Active,Independent Broker
POL-102075,2024-09-09,2025-09-09,2,5,16063.98,Lapsed,Direct Digital
POL-102076,2024-05-15,2025-05-15,2,1,12434.48,Active,Direct Digital
POL-102077,2024-11-19,2025-11-19,2,1,18726.8,Active,Direct Digital
POL-102078,2024-10-29,2025-10-29,1,5,16809.41,Active,Independent Broker
POL-102079,2025-01-07,2026-01-07,2,7,16057.2,Active,Independent Broker
POL-102080,2024-06-23,2025-06-23,1,3,15925.16,Active,Direct Digital
POL-102081,2025-03-20,2026-03-20,2,4,18390.53,Active,Direct Digital
POL-102082,2025-05-30,2026-05-30,3,6,135726.81,Active,Corporate Intermediary
POL-102083,2024-09-21,2025-09-21,1,2,13877.87,Lapsed,Independent Broker
POL-102084,2024-07-09,2025-07-09,3,1,97135.13,Active,Independent Broker
POL-102085,2024-02-04,2025-02-03,2,5,8643.66,Active,Affinity Partner
POL-102086,2024-06-11,2025-06-11,2,2,11819.03,Active,Direct Digital
POL-102087,2025-01-01,2026-01-01,2,1,13642.41,Active,Direct Digital
POL-102088,2025-04-12,2026-04-12,4,3,245152.12,Active,Independent Broker
POL-102089,2024-09-06,2025-09-06,1,6,15720.72,Active,Independent Broker
POL-102090,2024-11-03,2025-11-03,1,1,22116.04,Lapsed,Independent Broker
POL-102091,2025-03-07,2026-03-07,2,7,10917.18,Active,Independent Broker
POL-102092,2024-06-16,2025-06-16,3,1,150837.72,Lapsed,Affinity Partner
POL-102093,2025-06-20,2026-06-20,1,3,21930.34,Active,Independent Broker
POL-102094,2024-02-25,2025-02-24,1,1,22602.96,Active,Independent Broker
POL-102095,2025-02-09,2026-02-09,1,2,9613.83,Active,Corporate Intermediary
POL-102096,2024-11-04,2025-11-04,2,1,9747.39,Active,Independent Broker
POL-102097,2024-09-07,2025-09-07,1,5,18707.71,Active,Direct Digital
POL-102098,2024-06-12,2025-06-12,2,1,13697.05,Active,Independent Broker
POL-102099,2025-04-28,2026-04-28,4,2,278680.01,Active,Corporate Intermediary
POL-102100,2024-04-08,2025-04-08,2,1,11593.32,Lapsed,Independent Broker
POL-102101,2024-11-30,2025-11-30,2,5,17279.14,Active,Independent Broker
POL-102102,2024-03-14,2025-03-14,2,3,16444.3,Cancelled,Direct Digital
POL-102103,2024-07-01,2025-07-01,5,1,112752.54,Active,Corporate Intermediary
POL-102104,2025-02-11,2026-02-11,1,4,13373.2,Active,Direct Digital
POL-102105,2024-11-05,2025-11-05,2,1,11886.3,Active,Independent Broker
POL-102106,2024-10-18,2025-10-18,2,2,16518.77,Active,Direct Digital
POL-102107,2025-03-07,2026-03-07,1,1,16130.74,Active,Direct Digital
POL-102108,2024-03-25,2025-03-25,2,5,17310.86,Active,Independent Broker
POL-102109,2024-01-13,2025-01-12,1,2,11711.33,Active,Independent Broker
POL-102110,2024-01-12,2025-01-11,3,4,155270.68,Active,Corporate Intermediary
POL-102111,2024-11-06,2025-11-06,2,1,17440.5,Active,Corporate Intermediary
POL-102112,2025-04-06,2026-04-06,3,2,134158.42,Active,Corporate Intermediary
POL-102113,2025-01-08,2026-01-08,1,1,25684.05,Active,Independent Broker
POL-102114,2024-03-22,2025-03-22,1,1,15128.7,Lapsed,Independent Broker
POL-102115,2024-07-21,2025-07-21,3,4,127860.19,Active,Direct Digital
POL-102116,2024-10-15,2025-10-15,1,1,23833.51,Active,Direct Digital
POL-102117,2025-01-13,2026-01-13,1,2,15134.37,Active,Corporate Intermediary
POL-102118,2024-09-30,2025-09-30,1,1,15452.92,Active,Independent Broker
POL-102119,2024-02-06,2025-02-05,4,1,162524.9,Active,Independent Broker
POL-102120,2024-09-11,2025-09-11,1,1,18373.76,Active,Direct Digital
POL-102121,2025-05-20,2026-05-20,2,1,11966.33,Active,Independent Broker
POL-102122,2025-06-20,2026-06-20,3,2,46795.64,Active,Direct Digital
POL-102123,2024-04-13,2025-04-13,2,3,20727.68,Active,Affinity Partner
POL-102124,2024-11-05,2025-11-05,2,2,7508.89,Lapsed,Direct Digital
POL-102125,2024-03-22,2025-03-22,2,1,18152.3,Active,Affinity Partner
POL-102126,2025-06-10,2026-06-10,3,1,123922.34,Active,Independent Broker
POL-102127,2024-08-08,2025-08-08,5,2,96713.75,Active,Direct Digital
POL-102128,2025-05-28,2026-05-28,4,1,223132.53,Lapsed,Independent Broker
POL-102129,2024-10-06,2025-10-06,1,2,12997.04,Active,Independent Broker
POL-102130,2024-10-08,2025-10-08,1,2,19424.9,Cancelled,Independent Broker
POL-102131,2024-08-14,2025-08-14,1,1,21227.74,Active,Independent Broker
POL-102132,2025-04-16,2026-04-16,4,2,230519.3,Active,Independent Broker
POL-102133,2024-01-13,2025-01-12,2,2,11611.07,Active,Direct Digital
POL-102134,2025-05-25,2026-05-25,1,3,21042.7,Active,Direct Digital
POL-102135,2024-02-03,2025-02-02,4,3,312092.28,Active,Independent Broker
POL-102136,2024-12-19,2025-12-19,1,1,21867.38,Active,Independent Broker
POL-102137,2024-11-18,2025-11-18,2,5,13649.85,Active,Independent Broker
POL-102138,2024-12-26,2025-12-26,3,2,91016.37,Active,Corporate Intermediary
POL-102139,2024-10-17,2025-10-17,3,6,99909.31,Active,Affinity Partner
POL-102140,2024-05-14,2025-05-14,2,3,20293.7,Active,Independent Broker
POL-102141,2024-08-04,2025-08-04,1,3,14345.32,Active,Corporate Intermediary
POL-102142,2025-02-14,2026-02-14,3,2,83538.91,Active,Affinity Partner
POL-102143,2024-10-12,2025-10-12,2,7,12211.81,Active,Corporate Intermediary
POL-102144,2024-11-21,2025-11-21,3,3,104835.99,Active,Independent Broker
POL-102145,2025-04-20,2026-04-20,2,2,9366.16,Active,Independent Broker
POL-102146,2024-01-04,2025-01-03,3,2,132026.32,Active,Independent Broker
POL-102147,2024-04-10,2025-04-10,2,3,16212.84,Cancelled,Independent Broker
POL-102148,2024-01-30,2025-01-29,4,1,108950.15,Active,Affinity Partner
POL-102149,2025-02-22,2026-02-22,1,2,19600.93,Active,Independent Broker
POL-102150,2024-04-03,2025-04-03,2,1,17452.92,Lapsed,Independent Broker
POL-102151,2025-06-07,2026-06-07,1,1,17107.41,Active,Direct Digital
POL-102152,2025-04-28,2026-04-28,5,1,104863.11,Active,Corporate Intermediary
POL-102153,2024-07-30,2025-07-30,3,2,96184.77,Active,Independent Broker
POL-102154,2024-09-04,2025-09-04,1,2,17803.53,Active,Independent Broker
POL-102155,2024-12-05,2025-12-05,1,1,17180.28,Cancelled,Direct Digital
POL-102156,2024-02-03,2025-02-02,4,5,174554.94,Active,Independent Broker
POL-102157,2025-01-29,2026-01-29,1,2,25304.23,Lapsed,Independent Broker
POL-102158,2024-01-25,2025-01-24,2,2,18623.0,Active,Corporate Intermediary
POL-102159,2024-02-10,2025-02-09,2,2,17089.42,Active,Independent Broker
POL-102160,2025-03-14,2026-03-14,1,1,11994.13,Active,Corporate Intermediary
POL-102161,2024-04-24,2025-04-24,5,1,112298.97,Active,Direct Digital
POL-102162,2024-09-05,2025-09-05,3,1,73211.91,Active,Independent Broker
POL-102163,2025-04-14,2026-04-14,5,3,177925.42,Active,Independent Broker
POL-102164,2025-03-31,2026-03-31,2,2,16853.95,Active,Independent Broker
POL-102165,2024-05-23,2025-05-23,1,3,14330.26,Active,Independent Broker
POL-102166,2025-01-06,2026-01-06,5,1,102132.66,Active,Independent Broker
POL-102167,2024-11-08,2025-11-08,3,6,93903.76,Active,Independent Broker
POL-102168,2024-05-11,2025-05-11,1,3,14394.26,Active,Independent Broker
POL-102169,2024-01-29,2025-01-28,1,3,14568.49,Active,Direct Digital
POL-102170,2025-06-04,2026-06-04,5,3,118993.59,Active,Direct Digital
POL-102171,2024-12-18,2025-12-18,4,1,218848.18,Active,Independent Broker
POL-102172,2025-01-22,2026-01-22,3,4,61956.26,Active,Direct Digital
POL-102173,2025-01-23,2026-01-23,1,4,25129.95,Active,Independent Broker
POL-102174,2024-08-17,2025-08-17,1,1,19581.72,Active,Direct Digital
POL-102175,2024-07-20,2025-07-20,2,3,13538.64,Lapsed,Affinity Partner
POL-102176,2025-06-20,2026-06-20,1,6,12921.49,Active,Independent Broker
POL-102177,2024-04-11,2025-04-11,2,3,8127.33,Active,Independent Broker
POL-102178,2024-03-22,2025-03-22,1,2,18893.92,Active,Direct Digital
POL-102179,2024-07-06,2025-07-06,4,4,285093.04,Active,Independent Broker
POL-102180,2024-06-30,2025-06-30,1,3,13958.52,Active,Independent Broker
POL-102181,2024-03-06,2025-03-06,1,3,14565.28,Active,Direct Digital
POL-102182,2025-05-03,2026-05-03,2,1,14609.68,Active,Independent Broker
POL-102183,2024-03-15,2025-03-15,1,2,11509.06,Active,Direct Digital
POL-102184,2024-08-08,2025-08-08,4,3,148490.44,Active,Independent Broker
POL-102185,2024-04-24,2025-04-24,5,2,182157.3,Active,Corporate Intermediary
POL-102186,2025-04-12,2026-04-12,1,1,21974.79,Active,Independent Broker
POL-102187,2024-06-29,2025-06-29,2,3,13869.26,Active,Independent Broker
POL-102188,2024-09-27,2025-09-27,3,1,82254.79,Active,Independent Broker
POL-102189,2025-03-26,2026-03-26,1,7,25109.43,Active,Independent Broker
POL-102190,2025-06-05,2026-06-05,3,3,61249.44,Active,Independent Broker
POL-102191,2024-11-07,2025-11-07,1,2,15215.88,Active,Corporate Intermediary
POL-102192,2024-07-17,2025-07-17,5,1,179684.95,Active,Independent Broker
POL-102193,2024-11-23,2025-11-23,5,3,130218.86,Active,Affinity Partner
POL-102194,2024-08-03,2025-08-03,3,5,60242.52,Active,Corporate Intermediary
POL-102195,2024-06-24,2025-06-24,1,4,20466.49,Active,Independent Broker
POL-102196,2025-04-30,2026-04-30,4,3,268243.41,Active,Direct Digital
POL-102197,2024-09-26,2025-09-26,3,1,85753.35,Active,Independent Broker
POL-102198,2024-11-18,2025-11-18,2,1,13069.11,Active,Independent Broker
POL-102199,2025-02-17,2026-02-17,1,2,15399.24,Active,Affinity Partner
POL-102200,2024-10-07,2025-10-07,1,5,12916.29,Active,Direct Digital
POL-102201,2025-01-17,2026-01-17,1,2,16610.97,Active,Independent Broker
POL-102202,2024-07-23,2025-07-23,1,4,17848.27,Active,Direct Digital
POL-102203,2024-09-05,2025-09-05,1,2,21454.73,Lapsed,Independent Broker
POL-102204,2024-02-17,2025-02-16,5,4,116310.71,Lapsed,Independent Broker
POL-102205,2024-09-12,2025-09-12,2,3,15288.38,Active,Direct Digital
POL-102206,2024-12-16,2025-12-16,2,3,12298.39,Lapsed,Direct Digital
POL-102207,2024-05-17,2025-05-17,5,1,105172.74,Active,Independent Broker
POL-102208,2024-06-04,2025-06-04,1,3,14501.23,Active,Direct Digital
POL-102209,2024-09-08,2025-09-08,2,3,14742.88,Active,Independent Broker
POL-102210,2024-10-25,2025-10-25,4,1,109414.55,Active,Corporate Intermediary
POL-102211,2024-11-17,2025-11-17,2,7,13352.6,Lapsed,Direct Digital
POL-102212,2025-04-24,2026-04-24,1,2,15540.14,Active,Affinity Partner
POL-102213,2024-09-22,2025-09-22,1,3,21861.46,Active,Direct Digital
POL-102214,2025-02-24,2026-02-24,2,2,18323.69,Active,Corporate Intermediary
POL-102215,2024-03-02,2025-03-02,3,2,43911.75,Active,Direct Digital
POL-102216,2025-05-31,2026-05-31,2,3,13989.73,Active,Independent Broker
POL-102217,2024-03-18,2025-03-18,3,1,156958.85,Active,Independent Broker
POL-102218,2025-06-09,2026-06-09,1,3,24728.95,Active,Affinity Partner
POL-102219,2024-03-15,2025-03-15,5,5,123260.94,Active,Independent Broker
POL-102220,2024-06-04,2025-06-04,4,2,92891.32,Active,Independent Broker
POL-102221,2025-06-24,2026-06-24,5,5,175707.96,Lapsed,Corporate Intermediary
POL-102222,2025-02-15,2026-02-15,3,1,42749.77,Active,Direct Digital
POL-102223,2024-08-18,2025-08-18,2,2,9276.83,Active,Independent Broker
POL-102224,2024-11-30,2025-11-30,3,2,119126.3,Active,Corporate Intermediary
POL-102225,2024-12-29,2025-12-29,5,3,75942.81,Active,Direct Digital
POL-102226,2024-07-04,2025-07-04,1,1,18348.12,Lapsed,Direct Digital
POL-102227,2024-05-10,2025-05-10,3,2,154649.95,Active,Independent Broker
POL-102228,2024-08-23,2025-08-23,4,1,124416.85,Active,Affinity Partner
POL-102229,2024-08-26,2025-08-26,1,7,15427.65,Active,Corporate Intermediary
POL-102230,2025-03-26,2026-03-26,1,2,10016.95,Active,Corporate Intermediary
POL-102231,2024-08-01,2025-08-01,2,1,13366.01,Active,Direct Digital
POL-102232,2025-01-24,2026-01-24,4,1,97748.7,Active,Affinity Partner
POL-102233,2025-06-12,2026-06-12,1,1,22008.34,Active,Independent Broker
POL-102234,2025-01-01,2026-01-01,5,2,120571.74,Active,Direct Digital
POL-102235,2025-06-03,2026-06-03,2,2,10722.93,Active,Independent Broker
POL-102236,2024-01-08,2025-01-07,2,2,12724.26,Active,Independent Broker
POL-102237,2024-11-13,2025-11-13,1,2,25113.43,Active,Direct Digital
POL-102238,2024-03-27,2025-03-27,4,4,273491.51,Active,Direct Digital
POL-102239,2024-10-08,2025-10-08,5,4,202546.3,Active,Corporate Intermediary
POL-102240,2024-06-30,2025-06-30,3,1,57097.9,Active,Independent Broker
POL-102241,2024-02-09,2025-02-08,1,3,22759.04,Active,Independent Broker
POL-102242,2025-01-15,2026-01-15,4,2,276696.42,Active,Direct Digital
POL-102243,2025-06-15,2026-06-15,1,6,22874.45,Active,Independent Broker
POL-102244,2024-04-22,2025-04-22,1,1,17759.91,Active,Independent Broker
POL-102245,2024-09-28,2025-09-28,4,2,81977.15,Active,Direct Digital
POL-102246,2025-04-26,2026-04-26,1,6,23901.26,Lapsed,Direct Digital
POL-102247,2025-01-21,2026-01-21,5,3,172828.86,Active,Direct Digital
POL-102248,2024-12-23,2025-12-23,1,1,16486.08,Active,Affinity Partner
POL-102249,2025-04-20,2026-04-20,2,3,13277.74,Active,Corporate Intermediary
POL-102250,2024-01-01,2024-12-31,2,2,13678.92,Lapsed,Direct Digital
POL-102251,2025-01-09,2026-01-09,4,4,250497.25,Active,Independent Broker
POL-102252,2024-07-19,2025-07-19,1,1,18041.64,Active,Direct Digital
POL-102253,2024-03-25,2025-03-25,5,1,171935.57,Active,Independent Broker
POL-102254,2024-09-12,2025-09-12,1,1,12627.88,Active,Independent Broker
POL-102255,2025-04-18,2026-04-18,4,3,202379.65,Active,Corporate Intermediary
POL-102256,2024-05-14,2025-05-14,2,2,12371.84,Active,Independent Broker
POL-102257,2024-02-05,2025-02-04,5,2,157419.64,Active,Affinity Partner
POL-102258,2024-01-15,2025-01-14,1,4,10159.47,Active,Direct Digital
POL-102259,2024-11-26,2025-11-26,1,3,17484.73,Active,Direct Digital
POL-102260,2025-02-19,2026-02-19,2,1,13454.07,Active,Independent Broker
POL-102261,2024-10-13,2025-10-13,4,7,201050.27,Active,Affinity Partner
POL-102262,2024-07-09,2025-07-09,1,2,22834.61,Active,Independent Broker
POL-102263,2024-04-08,2025-04-08,4,2,262000.98,Active,Corporate Intermediary
POL-102264,2025-03-12,2026-03-12,4,1,311364.62,Active,Direct Digital
POL-102265,2025-04-13,2026-04-13,1,1,18627.62,Active,Corporate Intermediary
POL-102266,2024-11-10,2025-11-10,2,2,14835.52,Lapsed,Affinity Partner
POL-102267,2025-05-31,2026-05-31,1,2,23048.44,Lapsed,Independent Broker
POL-102268,2024-05-25,2025-05-25,4,1,265098.28,Active,Independent Broker
POL-102269,2025-06-22,2026-06-22,4,7,112183.94,Active,Independent Broker
POL-102270,2025-01-06,2026-01-06,3,1,123855.98,Cancelled,Direct Digital
POL-102271,2024-06-11,2025-06-11,1,5,12316.42,Active,Independent Broker
POL-102272,2024-06-04,2025-06-04,3,4,92033.86,Active,Direct Digital
POL-102273,2025-02-14,2026-02-14,2,2,19633.2,Cancelled,Corporate Intermediary
POL-102274,2025-04-24,2026-04-24,2,1,17157.36,Active,Direct Digital
POL-102275,2024-11-15,2025-11-15,1,6,19655.12,Lapsed,Direct Digital
POL-102276,2025-02-24,2026-02-24,1,1,17487.29,Active,Affinity Partner
POL-102277,2024-09-05,2025-09-05,2,1,16115.97,Active,Direct Digital
POL-102278,2024-12-24,2025-12-24,1,1,25399.06,Active,Corporate Intermediary
POL-102279,2024-05-06,2025-05-06,5,6,149608.05,Active,Direct Digital
POL-102280,2024-05-25,2025-05-25,4,1,261343.23,Active,Direct Digital
POL-102281,2024-11-14,2025-11-14,3,1,133055.65,Active,Direct Digital
POL-102282,2025-03-24,2026-03-24,2,1,14669.38,Active,Direct Digital
POL-102283,2024-12-15,2025-12-15,1,1,15856.63,Lapsed,Direct Digital
POL-102284,2025-04-22,2026-04-22,2,3,9524.69,Active,Corporate Intermediary
POL-102285,2025-05-13,2026-05-13,5,1,88187.68,Active,Affinity Partner
POL-102286,2025-01-06,2026-01-06,1,4,17710.32,Active,Independent Broker
POL-102287,2024-02-28,2025-02-27,4,1,286965.97,Active,Independent Broker
POL-102288,2024-10-09,2025-10-09,1,4,17928.31,Active,Corporate Intermediary
POL-102289,2024-12-31,2025-12-31,1,1,11258.55,Active,Direct Digital
POL-102290,2025-05-21,2026-05-21,1,3,16713.78,Active,Affinity Partner
POL-102291,2025-05-14,2026-05-14,3,3,140814.62,Active,Independent Broker
POL-102292,2025-01-26,2026-01-26,1,3,11367.88,Active,Independent Broker
POL-102293,2024-04-10,2025-04-10,3,1,55861.86,Active,Independent Broker
POL-102294,2025-03-07,2026-03-07,2,6,17471.47,Active,Corporate Intermediary
POL-102295,2025-04-16,2026-04-16,3,3,46398.6,Active,Corporate Intermediary
POL-102296,2025-03-18,2026-03-18,4,1,127929.69,Active,Independent Broker
POL-102297,2024-12-02,2025-12-02,1,1,24698.98,Active,Independent Broker
POL-102298,2024-09-16,2025-09-16,2,5,11947.89,Cancelled,Direct Digital
POL-102299,2025-04-01,2026-04-01,1,2,17114.55,Cancelled,Direct Digital
POL-102300,2024-06-13,2025-06-13,1,3,22241.27,Active,Independent Broker
POL-102301,2025-02-14,2026-02-14,5,2,182764.6,Active,Independent Broker
POL-102302,2024-04-01,2025-04-01,2,2,15706.36,Active,Corporate Intermediary
POL-102303,2024-08-21,2025-08-21,2,1,8597.91,Active,Independent Broker
POL-102304,2024-11-16,2025-11-16,4,3,231671.38,Active,Direct Digital
POL-102305,2025-05-12,2026-05-12,2,2,18321.39,Lapsed,Corporate Intermediary
POL-102306,2024-06-21,2025-06-21,2,1,8738.43,Active,Affinity Partner
POL-102307,2024-10-30,2025-10-30,5,3,141503.24,Active,Independent Broker
POL-102308,2024-07-22,2025-07-22,1,1,21271.32,Lapsed,Independent Broker
POL-102309,2024-09-26,2025-09-26,1,6,15178.69,Active,Direct Digital
POL-102310,2025-01-29,2026-01-29,1,6,22959.0,Lapsed,Direct Digital
POL-102311,2024-03-25,2025-03-25,2,1,13307.0,Active,Independent Broker
POL-102312,2024-10-07,2025-10-07,1,3,13281.29,Active,Direct Digital
POL-102313,2024-08-19,2025-08-19,2,4,18399.05,Active,Direct Digital
POL-102314,2024-01-22,2025-01-21,4,2,280293.03,Active,Independent Broker
POL-102315,2024-07-15,2025-07-15,2,1,18901.09,Active,Independent Broker
POL-102316,2025-01-31,2026-01-31,5,1,170146.81,Cancelled,Corporate Intermediary
POL-102317,2024-09-26,2025-09-26,2,2,12230.3,Lapsed,Direct Digital
POL-102318,2024-12-31,2025-12-31,1,5,11805.68,Active,Affinity Partner
POL-102319,2024-09-09,2025-09-09,3,3,57194.23,Cancelled,Corporate Intermediary
POL-102320,2025-06-03,2026-06-03,5,2,141011.19,Active,Corporate Intermediary
POL-102321,2024-08-21,2025-08-21,5,2,171985.97,Active,Independent Broker
POL-102322,2024-08-17,2025-08-17,2,1,15124.78,Active,Independent Broker
POL-102323,2025-05-24,2026-05-24,4,2,90841.15,Cancelled,Direct Digital
POL-102324,2025-04-04,2026-04-04,3,4,48790.4,Active,Corporate Intermediary
POL-102325,2024-05-31,2025-05-31,1,5,15412.36,Lapsed,Direct Digital
POL-102326,2024-09-15,2025-09-15,5,1,171314.07,Active,Independent Broker
POL-102327,2024-05-16,2025-05-16,2,1,16332.85,Active,Independent Broker
POL-102328,2024-11-07,2025-11-07,2,1,15064.03,Active,Affinity Partner
POL-102329,2024-05-27,2025-05-27,5,3,216630.35,Active,Corporate Intermediary
POL-102330,2024-02-24,2025-02-23,5,7,110919.42,Active,Affinity Partner
POL-102331,2024-03-06,2025-03-06,3,2,128184.88,Active,Direct Digital
POL-102332,2024-07-02,2025-07-02,1,1,20250.28,Active,Direct Digital
POL-102333,2024-04-01,2025-04-01,1,2,19013.65,Lapsed,Independent Broker
POL-102334,2025-02-21,2026-02-21,2,5,13746.82,Active,Direct Digital
POL-102335,2024-11-14,2025-11-14,2,1,16960.23,Active,Independent Broker
POL-102336,2024-07-07,2025-07-07,1,2,12889.96,Active,Independent Broker
POL-102337,2024-03-24,2025-03-24,2,2,17575.05,Active,Direct Digital
POL-102338,2024-03-03,2025-03-03,3,1,122559.79,Active,Direct Digital
POL-102339,2024-01-13,2025-01-12,1,2,15909.96,Active,Affinity Partner
POL-102340,2025-01-18,2026-01-18,1,1,12691.11,Active,Direct Digital
POL-102341,2024-08-11,2025-08-11,2,1,19234.94,Lapsed,Independent Broker
POL-102342,2024-06-30,2025-06-30,2,5,18874.43,Active,Independent Broker
POL-102343,2025-03-31,2026-03-31,1,4,10235.9,Active,Affinity Partner
POL-102344,2024-05-03,2025-05-03,2,1,8687.29,Active,Independent Broker
POL-102345,2024-06-20,2025-06-20,1,3,12767.82,Active,Independent Broker
POL-102346,2024-12-11,2025-12-11,2,4,14762.13,Active,Independent Broker
POL-102347,2024-04-29,2025-04-29,4,3,91038.58,Active,Direct Digital
POL-102348,2025-05-17,2026-05-17,1,2,10282.08,Active,Affinity Partner
POL-102349,2025-05-06,2026-05-06,4,5,259879.82,Active,Corporate Intermediary
POL-102350,2024-04-03,2025-04-03,4,4,153535.5,Active,Independent Broker
POL-102351,2025-06-18,2026-06-18,2,7,14740.06,Active,Independent Broker
POL-102352,2025-04-03,2026-04-03,5,1,99803.06,Active,Independent Broker
POL-102353,2025-01-21,2026-01-21,1,3,9990.88,Active,Independent Broker
POL-102354,2025-02-02,2026-02-02,2,3,20893.57,Active,Corporate Intermediary
POL-102355,2024-02-26,2025-02-25,3,1,64193.31,Active,Corporate Intermediary
POL-102356,2024-06-26,2025-06-26,4,2,256117.98,Active,Direct Digital
POL-102357,2024-11-06,2025-11-06,2,1,12054.37,Active,Corporate Intermediary
POL-102358,2025-03-20,2026-03-20,5,3,139077.35,Active,Independent Broker
POL-102359,2024-02-15,2025-02-14,1,1,17098.63,Active,Direct Digital
POL-102360,2024-11-23,2025-11-23,1,6,12939.18,Active,Independent Broker
POL-102361,2024-01-16,2025-01-15,1,2,12978.89,Active,Affinity Partner
POL-102362,2024-01-05,2025-01-04,1,4,22943.66,Active,Affinity Partner
POL-102363,2025-02-03,2026-02-03,1,2,24648.37,Active,Direct Digital
POL-102364,2024-09-09,2025-09-09,4,4,138255.4,Lapsed,Independent Broker
POL-102365,2024-11-13,2025-11-13,1,4,21680.79,Active,Independent Broker
POL-102366,2025-03-01,2026-03-01,2,2,11037.6,Lapsed,Corporate Intermediary
POL-102367,2025-05-14,2026-05-14,1,3,9771.05,Active,Direct Digital
POL-102368,2025-04-04,2026-04-04,1,4,20907.79,Active,Direct Digital
POL-102369,2024-06-11,2025-06-11,3,1,63636.31,Active,Affinity Partner
POL-102370,2024-09-19,2025-09-19,4,6,303001.73,Active,Independent Broker
POL-102371,2024-10-18,2025-10-18,3,1,54802.06,Active,Corporate Intermediary
POL-102372,2024-07-25,2025-07-25,1,3,23481.85,Active,Independent Broker
POL-102373,2024-02-06,2025-02-05,3,2,54902.58,Active,Corporate Intermediary
POL-102374,2024-07-07,2025-07-07,1,7,20975.32,Active,Independent Broker
POL-102375,2025-01-14,2026-01-14,2,6,9170.07,Active,Direct Digital
POL-102376,2025-05-30,2026-05-30,5,1,180653.37,Active,Direct Digital
POL-102377,2024-01-15,2025-01-14,1,2,23695.6,Active,Direct Digital
POL-102378,2025-04-18,2026-04-18,1,4,10525.42,Active,Affinity Partner
POL-102379,2025-06-01,2026-06-01,1,1,12617.0,Active,Independent Broker
POL-102380,2025-03-25,2026-03-25,1,2,10737.88,Active,Independent Broker
POL-102381,2024-06-13,2025-06-13,1,3,25412.5,Active,Independent Broker
POL-102382,2025-02-23,2026-02-23,3,3,44060.49,Active,Independent Broker
POL-102383,2024-11-25,2025-11-25,2,1,9180.11,Active,Direct Digital
POL-102384,2025-01-25,2026-01-25,1,3,10558.05,Active,Independent Broker
POL-102385,2024-08-17,2025-08-17,5,4,55983.19,Active,Direct Digital
POL-102386,2025-05-02,2026-05-02,3,4,87554.46,Active,Independent Broker
POL-102387,2024-08-31,2025-08-31,4,3,225089.08,Active,Affinity Partner
POL-102388,2025-04-10,2026-04-10,3,1,95598.34,Active,Direct Digital
POL-102389,2024-10-20,2025-10-20,4,6,117716.52,Cancelled,Affinity Partner
POL-102390,2024-06-13,2025-06-13,2,6,7488.93,Active,Direct Digital
POL-102391,2025-04-15,2026-04-15,2,5,19341.31,Active,Affinity Partner
POL-102392,2024-05-08,2025-05-08,4,2,125984.73,Active,Corporate Intermediary
POL-102393,2025-04-16,2026-04-16,5,2,125461.79,Active,Independent Broker
POL-102394,2024-11-29,2025-11-29,4,2,107613.1,Active,Direct Digital
POL-102395,2024-07-14,2025-07-14,3,1,153864.59,Active,Corporate Intermediary
POL-102396,2025-01-07,2026-01-07,2,3,19101.65,Active,Independent Broker
POL-102397,2024-11-10,2025-11-10,1,2,11917.84,Active,Independent Broker
POL-102398,2024-11-03,2025-11-03,5,4,120060.03,Active,Independent Broker
POL-102399,2024-06-09,2025-06-09,4,2,304594.88,Active,Affinity Partner
POL-102400,2024-01-25,2025-01-24,4,1,169562.81,Active,Direct Digital
POL-102401,2024-06-08,2025-06-08,4,2,215891.94,Active,Direct Digital
POL-102402,2024-11-20,2025-11-20,2,1,19178.82,Active,Affinity Partner
POL-102403,2024-11-19,2025-11-19,4,7,225019.6,Active,Corporate Intermediary
POL-102404,2024-04-09,2025-04-09,1,1,9952.04,Lapsed,Corporate Intermediary
POL-102405,2024-12-05,2025-12-05,1,2,24877.63,Active,Independent Broker
POL-102406,2024-08-06,2025-08-06,2,1,12208.57,Lapsed,Independent Broker
POL-102407,2025-04-02,2026-04-02,3,2,125025.18,Active,Direct Digital
POL-102408,2024-06-12,2025-06-12,1,1,16409.05,Active,Independent Broker
POL-102409,2024-06-11,2025-06-11,3,3,116184.53,Active,Direct Digital
POL-102410,2024-09-12,2025-09-12,1,4,25104.59,Lapsed,Direct Digital
POL-102411,2024-02-10,2025-02-09,1,2,17354.13,Active,Corporate Intermediary
POL-102412,2025-01-06,2026-01-06,2,3,15092.36,Active,Direct Digital
POL-102413,2025-05-18,2026-05-18,4,3,159238.06,Active,Direct Digital
POL-102414,2025-01-13,2026-01-13,1,1,11813.07,Active,Independent Broker
POL-102415,2024-06-02,2025-06-02,1,4,12832.96,Active,Direct Digital
POL-102416,2024-03-26,2025-03-26,2,3,20773.28,Active,Independent Broker
POL-102417,2025-03-03,2026-03-03,1,2,23560.55,Active,Direct Digital
POL-102418,2025-06-16,2026-06-16,1,3,14824.51,Active,Independent Broker
POL-102419,2024-11-09,2025-11-09,1,2,25936.92,Active,Direct Digital
POL-102420,2025-04-14,2026-04-14,4,1,156565.12,Active,Corporate Intermediary
POL-102421,2024-01-11,2025-01-10,5,3,53266.07,Active,Affinity Partner
POL-102422,2025-01-24,2026-01-24,2,1,16794.98,Active,Independent Broker
POL-102423,2025-01-10,2026-01-10,3,2,90049.01,Active,Affinity Partner
POL-102424,2024-09-24,2025-09-24,3,1,99681.99,Active,Affinity Partner
POL-102425,2024-03-27,2025-03-27,4,2,286062.39,Lapsed,Direct Digital
POL-102426,2024-05-11,2025-05-11,5,1,91303.37,Active,Direct Digital
POL-102427,2024-08-30,2025-08-30,5,1,196827.37,Active,Direct Digital
POL-102428,2024-12-15,2025-12-15,4,1,113279.73,Active,Corporate Intermediary
POL-102429,2025-04-16,2026-04-16,4,2,267602.25,Active,Direct Digital
POL-102430,2024-05-22,2025-05-22,1,6,24795.62,Active,Independent Broker
POL-102431,2024-04-03,2025-04-03,1,2,22582.12,Active,Direct Digital
POL-102432,2024-03-22,2025-03-22,2,2,15831.23,Active,Corporate Intermediary
POL-102433,2025-05-22,2026-05-22,4,5,120585.9,Active,Independent Broker
POL-102434,2024-03-03,2025-03-03,2,1,14204.66,Active,Affinity Partner
POL-102435,2024-09-26,2025-09-26,1,3,19037.12,Active,Direct Digital
POL-102436,2024-03-18,2025-03-18,1,1,23517.31,Active,Direct Digital
POL-102437,2025-02-08,2026-02-08,4,3,147696.28,Active,Independent Broker
POL-102438,2024-08-11,2025-08-11,2,1,18577.67,Active,Independent Broker
POL-102439,2024-09-14,2025-09-14,2,7,9425.45,Active,Independent Broker
POL-102440,2024-03-02,2025-03-02,4,7,275337.36,Active,Corporate Intermediary
POL-102441,2025-04-01,2026-04-01,1,6,20661.82,Active,Corporate Intermediary
POL-102442,2025-01-05,2026-01-05,4,5,223349.18,Lapsed,Independent Broker
POL-102443,2024-11-22,2025-11-22,2,2,17442.26,Active,Independent Broker
POL-102444,2025-05-15,2026-05-15,2,3,20987.54,Active,Independent Broker
POL-102445,2024-02-13,2025-02-12,4,2,175384.44,Active,Independent Broker
POL-102446,2025-02-16,2026-02-16,2,2,13440.03,Active,Corporate Intermediary
POL-102447,2025-03-05,2026-03-05,1,1,22527.55,Active,Corporate Intermediary
POL-102448,2024-06-01,2025-06-01,2,2,7392.51,Active,Independent Broker
POL-102449,2024-06-25,2025-06-25,1,3,25115.1,Active,Direct Digital
POL-102450,2025-04-28,2026-04-28,1,1,15131.97,Active,Independent Broker
POL-102451,2024-11-06,2025-11-06,3,1,68873.24,Active,Independent Broker
POL-102452,2025-03-19,2026-03-19,2,1,13925.32,Active,Independent Broker
POL-102453,2024-04-18,2025-04-18,1,2,21178.8,Active,Direct Digital
POL-102454,2025-06-15,2026-06-15,3,1,91128.76,Active,Independent Broker
POL-102455,2024-06-11,2025-06-11,2,4,11486.44,Active,Independent Broker
POL-102456,2024-05-12,2025-05-12,3,1,82249.47,Active,Independent Broker
POL-102457,2024-05-11,2025-05-11,2,3,20591.94,Active,Independent Broker
POL-102458,2025-03-03,2026-03-03,1,1,25091.06,Active,Affinity Partner
POL-102459,2024-11-16,2025-11-16,4,2,267767.5,Active,Independent Broker
POL-102460,2024-12-05,2025-12-05,4,1,295954.67,Cancelled,Corporate Intermediary
POL-102461,2024-08-22,2025-08-22,5,3,153595.81,Active,Direct Digital
POL-102462,2025-04-26,2026-04-26,1,2,17979.75,Active,Corporate Intermediary
POL-102463,2024-11-25,2025-11-25,1,3,17651.42,Active,Corporate Intermediary
POL-102464,2024-09-29,2025-09-29,1,2,15989.05,Active,Corporate Intermediary
POL-102465,2024-05-26,2025-05-26,2,7,8014.49,Active,Independent Broker
POL-102466,2024-12-01,2025-12-01,2,4,13859.23,Active,Direct Digital
POL-102467,2024-11-23,2025-11-23,3,2,113362.98,Active,Corporate Intermediary
POL-102468,2024-07-11,2025-07-11,4,3,104488.79,Active,Independent Broker
POL-102469,2024-07-18,2025-07-18,3,3,75329.84,Active,Independent Broker
POL-102470,2024-01-12,2025-01-11,2,1,10018.51,Active,Direct Digital
POL-102471,2025-03-07,2026-03-07,1,2,17225.01,Lapsed,Direct Digital
POL-102472,2025-01-26,2026-01-26,3,1,112073.72,Active,Direct Digital
POL-102473,2024-10-07,2025-10-07,2,1,9929.37,Active,Direct Digital
POL-102474,2024-05-11,2025-05-11,2,1,8910.03,Active,Independent Broker
POL-102475,2025-01-12,2026-01-12,1,2,23241.59,Active,Direct Digital
POL-102476,2025-03-20,2026-03-20,4,2,171906.74,Active,Corporate Intermediary
POL-102477,2024-02-05,2025-02-04,4,1,154383.47,Active,Direct Digital
POL-102478,2025-06-07,2026-06-07,1,6,21363.23,Active,Direct Digital
POL-102479,2024-03-10,2025-03-10,1,1,11276.95,Active,Independent Broker
POL-102480,2024-04-04,2025-04-04,5,2,215294.3,Active,Independent Broker
POL-102481,2024-03-12,2025-03-12,3,2,106323.14,Active,Independent Broker
POL-102482,2025-02-09,2026-02-09,4,1,209283.89,Active,Direct Digital
POL-102483,2024-06-11,2025-06-11,1,7,24547.36,Active,Direct Digital
POL-102484,2024-01-25,2025-01-24,1,4,23423.45,Active,Direct Digital
POL-102485,2024-08-12,2025-08-12,5,1,211494.22,Lapsed,Direct Digital
POL-102486,2024-11-23,2025-11-23,2,2,17632.29,Active,Direct Digital
POL-102487,2024-10-23,2025-10-23,3,1,121017.76,Active,Independent Broker
POL-102488,2024-02-11,2025-02-10,1,3,10190.49,Active,Independent Broker
POL-102489,2024-12-23,2025-12-23,4,1,217487.89,Active,Corporate Intermediary
POL-102490,2024-06-17,2025-06-17,2,1,9301.13,Active,Independent Broker
POL-102491,2024-10-15,2025-10-15,1,3,15738.53,Active,Corporate Intermediary
POL-102492,2024-09-19,2025-09-19,2,1,11713.4,Active,Direct Digital
POL-102493,2024-10-19,2025-10-19,2,1,13348.5,Cancelled,Independent Broker
POL-102494,2025-02-19,2026-02-19,1,1,11448.17,Active,Direct Digital
POL-102495,2024-07-29,2025-07-29,1,7,18951.39,Active,Corporate Intermediary
POL-102496,2024-08-07,2025-08-07,4,1,163429.89,Active,Independent Broker
POL-102497,2024-09-15,2025-09-15,1,3,9990.53,Active,Corporate Intermediary
POL-102498,2024-12-07,2025-12-07,1,3,25127.44,Active,Independent Broker
POL-102499,2025-02-04,2026-02-04,4,7,115488.04,Active,Independent Broker
POL-102500,2024-10-19,2025-10-19,4,1,94030.16,Active,Direct Digital
POL-102501,2024-02-01,2025-01-31,4,1,285005.66,Lapsed,Affinity Partner
POL-102502,2024-11-06,2025-11-06,2,2,17256.73,Cancelled,Direct Digital
POL-102503,2025-01-11,2026-01-11,1,4,12728.88,Active,Corporate Intermediary
POL-102504,2024-03-18,2025-03-18,2,2,16220.04,Active,Direct Digital
POL-102505,2024-05-02,2025-05-02,2,1,10825.61,Lapsed,Corporate Intermediary
POL-102506,2024-07-28,2025-07-28,1,4,21805.87,Active,Direct Digital
POL-102507,2025-05-02,2026-05-02,1,1,11446.42,Active,Independent Broker
POL-102508,2024-10-06,2025-10-06,1,1,21127.18,Active,Independent Broker
POL-102509,2024-06-05,2025-06-05,1,1,16119.64,Active,Direct Digital
POL-102510,2025-03-18,2026-03-18,2,2,9615.32,Active,Corporate Intermediary
POL-102511,2024-03-05,2025-03-05,5,1,170683.3,Active,Direct Digital
POL-102512,2024-09-30,2025-09-30,1,4,14060.18,Active,Direct Digital
POL-102513,2025-04-03,2026-04-03,1,4,10323.62,Active,Corporate Intermediary
POL-102514,2025-05-15,2026-05-15,1,6,23514.69,Active,Independent Broker
POL-102515,2025-01-11,2026-01-11,2,2,14715.35,Active,Affinity Partner
POL-102516,2024-05-29,2025-05-29,2,6,16022.54,Active,Independent Broker
POL-102517,2025-01-16,2026-01-16,2,2,17788.92,Active,Independent Broker
POL-102518,2025-05-21,2026-05-21,4,3,174917.32,Cancelled,Direct Digital
POL-102519,2024-09-16,2025-09-16,1,2,24765.39,Active,Independent Broker
POL-102520,2024-06-17,2025-06-17,1,2,17904.19,Active,Independent Broker
POL-102521,2024-12-15,2025-12-15,3,4,140177.54,Active,Corporate Intermediary
POL-102522,2024-05-22,2025-05-22,1,5,16100.14,Active,Corporate Intermediary
POL-102523,2025-05-28,2026-05-28,3,1,103309.12,Active,Direct Digital
POL-102524,2024-06-17,2025-06-17,5,1,166281.82,Active,Independent Broker
POL-102525,2024-11-29,2025-11-29,5,2,143236.62,Active,Independent Broker
POL-102526,2025-02-06,2026-02-06,1,3,15358.6,Active,Corporate Intermediary
POL-102527,2024-04-18,2025-04-18,1,4,20160.0,Active,Independent Broker
POL-102528,2024-07-11,2025-07-11,5,1,201841.2,Cancelled,Corporate Intermediary
POL-102529,2025-05-22,2026-05-22,1,1,20996.97,Active,Corporate Intermediary
POL-102530,2024-11-06,2025-11-06,1,3,20067.28,Lapsed,Direct Digital
POL-102531,2024-01-17,2025-01-16,1,1,11585.64,Active,Corporate Intermediary
POL-102532,2024-03-14,2025-03-14,1,1,17022.63,Active,Affinity Partner
POL-102533,2025-02-16,2026-02-16,1,5,19400.0,Active,Independent Broker
POL-102534,2024-11-07,2025-11-07,2,4,15337.73,Active,Independent Broker
POL-102535,2024-02-12,2025-02-11,4,3,314368.3,Active,Independent Broker
POL-102536,2024-09-18,2025-09-18,4,2,285987.84,Active,Independent Broker
POL-102537,2024-04-10,2025-04-10,2,5,15302.32,Lapsed,Affinity Partner
POL-102538,2025-05-17,2026-05-17,1,2,10234.21,Active,Affinity Partner
POL-102539,2025-05-01,2026-05-01,1,3,11109.6,Active,Corporate Intermediary
POL-102540,2024-04-06,2025-04-06,2,2,17536.92,Active,Affinity Partner
POL-102541,2024-02-05,2025-02-04,2,1,14826.24,Active,Independent Broker
POL-102542,2025-02-24,2026-02-24,1,1,20814.71,Active,Independent Broker
POL-102543,2024-01-29,2025-01-28,3,2,50153.75,Active,Direct Digital
POL-102544,2025-02-01,2026-02-01,3,4,127471.05,Active,Direct Digital
POL-102545,2025-06-13,2026-06-13,3,1,148466.89,Active,Direct Digital
POL-102546,2024-10-24,2025-10-24,4,2,179549.24,Active,Affinity Partner
POL-102547,2024-03-19,2025-03-19,1,2,17574.46,Active,Corporate Intermediary
POL-102548,2024-06-29,2025-06-29,5,2,57458.69,Active,Independent Broker
POL-102549,2025-05-20,2026-05-20,1,6,16892.53,Active,Affinity Partner
POL-102550,2024-04-13,2025-04-13,1,1,11764.78,Cancelled,Independent Broker
POL-102551,2024-01-25,2025-01-24,2,3,12260.12,Active,Direct Digital
POL-102552,2025-06-21,2026-06-21,4,2,230533.84,Active,Independent Broker
POL-102553,2024-10-12,2025-10-12,2,3,16888.26,Active,Direct Digital
POL-102554,2025-01-01,2026-01-01,3,2,101839.4,Active,Affinity Partner
POL-102555,2024-05-20,2025-05-20,1,1,12256.72,Active,Independent Broker
POL-102556,2025-04-01,2026-04-01,4,3,166462.63,Active,Direct Digital
POL-102557,2024-07-08,2025-07-08,3,2,55670.28,Active,Direct Digital
POL-102558,2024-11-03,2025-11-03,1,6,21104.17,Active,Direct Digital
POL-102559,2024-01-13,2025-01-12,1,3,20520.94,Active,Direct Digital
POL-102560,2024-05-20,2025-05-20,2,1,19076.08,Active,Direct Digital
POL-102561,2025-05-01,2026-05-01,3,2,67266.45,Active,Independent Broker
POL-102562,2024-03-13,2025-03-13,1,4,11682.07,Active,Corporate Intermediary
POL-102563,2024-03-10,2025-03-10,3,3,158804.3,Active,Direct Digital
POL-102564,2025-02-27,2026-02-27,4,2,304714.09,Active,Independent Broker
POL-102565,2025-03-18,2026-03-18,1,2,22402.36,Active,Independent Broker
POL-102566,2025-01-17,2026-01-17,2,2,15568.82,Active,Independent Broker
POL-102567,2024-05-10,2025-05-10,3,4,154027.77,Active,Independent Broker
POL-102568,2024-06-10,2025-06-10,1,3,18148.64,Active,Direct Digital
POL-102569,2024-02-01,2025-01-31,2,1,14951.28,Active,Corporate Intermediary
POL-102570,2024-02-10,2025-02-09,2,1,12627.09,Active,Corporate Intermediary
POL-102571,2024-12-15,2025-12-15,2,3,15553.08,Lapsed,Corporate Intermediary
POL-102572,2025-04-26,2026-04-26,3,3,87559.07,Active,Independent Broker
POL-102573,2024-05-20,2025-05-20,3,2,52736.55,Active,Independent Broker
POL-102574,2025-06-13,2026-06-13,4,4,90418.92,Active,Affinity Partner
POL-102575,2024-10-22,2025-10-22,4,3,130821.35,Lapsed,Independent Broker
POL-102576,2024-09-02,2025-09-02,3,1,83124.56,Active,Corporate Intermediary
POL-102577,2025-06-14,2026-06-14,4,2,143237.92,Active,Independent Broker
POL-102578,2024-07-11,2025-07-11,5,4,201393.57,Active,Corporate Intermediary
POL-102579,2024-10-29,2025-10-29,1,5,20850.07,Active,Independent Broker
POL-102580,2024-07-28,2025-07-28,2,3,14377.55,Active,Independent Broker
POL-102581,2024-10-25,2025-10-25,4,1,125404.79,Active,Corporate Intermediary
POL-102582,2024-07-06,2025-07-06,4,3,166874.66,Active,Independent Broker
POL-102583,2025-04-15,2026-04-15,3,2,59268.11,Active,Direct Digital
POL-102584,2025-01-20,2026-01-20,3,2,42385.51,Active,Affinity Partner
POL-102585,2025-05-21,2026-05-21,2,3,15253.45,Active,Independent Broker
POL-102586,2024-07-22,2025-07-22,1,1,25697.87,Active,Independent Broker
POL-102587,2024-04-20,2025-04-20,3,2,87652.39,Active,Direct Digital
POL-102588,2025-01-05,2026-01-05,5,1,56975.88,Active,Direct Digital
POL-102589,2024-10-01,2025-10-01,1,1,24782.26,Active,Direct Digital
POL-102590,2024-03-02,2025-03-02,1,1,15136.74,Active,Direct Digital
POL-102591,2025-03-16,2026-03-16,1,1,13215.18,Active,Corporate Intermediary
POL-102592,2024-12-28,2025-12-28,1,1,9976.45,Active,Corporate Intermediary
POL-102593,2024-06-24,2025-06-24,2,1,14675.62,Active,Direct Digital
POL-102594,2024-10-03,2025-10-03,3,1,53290.67,Active,Direct Digital
POL-102595,2025-04-15,2026-04-15,4,1,293511.87,Lapsed,Direct Digital
POL-102596,2024-01-04,2025-01-03,1,4,14659.31,Active,Independent Broker
POL-102597,2025-01-30,2026-01-30,2,1,10404.09,Active,Independent Broker
POL-102598,2025-03-30,2026-03-30,2,1,17400.47,Active,Independent Broker
POL-102599,2025-01-24,2026-01-24,1,3,22146.92,Active,Independent Broker
POL-102600,2025-03-23,2026-03-23,3,2,80005.44,Active,Independent Broker
POL-102601,2025-03-28,2026-03-28,4,1,166375.46,Active,Independent Broker
POL-102602,2025-01-21,2026-01-21,1,2,12996.95,Active,Independent Broker
POL-102603,2024-09-11,2025-09-11,5,1,202736.94,Active,Corporate Intermediary
POL-102604,2024-01-25,2025-01-24,4,3,134797.86,Active,Independent Broker
POL-102605,2024-01-23,2025-01-22,2,3,11963.54,Active,Independent Broker
POL-102606,2025-04-01,2026-04-01,2,1,13235.6,Active,Direct Digital
POL-102607,2024-09-23,2025-09-23,3,1,61887.92,Active,Independent Broker
POL-102608,2024-07-19,2025-07-19,1,2,15578.98,Active,Direct Digital
POL-102609,2024-06-11,2025-06-11,1,4,21003.13,Active,Direct Digital
POL-102610,2024-09-18,2025-09-18,2,1,11245.51,Active,Direct Digital
POL-102611,2024-07-09,2025-07-09,1,2,14710.21,Active,Direct Digital
POL-102612,2024-04-04,2025-04-04,4,1,215289.22,Active,Corporate Intermediary
POL-102613,2024-06-29,2025-06-29,2,3,13689.43,Active,Direct Digital
POL-102614,2024-01-18,2025-01-17,1,3,21285.48,Active,Direct Digital
POL-102615,2024-07-02,2025-07-02,3,1,133929.0,Active,Independent Broker
POL-102616,2024-07-02,2025-07-02,1,3,24887.26,Active,Direct Digital
POL-102617,2024-06-24,2025-06-24,5,1,137251.8,Active,Independent Broker
POL-102618,2024-02-28,2025-02-27,2,1,9504.62,Active,Corporate Intermediary
POL-102619,2024-09-04,2025-09-04,4,2,215596.8,Active,Direct Digital
POL-102620,2024-06-28,2025-06-28,5,1,171283.05,Active,Independent Broker
POL-102621,2024-02-13,2025-02-12,1,2,11828.83,Active,Independent Broker
POL-102622,2025-05-16,2026-05-16,4,7,171779.15,Active,Independent Broker
POL-102623,2025-06-21,2026-06-21,2,4,20217.34,Active,Independent Broker
POL-102624,2025-02-18,2026-02-18,5,1,138989.97,Active,Independent Broker
POL-102625,2025-05-26,2026-05-26,1,1,12993.05,Active,Independent Broker
POL-102626,2024-11-01,2025-11-01,1,3,24428.31,Active,Direct Digital
POL-102627,2024-01-25,2025-01-24,2,3,9942.1,Active,Independent Broker
POL-102628,2024-05-30,2025-05-30,2,3,18109.24,Active,Independent Broker
POL-102629,2024-11-05,2025-11-05,2,1,9163.95,Lapsed,Affinity Partner
POL-102630,2024-09-15,2025-09-15,3,2,97029.19,Active,Corporate Intermediary
POL-102631,2025-04-19,2026-04-19,1,2,25337.74,Active,Direct Digital
POL-102632,2024-04-13,2025-04-13,2,2,7933.05,Active,Independent Broker
POL-102633,2025-03-19,2026-03-19,1,3,14420.8,Active,Independent Broker
POL-102634,2024-02-11,2025-02-10,3,1,83592.93,Active,Affinity Partner
POL-102635,2024-06-18,2025-06-18,1,1,11993.4,Active,Direct Digital
POL-102636,2024-01-26,2025-01-25,3,1,116419.59,Active,Independent Broker
POL-102637,2024-12-08,2025-12-08,4,2,159996.81,Active,Independent Broker
POL-102638,2025-06-13,2026-06-13,3,1,146256.9,Active,Independent Broker
POL-102639,2025-06-10,2026-06-10,1,4,22380.65,Active,Independent Broker
POL-102640,2024-03-09,2025-03-09,1,2,15014.49,Active,Independent Broker
POL-102641,2024-09-30,2025-09-30,1,1,22098.58,Active,Independent Broker
POL-102642,2024-10-09,2025-10-09,2,1,7778.1,Active,Affinity Partner
POL-102643,2024-07-18,2025-07-18,2,3,9872.57,Active,Corporate Intermediary
POL-102644,2025-03-13,2026-03-13,3,3,72107.45,Lapsed,Direct Digital
POL-102645,2024-03-08,2025-03-08,1,1,13954.33,Active,Direct Digital
POL-102646,2025-04-24,2026-04-24,1,5,17693.11,Active,Independent Broker
POL-102647,2024-12-16,2025-12-16,4,6,314967.24,Active,Affinity Partner
POL-102648,2024-09-21,2025-09-21,3,3,106655.19,Lapsed,Independent Broker
POL-102649,2024-11-30,2025-11-30,3,1,120794.72,Active,Independent Broker
POL-102650,2024-10-12,2025-10-12,4,7,294664.58,Active,Direct Digital
POL-102651,2025-05-09,2026-05-09,1,2,25015.02,Active,Affinity Partner
POL-102652,2025-02-18,2026-02-18,1,3,14525.62,Active,Direct Digital
POL-102653,2024-05-31,2025-05-31,3,1,141649.61,Active,Affinity Partner
POL-102654,2025-04-20,2026-04-20,1,1,21037.06,Active,Independent Broker
POL-102655,2025-02-13,2026-02-13,2,3,11770.74,Active,Direct Digital
POL-102656,2025-05-07,2026-05-07,4,1,264866.68,Lapsed,Direct Digital
POL-102657,2025-02-19,2026-02-19,2,1,12916.28,Cancelled,Independent Broker
POL-102658,2025-01-14,2026-01-14,1,1,13465.19,Active,Independent Broker
POL-102659,2025-02-09,2026-02-09,4,1,174302.84,Active,Direct Digital
POL-102660,2024-06-17,2025-06-17,2,1,15452.15,Active,Corporate Intermediary
POL-102661,2024-04-13,2025-04-13,1,1,22657.59,Active,Independent Broker
POL-102662,2025-05-19,2026-05-19,1,5,20226.7,Cancelled,Direct Digital
POL-102663,2024-06-30,2025-06-30,1,1,14379.34,Active,Independent Broker
POL-102664,2024-12-31,2025-12-31,4,3,96442.45,Active,Independent Broker
POL-102665,2024-04-12,2025-04-12,1,3,10950.47,Active,Direct Digital
POL-102666,2024-07-15,2025-07-15,1,2,23116.73,Active,Direct Digital
POL-102667,2024-10-25,2025-10-25,4,3,92562.41,Active,Direct Digital
POL-102668,2025-04-18,2026-04-18,4,1,113561.54,Active,Independent Broker
POL-102669,2025-05-23,2026-05-23,4,1,243812.85,Active,Corporate Intermediary
POL-102670,2024-06-15,2025-06-15,4,2,273516.34,Active,Independent Broker
POL-102671,2024-10-27,2025-10-27,4,5,274586.32,Active,Affinity Partner
POL-102672,2024-11-12,2025-11-12,4,2,126584.08,Active,Independent Broker
POL-102673,2024-02-07,2025-02-06,1,1,19238.0,Active,Direct Digital
POL-102674,2025-04-04,2026-04-04,1,1,21453.42,Active,Independent Broker
POL-102675,2024-11-23,2025-11-23,3,1,126799.58,Active,Direct Digital
POL-102676,2024-11-05,2025-11-05,5,1,202250.24,Active,Independent Broker
POL-102677,2025-02-04,2026-02-04,1,2,10683.31,Active,Corporate Intermediary
POL-102678,2024-09-15,2025-09-15,2,1,18412.76,Active,Affinity Partner
POL-102679,2024-11-27,2025-11-27,2,1,18457.78,Active,Independent Broker
POL-102680,2024-11-18,2025-11-18,5,3,197582.76,Active,Corporate Intermediary
POL-102681,2024-06-17,2025-06-17,1,2,11128.75,Active,Independent Broker
POL-102682,2024-02-13,2025-02-12,1,1,18009.66,Active,Direct Digital
POL-102683,2024-07-26,2025-07-26,5,1,121037.93,Active,Independent Broker
POL-102684,2024-12-17,2025-12-17,4,2,157609.06,Active,Corporate Intermediary
POL-102685,2025-05-28,2026-05-28,1,1,12024.02,Active,Corporate Intermediary
POL-102686,2025-06-01,2026-06-01,2,3,12591.52,Active,Independent Broker
POL-102687,2024-07-20,2025-07-20,2,7,20307.47,Active,Independent Broker
POL-102688,2024-10-24,2025-10-24,3,7,95859.49,Active,Direct Digital
POL-102689,2024-03-05,2025-03-05,3,2,151627.71,Lapsed,Independent Broker
POL-102690,2024-08-24,2025-08-24,2,3,10276.01,Active,Corporate Intermediary
POL-102691,2024-02-09,2025-02-08,1,4,24431.84,Active,Direct Digital
POL-102692,2024-08-22,2025-08-22,1,1,25212.94,Active,Independent Broker
POL-102693,2025-03-16,2026-03-16,1,1,22759.22,Active,Corporate Intermediary
POL-102694,2025-03-02,2026-03-02,1,3,23844.15,Active,Corporate Intermediary
POL-102695,2024-11-09,2025-11-09,5,3,162763.41,Active,Independent Broker
POL-102696,2024-10-21,2025-10-21,5,1,195389.76,Lapsed,Independent Broker
POL-102697,2024-12-02,2025-12-02,1,3,20360.08,Active,Independent Broker
POL-102698,2024-12-02,2025-12-02,4,1,306911.75,Active,Direct Digital
POL-102699,2024-09-21,2025-09-21,1,4,14393.99,Active,Direct Digital
POL-102700,2025-03-12,2026-03-12,1,6,12288.08,Active,Affinity Partner
POL-102701,2024-11-12,2025-11-12,3,5,106744.32,Active,Affinity Partner
POL-102702,2024-05-04,2025-05-04,1,1,10682.11,Active,Corporate Intermediary
POL-102703,2024-10-03,2025-10-03,1,1,22144.36,Active,Independent Broker
POL-102704,2025-04-21,2026-04-21,3,1,98786.54,Active,Corporate Intermediary
POL-102705,2024-12-30,2025-12-30,1,2,12492.94,Active,Independent Broker
POL-102706,2024-09-13,2025-09-13,5,1,204856.39,Active,Affinity Partner
POL-102707,2024-03-29,2025-03-29,1,1,11991.33,Active,Corporate Intermediary
POL-102708,2024-07-17,2025-07-17,3,7,116525.29,Active,Corporate Intermediary
POL-102709,2025-03-18,2026-03-18,1,3,22324.14,Active,Direct Digital
POL-102710,2025-05-10,2026-05-10,5,3,177114.84,Active,Affinity Partner
POL-102711,2024-08-20,2025-08-20,4,7,196121.92,Active,Independent Broker
POL-102712,2025-01-12,2026-01-12,1,1,10196.62,Active,Independent Broker
POL-102713,2024-01-18,2025-01-17,4,2,233935.62,Active,Corporate Intermediary
POL-102714,2024-11-18,2025-11-18,2,1,9050.3,Active,Independent Broker
POL-102715,2024-04-29,2025-04-29,4,1,190990.3,Active,Independent Broker
POL-102716,2024-12-14,2025-12-14,1,4,22897.6,Active,Independent Broker
POL-102717,2024-09-08,2025-09-08,2,3,18545.87,Active,Corporate Intermediary
POL-102718,2024-02-26,2025-02-25,2,4,20504.28,Active,Direct Digital
POL-102719,2025-01-23,2026-01-23,1,1,15175.04,Active,Direct Digital
POL-102720,2025-01-07,2026-01-07,1,3,14657.52,Active,Direct Digital
POL-102721,2024-10-18,2025-10-18,2,1,17022.84,Active,Affinity Partner
POL-102722,2024-04-12,2025-04-12,2,1,8513.17,Active,Independent Broker
POL-102723,2024-05-06,2025-05-06,1,3,13081.89,Active,Direct Digital
POL-102724,2024-10-10,2025-10-10,2,7,14792.88,Active,Corporate Intermediary
POL-102725,2024-10-31,2025-10-31,3,4,77110.44,Lapsed,Corporate Intermediary
POL-102726,2024-02-11,2025-02-10,2,2,8482.95,Active,Independent Broker
POL-102727,2024-05-20,2025-05-20,1,1,25163.33,Active,Direct Digital
POL-102728,2025-05-03,2026-05-03,1,2,22875.81,Active,Direct Digital
POL-102729,2024-06-11,2025-06-11,4,3,294281.01,Active,Independent Broker
POL-102730,2024-07-08,2025-07-08,4,3,246670.88,Active,Corporate Intermediary
POL-102731,2025-04-26,2026-04-26,1,6,21213.85,Active,Affinity Partner
POL-102732,2025-06-05,2026-06-05,1,2,9686.7,Active,Direct Digital
POL-102733,2024-07-11,2025-07-11,3,3,70073.58,Active,Independent Broker
POL-102734,2025-02-01,2026-02-01,1,3,14400.38,Active,Affinity Partner
POL-102735,2025-02-25,2026-02-25,3,1,73784.51,Active,Corporate Intermediary
POL-102736,2025-03-06,2026-03-06,1,4,19526.2,Active,Direct Digital
POL-102737,2024-07-14,2025-07-14,5,1,167520.99,Active,Corporate Intermediary
POL-102738,2024-05-02,2025-05-02,4,1,107449.9,Active,Affinity Partner
POL-102739,2024-02-17,2025-02-16,5,1,166291.59,Active,Direct Digital
POL-102740,2024-04-25,2025-04-25,3,1,118918.65,Active,Corporate Intermediary
POL-102741,2024-01-15,2025-01-14,2,1,11910.73,Active,Direct Digital
POL-102742,2024-05-06,2025-05-06,2,2,20686.05,Active,Independent Broker
POL-102743,2024-10-08,2025-10-08,2,4,9981.38,Active,Direct Digital
POL-102744,2024-12-27,2025-12-27,1,4,23673.06,Active,Independent Broker
POL-102745,2024-10-07,2025-10-07,2,1,10679.14,Active,Direct Digital
POL-102746,2024-03-02,2025-03-02,5,2,139127.94,Active,Direct Digital
POL-102747,2024-10-21,2025-10-21,1,1,14180.98,Active,Direct Digital
POL-102748,2024-03-07,2025-03-07,4,2,160221.53,Active,Independent Broker
POL-102749,2024-10-09,2025-10-09,3,2,73817.46,Active,Independent Broker
POL-102750,2024-05-16,2025-05-16,1,7,13444.5,Active,Direct Digital
POL-102751,2025-06-05,2026-06-05,4,1,101906.98,Active,Independent Broker
POL-102752,2024-04-11,2025-04-11,1,4,18070.28,Active,Independent Broker
POL-102753,2024-03-05,2025-03-05,3,1,70464.64,Active,Corporate Intermediary
POL-102754,2024-07-06,2025-07-06,4,3,314475.68,Active,Affinity Partner
POL-102755,2024-12-01,2025-12-01,5,5,180846.71,Active,Independent Broker
POL-102756,2025-05-07,2026-05-07,1,1,11378.85,Active,Corporate Intermediary
POL-102757,2024-09-14,2025-09-14,4,1,218617.13,Active,Independent Broker
POL-102758,2024-12-31,2025-12-31,1,2,17338.41,Active,Direct Digital
POL-102759,2024-02-16,2025-02-15,2,2,13705.1,Active,Independent Broker
POL-102760,2024-08-21,2025-08-21,2,3,7426.75,Active,Independent Broker
POL-102761,2024-05-20,2025-05-20,1,2,23811.45,Active,Independent Broker
POL-102762,2024-03-15,2025-03-15,1,5,25832.3,Active,Independent Broker
POL-102763,2024-08-14,2025-08-14,5,1,87139.98,Active,Direct Digital
POL-102764,2025-02-22,2026-02-22,1,1,20145.52,Lapsed,Corporate Intermediary
POL-102765,2024-04-05,2025-04-05,2,1,15642.48,Active,Direct Digital
POL-102766,2024-09-03,2025-09-03,1,2,20899.55,Active,Independent Broker
POL-102767,2024-01-07,2025-01-06,3,1,135895.23,Lapsed,Direct Digital
POL-102768,2025-05-30,2026-05-30,3,1,151127.71,Active,Independent Broker
POL-102769,2024-12-23,2025-12-23,2,7,13442.51,Active,Direct Digital
POL-102770,2024-04-09,2025-04-09,4,3,80233.54,Active,Direct Digital
POL-102771,2024-06-09,2025-06-09,1,6,10341.35,Active,Corporate Intermediary
POL-102772,2024-07-21,2025-07-21,1,1,17158.02,Active,Direct Digital
POL-102773,2024-05-17,2025-05-17,1,1,21502.2,Active,Independent Broker
POL-102774,2024-11-02,2025-11-02,4,2,112712.72,Active,Affinity Partner
POL-102775,2025-04-30,2026-04-30,2,1,9564.98,Active,Direct Digital
POL-102776,2025-03-06,2026-03-06,1,1,22136.45,Active,Direct Digital
POL-102777,2024-04-21,2025-04-21,2,1,16855.69,Active,Independent Broker
POL-102778,2024-12-03,2025-12-03,2,1,18637.1,Active,Independent Broker
POL-102779,2024-08-08,2025-08-08,2,2,9575.46,Active,Independent Broker
POL-102780,2024-11-19,2025-11-19,1,3,13112.01,Active,Corporate Intermediary
POL-102781,2024-01-21,2025-01-20,1,2,14446.76,Active,Independent Broker
POL-102782,2024-04-03,2025-04-03,3,1,135999.01,Active,Direct Digital
POL-102783,2024-04-25,2025-04-25,3,2,88563.63,Active,Independent Broker
POL-102784,2024-05-18,2025-05-18,1,3,12548.6,Active,Corporate Intermediary
POL-102785,2024-09-03,2025-09-03,1,3,23676.17,Active,Direct Digital
POL-102786,2024-03-26,2025-03-26,2,3,14618.42,Active,Independent Broker
POL-102787,2024-05-19,2025-05-19,1,1,16614.62,Active,Direct Digital
POL-102788,2024-08-13,2025-08-13,4,4,96898.86,Active,Independent Broker
POL-102789,2025-03-08,2026-03-08,5,4,142943.47,Active,Independent Broker
POL-102790,2024-06-17,2025-06-17,4,1,318224.21,Active,Direct Digital
POL-102791,2024-01-12,2025-01-11,5,1,181801.72,Active,Corporate Intermediary
POL-102792,2024-02-01,2025-01-31,1,2,12304.75,Active,Independent Broker
POL-102793,2024-03-24,2025-03-24,1,5,12722.92,Lapsed,Direct Digital
POL-102794,2025-01-15,2026-01-15,1,4,21874.94,Active,Independent Broker
POL-102795,2024-12-27,2025-12-27,2,2,16476.06,Active,Independent Broker
POL-102796,2024-10-23,2025-10-23,5,1,94336.69,Active,Corporate Intermediary
POL-102797,2025-05-03,2026-05-03,2,3,14406.67,Active,Direct Digital
POL-102798,2024-10-22,2025-10-22,3,4,135020.56,Active,Independent Broker
POL-102799,2025-06-03,2026-06-03,2,2,7562.27,Active,Direct Digital
POL-102800,2024-09-24,2025-09-24,1,2,15263.78,Active,Independent Broker
POL-102801,2025-06-12,2026-06-12,2,3,9269.43,Active,Direct Digital
POL-102802,2025-02-26,2026-02-26,1,1,17991.59,Cancelled,Independent Broker
POL-102803,2024-02-20,2025-02-19,2,1,18537.78,Active,Independent Broker
POL-102804,2024-02-12,2025-02-11,3,6,46646.37,Active,Independent Broker
POL-102805,2024-09-03,2025-09-03,2,3,19013.15,Active,Independent Broker
POL-102806,2024-01-18,2025-01-17,5,4,182364.35,Lapsed,Corporate Intermediary
POL-102807,2025-06-22,2026-06-22,1,1,10658.04,Active,Direct Digital
POL-102808,2024-05-05,2025-05-05,2,1,18721.6,Active,Independent Broker
POL-102809,2024-01-06,2025-01-05,1,4,21625.87,Cancelled,Independent Broker
POL-102810,2025-04-30,2026-04-30,3,1,102848.28,Active,Corporate Intermediary
POL-102811,2024-03-06,2025-03-06,2,1,10542.74,Active,Direct Digital
POL-102812,2025-02-13,2026-02-13,4,5,147312.02,Active,Independent Broker
POL-102813,2024-11-10,2025-11-10,2,1,9388.58,Active,Independent Broker
POL-102814,2024-05-13,2025-05-13,2,6,17208.15,Active,Direct Digital
POL-102815,2024-11-13,2025-11-13,5,1,63968.61,Active,Corporate Intermediary
POL-102816,2024-10-25,2025-10-25,4,2,113384.64,Lapsed,Independent Broker
POL-102817,2024-10-24,2025-10-24,1,1,16213.78,Active,Independent Broker
POL-102818,2024-12-14,2025-12-14,3,5,64060.73,Active,Corporate Intermediary
POL-102819,2024-01-24,2025-01-23,4,1,190108.85,Active,Corporate Intermediary
POL-102820,2024-10-24,2025-10-24,3,3,155276.66,Active,Affinity Partner
POL-102821,2024-01-24,2025-01-23,5,1,174232.61,Active,Independent Broker
POL-102822,2025-05-27,2026-05-27,3,1,139989.05,Active,Independent Broker
POL-102823,2024-05-17,2025-05-17,2,4,18678.2,Active,Independent Broker
POL-102824,2024-02-08,2025-02-07,2,5,16019.32,Cancelled,Direct Digital
POL-102825,2024-07-28,2025-07-28,1,1,25503.6,Active,Direct Digital
POL-102826,2025-06-22,2026-06-22,1,3,14767.21,Active,Independent Broker
POL-102827,2024-08-15,2025-08-15,1,1,11076.95,Active,Independent Broker
POL-102828,2025-04-22,2026-04-22,5,1,142544.25,Active,Direct Digital
POL-102829,2024-04-03,2025-04-03,4,5,123507.59,Active,Independent Broker
POL-102830,2024-11-26,2025-11-26,1,1,24071.08,Active,Independent Broker
POL-102831,2024-03-26,2025-03-26,5,4,179430.11,Active,Affinity Partner
POL-102832,2025-02-02,2026-02-02,1,2,25356.13,Active,Corporate Intermediary
POL-102833,2025-06-21,2026-06-21,1,1,24548.78,Active,Direct Digital
POL-102834,2024-01-31,2025-01-30,4,1,156974.18,Active,Independent Broker
POL-102835,2025-06-20,2026-06-20,1,1,20889.71,Active,Independent Broker
POL-102836,2025-05-24,2026-05-24,1,6,14251.85,Cancelled,Direct Digital
POL-102837,2025-03-01,2026-03-01,1,4,20753.98,Active,Independent Broker
POL-102838,2024-12-20,2025-12-20,1,1,10850.53,Active,Corporate Intermediary
POL-102839,2025-06-22,2026-06-22,4,7,215881.91,Active,Direct Digital
POL-102840,2024-08-24,2025-08-24,2,3,13787.39,Active,Independent Broker
POL-102841,2025-02-21,2026-02-21,1,1,22965.12,Active,Direct Digital
POL-102842,2025-06-01,2026-06-01,1,1,13538.34,Active,Independent Broker
POL-102843,2024-03-19,2025-03-19,1,1,24913.96,Active,Corporate Intermediary
POL-102844,2024-10-28,2025-10-28,1,3,18392.12,Lapsed,Direct Digital
POL-102845,2025-01-10,2026-01-10,4,1,265614.52,Active,Independent Broker
POL-102846,2025-02-08,2026-02-08,2,2,20534.77,Active,Independent Broker
POL-102847,2024-04-08,2025-04-08,1,6,11712.1,Active,Direct Digital
POL-102848,2024-02-13,2025-02-12,1,1,18132.21,Active,Independent Broker
POL-102849,2024-03-31,2025-03-31,5,1,115668.3,Active,Direct Digital
POL-102850,2024-08-05,2025-08-05,1,1,22188.55,Active,Independent Broker
POL-102851,2024-02-23,2025-02-22,2,3,14794.02,Active,Direct Digital
POL-102852,2025-05-11,2026-05-11,2,7,14946.92,Lapsed,Independent Broker
POL-102853,2025-06-21,2026-06-21,1,1,21894.48,Active,Direct Digital
POL-102854,2024-01-06,2025-01-05,3,2,134068.71,Active,Direct Digital
POL-102855,2024-05-19,2025-05-19,2,1,10125.06,Active,Independent Broker
POL-102856,2024-05-07,2025-05-07,1,1,20539.22,Active,Independent Broker
POL-102857,2024-02-18,2025-02-17,3,2,159196.48,Active,Direct Digital
POL-102858,2024-10-23,2025-10-23,2,3,9708.54,Active,Affinity Partner
POL-102859,2024-09-18,2025-09-18,3,1,89536.9,Active,Independent Broker
POL-102860,2025-03-06,2026-03-06,5,4,147361.59,Active,Corporate Intermediary
POL-102861,2024-10-30,2025-10-30,3,4,113349.89,Active,Independent Broker
POL-102862,2025-04-12,2026-04-12,1,3,14446.98,Active,Independent Broker
POL-102863,2025-01-28,2026-01-28,4,3,135809.2,Active,Direct Digital
POL-102864,2024-01-22,2025-01-21,5,3,200847.53,Active,Corporate Intermediary
POL-102865,2024-07-18,2025-07-18,1,1,11377.02,Active,Corporate Intermediary
POL-102866,2024-08-16,2025-08-16,2,7,9149.83,Cancelled,Independent Broker
POL-102867,2024-02-26,2025-02-25,2,4,16855.55,Cancelled,Independent Broker
POL-102868,2025-02-11,2026-02-11,4,1,187009.47,Active,Corporate Intermediary
POL-102869,2025-03-28,2026-03-28,1,6,13140.87,Active,Affinity Partner
POL-102870,2024-08-21,2025-08-21,3,3,68006.89,Active,Independent Broker
POL-102871,2025-01-05,2026-01-05,4,1,295137.87,Active,Independent Broker
POL-102872,2024-01-18,2025-01-17,2,1,19582.06,Cancelled,Corporate Intermediary
POL-102873,2024-04-30,2025-04-30,1,5,18886.79,Active,Direct Digital
POL-102874,2024-05-30,2025-05-30,2,3,17730.85,Active,Direct Digital
POL-102875,2024-09-29,2025-09-29,1,3,15871.92,Active,Independent Broker
POL-102876,2024-03-15,2025-03-15,1,1,18813.42,Active,Direct Digital
POL-102877,2024-05-29,2025-05-29,5,1,187229.52,Active,Independent Broker
POL-102878,2024-05-03,2025-05-03,1,1,22346.39,Active,Direct Digital
POL-102879,2024-11-14,2025-11-14,3,1,115872.87,Active,Direct Digital
POL-102880,2024-06-17,2025-06-17,3,7,68400.69,Active,Corporate Intermediary
POL-102881,2025-03-20,2026-03-20,4,2,297298.06,Active,Affinity Partner
POL-102882,2024-04-29,2025-04-29,5,2,135662.89,Active,Independent Broker
POL-102883,2024-12-08,2025-12-08,1,1,25103.63,Active,Direct Digital
POL-102884,2024-10-12,2025-10-12,1,1,19929.74,Active,Independent Broker
POL-102885,2024-02-25,2025-02-24,2,2,17876.43,Active,Independent Broker
POL-102886,2025-03-29,2026-03-29,4,2,228609.53,Active,Independent Broker
POL-102887,2024-10-13,2025-10-13,1,1,24289.78,Active,Independent Broker
POL-102888,2025-02-04,2026-02-04,1,1,21314.77,Active,Direct Digital
POL-102889,2025-02-16,2026-02-16,5,2,164136.88,Active,Independent Broker
POL-102890,2024-04-04,2025-04-04,5,3,173247.99,Active,Affinity Partner
POL-102891,2024-02-18,2025-02-17,1,3,21068.2,Active,Corporate Intermediary
POL-102892,2024-09-26,2025-09-26,1,2,24959.82,Active,Direct Digital
POL-102893,2024-07-18,2025-07-18,1,1,17043.41,Active,Direct Digital
POL-102894,2024-11-17,2025-11-17,2,6,20042.43,Active,Affinity Partner
POL-102895,2025-02-14,2026-02-14,1,2,18532.84,Active,Direct Digital
POL-102896,2024-06-17,2025-06-17,4,1,94255.67,Active,Independent Broker
POL-102897,2024-08-12,2025-08-12,5,2,90455.41,Active,Independent Broker
POL-102898,2024-05-15,2025-05-15,2,3,14736.36,Cancelled,Independent Broker
POL-102899,2024-07-13,2025-07-13,1,2,10819.11,Active,Direct Digital
POL-102900,2024-09-27,2025-09-27,4,1,252866.73,Active,Independent Broker
POL-102901,2024-02-18,2025-02-17,1,2,14421.87,Active,Corporate Intermediary
POL-102902,2025-03-17,2026-03-17,2,1,20930.02,Active,Direct Digital
POL-102903,2024-09-13,2025-09-13,1,2,17314.53,Active,Direct Digital
POL-102904,2025-04-19,2026-04-19,5,3,163436.98,Active,Direct Digital
POL-102905,2024-01-15,2025-01-14,1,4,11113.2,Active,Corporate Intermediary
POL-102906,2024-07-05,2025-07-05,1,4,12771.52,Active,Affinity Partner
POL-102907,2024-06-24,2025-06-24,3,3,82136.23,Active,Corporate Intermediary
POL-102908,2025-03-24,2026-03-24,1,7,16586.74,Active,Corporate Intermediary
POL-102909,2024-09-05,2025-09-05,1,3,12506.35,Active,Independent Broker
POL-102910,2024-01-30,2025-01-29,2,1,15099.47,Active,Independent Broker
POL-102911,2025-05-19,2026-05-19,4,3,208426.6,Active,Independent Broker
POL-102912,2024-05-01,2025-05-01,2,2,16861.54,Active,Affinity Partner
POL-102913,2024-08-29,2025-08-29,2,3,17962.42,Active,Corporate Intermediary
POL-102914,2025-01-08,2026-01-08,5,1,113939.86,Active,Independent Broker
POL-102915,2024-06-24,2025-06-24,1,1,19918.47,Active,Direct Digital
POL-102916,2025-02-06,2026-02-06,4,4,164679.92,Active,Independent Broker
POL-102917,2025-04-03,2026-04-03,1,5,13944.5,Active,Independent Broker
POL-102918,2025-06-19,2026-06-19,4,7,304581.44,Active,Independent Broker
POL-102919,2024-12-01,2025-12-01,3,2,156332.15,Active,Affinity Partner
POL-102920,2024-10-01,2025-10-01,1,2,19824.37,Active,Corporate Intermediary
POL-102921,2024-01-17,2025-01-16,1,1,24231.7,Active,Independent Broker
POL-102922,2024-02-04,2025-02-03,4,5,253761.01,Active,Independent Broker
POL-102923,2024-09-13,2025-09-13,3,1,118507.74,Active,Independent Broker
POL-102924,2025-06-08,2026-06-08,3,4,49790.04,Active,Independent Broker
POL-102925,2025-06-03,2026-06-03,2,7,19798.28,Active,Independent Broker
POL-102926,2024-12-31,2025-12-31,1,1,24281.22,Active,Independent Broker
POL-102927,2024-07-19,2025-07-19,3,7,156708.93,Active,Affinity Partner
POL-102928,2025-04-07,2026-04-07,2,2,17967.42,Cancelled,Direct Digital
POL-102929,2025-04-17,2026-04-17,3,4,104799.28,Active,Direct Digital
POL-102930,2025-03-22,2026-03-22,3,3,126787.69,Active,Corporate Intermediary
POL-102931,2024-11-23,2025-11-23,3,3,65146.12,Cancelled,Direct Digital
POL-102932,2024-11-21,2025-11-21,4,3,75160.38,Active,Independent Broker
POL-102933,2024-08-31,2025-08-31,2,1,16797.92,Lapsed,Independent Broker
POL-102934,2025-01-04,2026-01-04,5,2,114759.66,Active,Independent Broker
POL-102935,2024-02-09,2025-02-08,1,5,11647.14,Active,Independent Broker
POL-102936,2024-12-16,2025-12-16,2,1,10666.64,Lapsed,Independent Broker
POL-102937,2025-02-07,2026-02-07,1,1,15389.53,Active,Direct Digital
POL-102938,2024-09-09,2025-09-09,4,1,242463.77,Active,Corporate Intermediary
POL-102939,2025-02-04,2026-02-04,1,1,18557.39,Lapsed,Independent Broker
POL-102940,2024-04-15,2025-04-15,2,2,9469.02,Active,Independent Broker
POL-102941,2024-12-01,2025-12-01,1,3,22088.57,Active,Affinity Partner
POL-102942,2024-07-01,2025-07-01,2,2,9513.97,Active,Independent Broker
POL-102943,2024-08-14,2025-08-14,4,1,159114.64,Active,Independent Broker
POL-102944,2024-04-14,2025-04-14,1,3,11341.85,Active,Independent Broker
POL-102945,2024-01-27,2025-01-26,4,3,202139.07,Lapsed,Affinity Partner
POL-102946,2024-11-28,2025-11-28,1,4,14855.24,Active,Independent Broker
POL-102947,2024-09-24,2025-09-24,1,1,12784.22,Active,Direct Digital
POL-102948,2025-06-08,2026-06-08,3,1,151305.6,Active,Independent Broker
POL-102949,2025-05-10,2026-05-10,1,1,12866.02,Active,Independent Broker
POL-102950,2024-08-29,2025-08-29,1,1,11010.57,Active,Independent Broker
POL-102951,2024-03-31,2025-03-31,2,1,13460.74,Active,Independent Broker
POL-102952,2024-04-19,2025-04-19,1,6,12445.56,Active,Direct Digital
POL-102953,2025-03-05,2026-03-05,3,6,141813.3,Active,Direct Digital
POL-102954,2025-03-12,2026-03-12,2,2,7831.93,Lapsed,Direct Digital
POL-102955,2024-06-02,2025-06-02,4,4,271583.72,Active,Corporate Intermediary
POL-102956,2024-03-30,2025-03-30,1,7,15403.3,Active,Independent Broker
POL-102957,2024-05-04,2025-05-04,4,3,203311.64,Active,Independent Broker
POL-102958,2024-05-14,2025-05-14,5,2,51143.51,Active,Direct Digital
POL-102959,2025-06-10,2026-06-10,3,3,143061.5,Active,Direct Digital
POL-102960,2024-05-20,2025-05-20,2,3,18365.55,Active,Independent Broker
POL-102961,2024-02-29,2025-02-28,2,7,15253.23,Active,Corporate Intermediary
POL-102962,2025-03-28,2026-03-28,2,1,19103.78,Active,Independent Broker
POL-102963,2025-06-06,2026-06-06,2,6,19525.76,Active,Independent Broker
POL-102964,2025-03-08,2026-03-08,2,2,18068.99,Active,Direct Digital
POL-102965,2025-05-29,2026-05-29,1,1,25311.28,Lapsed,Affinity Partner
POL-102966,2025-03-14,2026-03-14,2,1,9078.53,Active,Corporate Intermediary
POL-102967,2024-02-13,2025-02-12,1,1,15709.06,Active,Independent Broker
POL-102968,2024-08-25,2025-08-25,1,1,11750.5,Active,Corporate Intermediary
POL-102969,2024-04-28,2025-04-28,2,2,8155.55,Active,Independent Broker
POL-102970,2024-02-04,2025-02-03,3,1,116743.31,Active,Independent Broker
POL-102971,2024-04-12,2025-04-12,2,1,11124.21,Active,Independent Broker
POL-102972,2025-01-30,2026-01-30,4,4,318799.6,Active,Independent Broker
POL-102973,2024-08-15,2025-08-15,2,2,19604.39,Active,Independent Broker
POL-102974,2024-10-26,2025-10-26,4,2,111677.65,Active,Independent Broker
POL-102975,2025-06-11,2026-06-11,5,5,78510.52,Active,Direct Digital
POL-102976,2024-03-12,2025-03-12,3,1,137035.4,Active,Independent Broker
POL-102977,2024-04-18,2025-04-18,5,1,82372.03,Active,Direct Digital
POL-102978,2024-05-26,2025-05-26,4,1,228593.43,Active,Direct Digital
POL-102979,2024-01-09,2025-01-08,1,3,13613.88,Active,Direct Digital
POL-102980,2025-04-19,2026-04-19,2,1,14548.68,Active,Independent Broker
POL-102981,2024-03-30,2025-03-30,4,2,118350.58,Active,Independent Broker
POL-102982,2025-04-20,2026-04-20,2,1,17506.21,Active,Independent Broker
POL-102983,2025-05-10,2026-05-10,1,2,12137.98,Active,Direct Digital
POL-102984,2024-05-25,2025-05-25,4,1,200177.4,Active,Independent Broker
POL-102985,2025-04-09,2026-04-09,2,4,14842.44,Active,Independent Broker
POL-102986,2024-07-05,2025-07-05,5,2,213259.6,Active,Direct Digital
POL-102987,2025-04-13,2026-04-13,4,1,123588.69,Active,Independent Broker
POL-102988,2024-07-09,2025-07-09,1,2,12581.34,Active,Affinity Partner
POL-102989,2024-08-07,2025-08-07,5,2,199864.98,Lapsed,Independent Broker
POL-102990,2024-11-30,2025-11-30,4,3,93463.9,Active,Independent Broker
POL-102991,2024-05-27,2025-05-27,1,1,14931.68,Active,Affinity Partner
POL-102992,2024-07-27,2025-07-27,2,3,20167.81,Active,Direct Digital
POL-102993,2025-04-19,2026-04-19,5,6,200026.08,Active,Corporate Intermediary
POL-102994,2024-10-23,2025-10-23,1,1,18965.12,Active,Direct Digital
POL-102995,2025-05-25,2026-05-25,4,6,252632.29,Active,Independent Broker
POL-102996,2025-03-25,2026-03-25,1,1,18965.11,Active,Direct Digital
POL-102997,2024-12-05,2025-12-05,1,4,24377.59,Active,Independent Broker
POL-102998,2025-05-24,2026-05-24,5,1,86420.32,Active,Corporate Intermediary
POL-102999,2024-05-21,2025-05-21,3,3,153604.91,Active,Direct Digital
POL-103000,2024-01-29,2025-01-28,4,7,313160.88,Active,Independent Broker
POL-103001,2024-02-25,2025-02-24,3,1,62445.43,Lapsed,Direct Digital
POL-103002,2025-05-15,2026-05-15,4,5,291782.23,Active,Independent Broker
POL-103003,2025-03-24,2026-03-24,2,5,10106.08,Active,Independent Broker
POL-103004,2025-01-16,2026-01-16,4,3,162554.25,Active,Independent Broker
POL-103005,2024-03-03,2025-03-03,5,7,56874.42,Active,Affinity Partner
POL-103006,2024-08-29,2025-08-29,2,4,8331.74,Active,Corporate Intermediary
POL-103007,2024-11-24,2025-11-24,1,2,10689.1,Active,Direct Digital
POL-103008,2024-08-03,2025-08-03,5,3,202751.76,Active,Direct Digital
POL-103009,2024-06-01,2025-06-01,4,3,116032.62,Lapsed,Affinity Partner
POL-103010,2024-12-22,2025-12-22,4,1,97656.39,Active,Direct Digital
POL-103011,2025-06-07,2026-06-07,1,1,19638.11,Active,Direct Digital
POL-103012,2025-03-01,2026-03-01,3,1,66829.22,Active,Direct Digital
POL-103013,2024-04-27,2025-04-27,1,2,10394.03,Active,Direct Digital
POL-103014,2024-07-31,2025-07-31,1,1,23814.39,Lapsed,Affinity Partner
POL-103015,2025-02-23,2026-02-23,2,7,16310.52,Active,Independent Broker
POL-103016,2024-04-01,2025-04-01,1,1,15874.35,Active,Affinity Partner
POL-103017,2024-02-12,2025-02-11,1,4,21435.4,Active,Independent Broker
POL-103018,2025-03-24,2026-03-24,1,1,24777.92,Active,Direct Digital
POL-103019,2024-10-27,2025-10-27,3,1,92910.93,Active,Independent Broker
POL-103020,2024-07-02,2025-07-02,2,4,19300.84,Active,Corporate Intermediary
POL-103021,2024-04-16,2025-04-16,1,7,22474.02,Active,Direct Digital
POL-103022,2024-01-24,2025-01-23,3,5,88584.48,Active,Affinity Partner
POL-103023,2024-01-09,2025-01-08,3,4,80543.43,Active,Independent Broker
POL-103024,2025-01-19,2026-01-19,1,1,23375.86,Active,Independent Broker
POL-103025,2025-01-10,2026-01-10,2,6,12450.84,Active,Corporate Intermediary
POL-103026,2024-01-02,2025-01-01,1,6,20537.99,Active,Direct Digital
POL-103027,2025-05-23,2026-05-23,1,7,11193.56,Cancelled,Direct Digital
POL-103028,2024-10-09,2025-10-09,1,2,24936.77,Active,Independent Broker
POL-103029,2025-01-31,2026-01-31,2,7,19951.48,Active,Direct Digital
POL-103030,2024-03-17,2025-03-17,5,7,76549.0,Active,Independent Broker
POL-103031,2024-02-25,2025-02-24,2,1,12193.15,Active,Direct Digital
POL-103032,2025-05-21,2026-05-21,2,1,9495.66,Active,Independent Broker
POL-103033,2024-03-28,2025-03-28,2,2,19095.11,Active,Direct Digital
POL-103034,2024-05-09,2025-05-09,2,3,16171.3,Lapsed,Independent Broker
POL-103035,2024-09-24,2025-09-24,1,5,19960.45,Active,Independent Broker
POL-103036,2024-10-19,2025-10-19,1,1,10561.82,Active,Independent Broker
POL-103037,2025-02-19,2026-02-19,3,3,149876.37,Active,Independent Broker
POL-103038,2024-11-11,2025-11-11,4,1,165867.56,Active,Corporate Intermediary
POL-103039,2024-12-22,2025-12-22,2,1,13067.35,Active,Direct Digital
POL-103040,2025-05-06,2026-05-06,1,1,23323.03,Active,Independent Broker
POL-103041,2024-04-23,2025-04-23,1,3,10574.14,Active,Corporate Intermediary
POL-103042,2024-05-05,2025-05-05,1,1,10036.98,Lapsed,Corporate Intermediary
POL-103043,2024-08-23,2025-08-23,1,2,16137.67,Active,Direct Digital
POL-103044,2024-06-14,2025-06-14,2,3,7788.2,Active,Direct Digital
POL-103045,2025-01-10,2026-01-10,2,1,9244.22,Active,Independent Broker
POL-103046,2024-12-16,2025-12-16,5,1,128787.41,Active,Direct Digital
POL-103047,2025-04-08,2026-04-08,1,1,10483.68,Active,Independent Broker
POL-103048,2024-02-18,2025-02-17,2,2,20585.58,Lapsed,Independent Broker
POL-103049,2024-07-23,2025-07-23,2,1,8776.04,Active,Direct Digital
POL-103050,2025-03-21,2026-03-21,1,2,18319.74,Active,Independent Broker
POL-103051,2025-03-12,2026-03-12,5,2,151347.25,Active,Direct Digital
POL-103052,2024-01-06,2025-01-05,2,1,20996.67,Active,Corporate Intermediary
POL-103053,2025-02-16,2026-02-16,1,2,24720.3,Active,Corporate Intermediary
POL-103054,2025-03-23,2026-03-23,1,1,15393.03,Active,Direct Digital
POL-103055,2024-05-21,2025-05-21,4,2,79650.25,Active,Direct Digital
POL-103056,2025-02-28,2026-02-28,2,1,11486.3,Active,Independent Broker
POL-103057,2024-03-10,2025-03-10,1,1,16929.67,Active,Independent Broker
POL-103058,2024-09-15,2025-09-15,1,1,21883.97,Active,Direct Digital
POL-103059,2024-03-10,2025-03-10,5,3,178738.83,Active,Independent Broker
POL-103060,2024-10-03,2025-10-03,3,1,79175.54,Active,Independent Broker
POL-103061,2024-11-20,2025-11-20,1,1,13790.56,Active,Direct Digital
POL-103062,2024-10-31,2025-10-31,4,3,276319.36,Lapsed,Independent Broker
POL-103063,2025-05-19,2026-05-19,4,1,233766.59,Active,Independent Broker
POL-103064,2024-05-03,2025-05-03,2,2,15521.22,Active,Direct Digital
POL-103065,2025-01-26,2026-01-26,1,1,13147.05,Active,Direct Digital
POL-103066,2025-05-06,2026-05-06,3,1,71292.53,Active,Corporate Intermediary
POL-103067,2025-03-23,2026-03-23,1,1,21686.27,Cancelled,Independent Broker
POL-103068,2024-10-23,2025-10-23,3,3,149612.42,Cancelled,Independent Broker
POL-103069,2024-01-16,2025-01-15,1,6,23089.75,Active,Corporate Intermediary
POL-103070,2024-05-22,2025-05-22,1,1,17263.2,Active,Corporate Intermediary
POL-103071,2024-06-24,2025-06-24,1,1,16336.17,Active,Independent Broker
POL-103072,2024-01-29,2025-01-28,4,4,228803.67,Active,Affinity Partner
POL-103073,2024-03-26,2025-03-26,1,2,20823.28,Active,Independent Broker
POL-103074,2025-05-31,2026-05-31,5,3,126258.64,Active,Direct Digital
POL-103075,2025-03-31,2026-03-31,1,6,23315.0,Active,Independent Broker
POL-103076,2024-10-23,2025-10-23,4,3,82481.27,Active,Direct Digital
POL-103077,2025-02-12,2026-02-12,1,1,18375.7,Active,Direct Digital
POL-103078,2024-12-30,2025-12-30,3,3,129018.58,Active,Affinity Partner
POL-103079,2025-06-03,2026-06-03,2,2,20068.6,Active,Direct Digital
POL-103080,2024-01-27,2025-01-26,1,3,10367.89,Active,Independent Broker
POL-103081,2024-04-05,2025-04-05,1,1,15836.1,Active,Independent Broker
POL-103082,2024-04-03,2025-04-03,5,4,163557.24,Lapsed,Independent Broker
POL-103083,2025-05-26,2026-05-26,4,3,141251.95,Active,Independent Broker
POL-103084,2025-05-31,2026-05-31,1,2,21509.77,Active,Affinity Partner
POL-103085,2025-05-03,2026-05-03,4,4,87256.22,Active,Independent Broker
POL-103086,2024-04-30,2025-04-30,1,1,22557.91,Active,Independent Broker
POL-103087,2024-02-15,2025-02-14,3,3,117794.56,Active,Direct Digital
POL-103088,2024-08-17,2025-08-17,2,6,12407.94,Active,Affinity Partner
POL-103089,2025-02-11,2026-02-11,1,1,20095.98,Lapsed,Affinity Partner
POL-103090,2024-10-16,2025-10-16,4,2,169014.02,Active,Direct Digital
POL-103091,2025-03-15,2026-03-15,1,1,17030.18,Active,Direct Digital
POL-103092,2024-01-12,2025-01-11,1,3,15143.49,Active,Direct Digital
POL-103093,2024-12-30,2025-12-30,3,7,70692.65,Active,Direct Digital
POL-103094,2024-05-08,2025-05-08,1,3,25469.64,Cancelled,Corporate Intermediary
POL-103095,2024-09-29,2025-09-29,3,2,104859.01,Active,Independent Broker
POL-103096,2025-03-22,2026-03-22,1,1,16081.09,Active,Affinity Partner
POL-103097,2025-06-23,2026-06-23,2,3,15145.35,Active,Independent Broker
POL-103098,2024-03-05,2025-03-05,1,1,10811.19,Cancelled,Direct Digital
POL-103099,2024-09-11,2025-09-11,2,4,17625.78,Active,Corporate Intermediary
POL-103100,2024-07-28,2025-07-28,5,2,68353.28,Active,Independent Broker
POL-103101,2024-01-01,2024-12-31,2,1,20737.97,Active,Direct Digital
POL-103102,2025-06-07,2026-06-07,1,2,15052.19,Active,Direct Digital
POL-103103,2024-06-18,2025-06-18,2,1,17556.58,Active,Direct Digital
POL-103104,2024-04-09,2025-04-09,2,2,16173.94,Active,Independent Broker
POL-103105,2024-10-07,2025-10-07,1,3,16428.81,Active,Independent Broker
POL-103106,2025-05-10,2026-05-10,5,1,181307.98,Active,Direct Digital
POL-103107,2024-02-12,2025-02-11,3,3,154858.28,Active,Corporate Intermediary
POL-103108,2025-04-17,2026-04-17,3,1,53433.98,Active,Direct Digital
POL-103109,2025-06-13,2026-06-13,1,1,23371.65,Active,Affinity Partner
POL-103110,2025-01-20,2026-01-20,1,3,16523.84,Active,Independent Broker
POL-103111,2024-09-11,2025-09-11,4,3,171977.75,Active,Independent Broker
POL-103112,2025-06-02,2026-06-02,2,3,11510.43,Lapsed,Direct Digital
POL-103113,2024-12-14,2025-12-14,4,1,314829.57,Active,Direct Digital
POL-103114,2024-05-07,2025-05-07,4,1,251983.49,Active,Direct Digital
POL-103115,2025-05-04,2026-05-04,2,1,16818.47,Active,Independent Broker
POL-103116,2024-12-25,2025-12-25,1,1,17381.49,Active,Independent Broker
POL-103117,2024-08-20,2025-08-20,4,3,259413.05,Active,Independent Broker
POL-103118,2025-03-07,2026-03-07,2,1,12868.9,Active,Direct Digital
POL-103119,2025-06-11,2026-06-11,3,1,80663.15,Active,Independent Broker
POL-103120,2024-01-08,2025-01-07,1,1,19343.53,Active,Independent Broker
POL-103121,2024-05-19,2025-05-19,2,3,20603.59,Active,Direct Digital
POL-103122,2025-01-20,2026-01-20,2,5,19139.54,Active,Independent Broker
POL-103123,2025-03-21,2026-03-21,2,3,12864.35,Active,Independent Broker
POL-103124,2024-06-14,2025-06-14,1,1,14761.86,Active,Independent Broker
POL-103125,2025-03-29,2026-03-29,2,3,19516.0,Active,Corporate Intermediary
POL-103126,2024-11-11,2025-11-11,5,2,214008.83,Active,Independent Broker
POL-103127,2024-01-30,2025-01-29,2,1,10546.73,Active,Direct Digital
POL-103128,2025-02-18,2026-02-18,2,1,18989.18,Active,Independent Broker
POL-103129,2024-10-23,2025-10-23,1,1,16102.44,Active,Independent Broker
POL-103130,2024-08-22,2025-08-22,1,1,20994.6,Active,Direct Digital
POL-103131,2024-07-10,2025-07-10,1,1,12095.36,Active,Corporate Intermediary
POL-103132,2025-04-07,2026-04-07,2,2,16776.5,Active,Independent Broker
POL-103133,2024-11-19,2025-11-19,4,1,170585.16,Active,Direct Digital
POL-103134,2024-04-12,2025-04-12,1,2,24535.79,Active,Corporate Intermediary
POL-103135,2024-09-14,2025-09-14,3,3,117451.31,Cancelled,Direct Digital
POL-103136,2024-01-16,2025-01-15,1,2,19256.48,Cancelled,Independent Broker
POL-103137,2025-05-21,2026-05-21,3,1,65114.29,Active,Independent Broker
POL-103138,2025-01-01,2026-01-01,2,1,20047.6,Active,Direct Digital
POL-103139,2025-02-22,2026-02-22,1,1,20072.94,Active,Direct Digital
POL-103140,2024-04-23,2025-04-23,1,1,12943.81,Active,Independent Broker
POL-103141,2025-05-05,2026-05-05,2,1,13135.16,Active,Independent Broker
POL-103142,2024-02-19,2025-02-18,2,3,12034.89,Active,Direct Digital
POL-103143,2024-09-28,2025-09-28,3,1,78552.03,Active,Independent Broker
POL-103144,2024-08-26,2025-08-26,3,2,145680.69,Active,Corporate Intermediary
POL-103145,2024-10-01,2025-10-01,1,1,20683.46,Active,Independent Broker
POL-103146,2025-01-11,2026-01-11,2,4,13647.69,Active,Corporate Intermediary
POL-103147,2024-03-19,2025-03-19,1,1,25089.22,Active,Independent Broker
POL-103148,2025-04-03,2026-04-03,2,7,14614.28,Active,Independent Broker
POL-103149,2025-05-18,2026-05-18,4,4,254692.76,Cancelled,Independent Broker
POL-103150,2025-02-11,2026-02-11,5,1,91292.35,Active,Independent Broker
POL-103151,2024-06-19,2025-06-19,3,1,45623.2,Active,Independent Broker
POL-103152,2025-01-23,2026-01-23,4,1,275813.7,Lapsed,Independent Broker
POL-103153,2024-01-13,2025-01-12,4,3,89890.66,Active,Independent Broker
POL-103154,2025-01-31,2026-01-31,1,1,13780.85,Active,Direct Digital
POL-103155,2025-01-30,2026-01-30,4,1,154624.93,Active,Corporate Intermediary
POL-103156,2024-09-30,2025-09-30,4,1,156100.9,Active,Independent Broker
POL-103157,2024-02-06,2025-02-05,4,4,256375.04,Active,Independent Broker
POL-103158,2025-02-09,2026-02-09,2,2,14171.16,Active,Direct Digital
POL-103159,2025-03-11,2026-03-11,2,1,11048.19,Active,Independent Broker
POL-103160,2025-01-03,2026-01-03,1,1,16610.96,Active,Direct Digital
POL-103161,2025-01-05,2026-01-05,4,1,191402.3,Active,Independent Broker
POL-103162,2024-04-19,2025-04-19,1,4,20854.34,Active,Corporate Intermediary
POL-103163,2024-11-24,2025-11-24,1,4,19370.41,Active,Independent Broker
POL-103164,2025-05-29,2026-05-29,3,4,72143.9,Active,Independent Broker
POL-103165,2025-03-11,2026-03-11,4,3,201050.65,Active,Corporate Intermediary
POL-103166,2024-03-03,2025-03-03,2,2,13841.12,Active,Corporate Intermediary
POL-103167,2024-04-17,2025-04-17,2,2,16598.13,Active,Direct Digital
POL-103168,2024-04-01,2025-04-01,5,3,141875.99,Cancelled,Independent Broker
POL-103169,2024-06-28,2025-06-28,1,1,24434.76,Active,Independent Broker
POL-103170,2025-04-05,2026-04-05,1,3,13461.64,Active,Direct Digital
POL-103171,2024-04-25,2025-04-25,4,4,209677.88,Active,Affinity Partner
POL-103172,2024-06-09,2025-06-09,3,1,158041.84,Active,Independent Broker
POL-103173,2024-02-20,2025-02-19,5,3,144697.79,Active,Direct Digital
POL-103174,2024-02-15,2025-02-14,1,1,12635.87,Active,Direct Digital
POL-103175,2024-03-05,2025-03-05,4,3,169555.26,Active,Direct Digital
POL-103176,2024-01-31,2025-01-30,3,4,112430.25,Active,Affinity Partner
POL-103177,2025-05-07,2026-05-07,5,2,70689.46,Active,Corporate Intermediary
POL-103178,2024-07-12,2025-07-12,2,2,18196.66,Active,Affinity Partner
POL-103179,2024-08-28,2025-08-28,3,1,151569.63,Active,Independent Broker
POL-103180,2024-03-28,2025-03-28,4,3,260003.7,Active,Direct Digital
POL-103181,2024-05-21,2025-05-21,1,2,14673.01,Active,Independent Broker
POL-103182,2024-04-10,2025-04-10,1,1,12856.31,Active,Direct Digital
POL-103183,2025-02-17,2026-02-17,1,1,15668.96,Active,Affinity Partner
POL-103184,2025-01-23,2026-01-23,2,1,11773.42,Lapsed,Direct Digital
POL-103185,2025-03-19,2026-03-19,4,2,178410.04,Active,Direct Digital
POL-103186,2025-02-06,2026-02-06,2,1,19171.55,Active,Independent Broker
POL-103187,2024-08-18,2025-08-18,2,1,18347.13,Active,Direct Digital
POL-103188,2024-10-02,2025-10-02,5,4,129803.74,Active,Direct Digital
POL-103189,2024-07-18,2025-07-18,2,2,14765.64,Active,Direct Digital
POL-103190,2025-02-18,2026-02-18,1,2,19553.71,Active,Independent Broker
POL-103191,2025-03-19,2026-03-19,3,3,103364.6,Active,Direct Digital
POL-103192,2025-05-11,2026-05-11,4,1,164200.67,Active,Independent Broker
POL-103193,2024-07-03,2025-07-03,2,2,18845.72,Active,Corporate Intermediary
POL-103194,2024-01-24,2025-01-23,4,3,133003.15,Active,Direct Digital
POL-103195,2025-03-17,2026-03-17,4,7,317121.53,Active,Affinity Partner
POL-103196,2025-06-18,2026-06-18,3,3,140062.37,Active,Direct Digital
POL-103197,2024-03-21,2025-03-21,3,1,131804.19,Cancelled,Independent Broker
POL-103198,2024-05-22,2025-05-22,1,2,15523.79,Active,Affinity Partner
POL-103199,2024-04-30,2025-04-30,2,3,13505.47,Active,Independent Broker
POL-103200,2024-05-21,2025-05-21,3,1,87441.4,Active,Direct Digital
POL-103201,2024-05-28,2025-05-28,2,1,15598.01,Active,Affinity Partner
POL-103202,2025-03-22,2026-03-22,1,1,12268.59,Active,Independent Broker
POL-103203,2025-06-08,2026-06-08,4,1,185073.38,Active,Corporate Intermediary
POL-103204,2024-09-27,2025-09-27,5,6,112295.03,Lapsed,Direct Digital
POL-103205,2024-12-20,2025-12-20,4,1,166347.86,Active,Direct Digital
POL-103206,2025-03-21,2026-03-21,5,3,71491.24,Active,Direct Digital
POL-103207,2025-01-10,2026-01-10,3,1,125816.18,Active,Independent Broker
POL-103208,2024-03-05,2025-03-05,4,2,128791.54,Active,Independent Broker
POL-103209,2024-10-08,2025-10-08,1,2,12415.5,Active,Direct Digital
POL-103210,2025-04-26,2026-04-26,1,3,12272.46,Active,Independent Broker
POL-103211,2024-10-13,2025-10-13,1,1,11058.93,Active,Affinity Partner
POL-103212,2025-06-13,2026-06-13,1,1,20897.1,Active,Direct Digital
POL-103213,2024-05-19,2025-05-19,2,1,12574.91,Lapsed,Affinity Partner
POL-103214,2025-01-17,2026-01-17,1,2,10680.94,Active,Affinity Partner
POL-103215,2024-03-01,2025-03-01,1,1,19019.52,Cancelled,Independent Broker
POL-103216,2025-04-19,2026-04-19,1,4,11013.25,Active,Direct Digital
POL-103217,2024-02-14,2025-02-13,5,2,88660.17,Active,Corporate Intermediary
POL-103218,2024-02-24,2025-02-23,3,1,65553.93,Active,Direct Digital
POL-103219,2025-03-16,2026-03-16,4,2,241718.93,Active,Independent Broker
POL-103220,2024-03-29,2025-03-29,3,3,134654.5,Active,Independent Broker
POL-103221,2024-10-27,2025-10-27,1,4,11909.93,Active,Independent Broker
POL-103222,2024-08-06,2025-08-06,2,2,9014.77,Active,Affinity Partner
POL-103223,2024-04-28,2025-04-28,2,6,8415.65,Active,Independent Broker
POL-103224,2024-05-24,2025-05-24,3,1,136963.27,Active,Direct Digital
POL-103225,2024-03-13,2025-03-13,1,1,15049.56,Active,Corporate Intermediary
POL-103226,2025-02-16,2026-02-16,1,5,12604.08,Active,Direct Digital
POL-103227,2025-01-03,2026-01-03,2,1,14431.45,Lapsed,Direct Digital
POL-103228,2024-06-04,2025-06-04,2,3,8034.56,Active,Affinity Partner
POL-103229,2025-03-21,2026-03-21,1,6,16639.98,Active,Independent Broker
POL-103230,2024-09-14,2025-09-14,2,3,14146.64,Active,Affinity Partner
POL-103231,2024-11-21,2025-11-21,1,2,24706.65,Active,Independent Broker
POL-103232,2024-11-01,2025-11-01,2,1,14654.65,Active,Direct Digital
POL-103233,2025-03-30,2026-03-30,2,5,7891.67,Active,Independent Broker
POL-103234,2024-12-26,2025-12-26,1,2,25359.1,Active,Independent Broker
POL-103235,2024-01-10,2025-01-09,4,1,207506.33,Active,Corporate Intermediary
POL-103236,2024-04-19,2025-04-19,1,3,19914.68,Active,Direct Digital
POL-103237,2024-04-14,2025-04-14,1,1,25197.09,Cancelled,Independent Broker
POL-103238,2025-06-03,2026-06-03,2,1,15494.17,Active,Direct Digital
POL-103239,2024-10-29,2025-10-29,5,2,165936.12,Active,Independent Broker
POL-103240,2024-06-21,2025-06-21,4,1,174500.11,Active,Affinity Partner
POL-103241,2024-11-18,2025-11-18,1,5,25024.15,Active,Affinity Partner
POL-103242,2024-03-25,2025-03-25,4,1,119649.02,Lapsed,Corporate Intermediary
POL-103243,2024-12-31,2025-12-31,1,1,12189.7,Active,Corporate Intermediary
POL-103244,2024-02-21,2025-02-20,1,2,11420.3,Active,Independent Broker
POL-103245,2024-07-06,2025-07-06,2,4,16672.12,Active,Independent Broker
POL-103246,2024-12-13,2025-12-13,1,2,14233.32,Lapsed,Independent Broker
POL-103247,2025-03-29,2026-03-29,5,1,193569.22,Active,Independent Broker
POL-103248,2024-12-28,2025-12-28,5,6,150280.82,Active,Direct Digital
POL-103249,2024-08-24,2025-08-24,4,7,278162.23,Active,Affinity Partner
POL-103250,2024-10-21,2025-10-21,4,4,127976.79,Active,Independent Broker
POL-103251,2024-07-27,2025-07-27,4,3,104036.78,Active,Direct Digital
POL-103252,2024-02-02,2025-02-01,1,2,10347.96,Active,Affinity Partner
POL-103253,2024-10-18,2025-10-18,1,1,18501.28,Active,Affinity Partner
POL-103254,2024-08-14,2025-08-14,4,2,290722.53,Active,Direct Digital
POL-103255,2025-01-02,2026-01-02,2,7,17550.59,Lapsed,Independent Broker
POL-103256,2024-12-14,2025-12-14,1,1,15526.07,Active,Direct Digital
POL-103257,2025-05-13,2026-05-13,3,3,43539.69,Active,Independent Broker
POL-103258,2024-03-01,2025-03-01,1,3,15944.46,Active,Direct Digital
POL-103259,2024-09-04,2025-09-04,3,3,73512.59,Active,Independent Broker
POL-103260,2024-08-11,2025-08-11,4,1,214717.62,Active,Independent Broker
POL-103261,2025-01-18,2026-01-18,1,1,9645.58,Active,Independent Broker
POL-103262,2024-06-09,2025-06-09,2,2,7311.09,Active,Independent Broker
POL-103263,2024-01-12,2025-01-11,1,3,13085.27,Active,Direct Digital
POL-103264,2025-02-04,2026-02-04,1,1,11334.59,Active,Direct Digital
POL-103265,2024-03-03,2025-03-03,4,1,237065.41,Active,Corporate Intermediary
POL-103266,2024-08-12,2025-08-12,1,1,15028.89,Active,Direct Digital
POL-103267,2024-02-02,2025-02-01,3,1,117891.82,Lapsed,Corporate Intermediary
POL-103268,2024-02-17,2025-02-16,2,1,7277.54,Active,Independent Broker
POL-103269,2025-02-27,2026-02-27,3,1,70671.13,Active,Affinity Partner
POL-103270,2024-03-31,2025-03-31,2,2,13328.19,Active,Independent Broker
POL-103271,2024-01-07,2025-01-06,2,5,11816.26,Cancelled,Affinity Partner
POL-103272,2024-12-08,2025-12-08,5,3,144602.2,Cancelled,Independent Broker
POL-103273,2024-07-09,2025-07-09,1,1,19332.07,Active,Independent Broker
POL-103274,2024-06-20,2025-06-20,2,1,10387.04,Active,Independent Broker
POL-103275,2024-07-02,2025-07-02,1,5,11920.03,Active,Independent Broker
POL-103276,2024-03-20,2025-03-20,1,2,25726.18,Lapsed,Independent Broker
POL-103277,2024-05-09,2025-05-09,1,2,11478.36,Active,Corporate Intermediary
POL-103278,2024-08-19,2025-08-19,5,7,143624.23,Active,Independent Broker
POL-103279,2024-06-21,2025-06-21,1,4,22642.29,Active,Direct Digital
POL-103280,2024-12-27,2025-12-27,3,1,103625.97,Lapsed,Independent Broker
POL-103281,2025-01-09,2026-01-09,3,1,93180.71,Active,Independent Broker
POL-103282,2024-08-04,2025-08-04,3,2,81213.26,Active,Independent Broker
POL-103283,2024-11-16,2025-11-16,3,6,96722.5,Cancelled,Direct Digital
POL-103284,2024-04-06,2025-04-06,2,3,14331.34,Active,Corporate Intermediary
POL-103285,2024-12-13,2025-12-13,1,2,18373.64,Active,Independent Broker
POL-103286,2024-08-09,2025-08-09,1,3,25657.07,Active,Direct Digital
POL-103287,2025-05-06,2026-05-06,1,3,14128.22,Cancelled,Independent Broker
POL-103288,2024-02-24,2025-02-23,4,1,318880.09,Active,Independent Broker
POL-103289,2025-05-03,2026-05-03,1,1,10485.18,Active,Independent Broker
POL-103290,2024-05-10,2025-05-10,4,1,108141.22,Lapsed,Direct Digital
POL-103291,2024-03-31,2025-03-31,2,1,13924.39,Active,Direct Digital
POL-103292,2024-05-14,2025-05-14,5,3,177121.35,Active,Affinity Partner
POL-103293,2025-01-03,2026-01-03,3,3,125843.74,Active,Independent Broker
POL-103294,2024-01-14,2025-01-13,1,1,19998.32,Cancelled,Direct Digital
POL-103295,2024-06-01,2025-06-01,1,1,11741.59,Active,Independent Broker
POL-103296,2024-05-10,2025-05-10,4,1,134706.32,Active,Direct Digital
POL-103297,2024-05-13,2025-05-13,3,1,91315.59,Lapsed,Independent Broker
POL-103298,2025-02-09,2026-02-09,1,1,20787.78,Active,Independent Broker
POL-103299,2024-08-24,2025-08-24,2,2,13542.46,Active,Independent Broker
POL-103300,2024-08-17,2025-08-17,1,7,10765.02,Active,Direct Digital
POL-103301,2024-04-01,2025-04-01,2,5,19391.75,Active,Independent Broker
POL-103302,2025-04-25,2026-04-25,2,2,19139.61,Active,Affinity Partner
POL-103303,2024-08-11,2025-08-11,1,1,13924.2,Active,Independent Broker
POL-103304,2024-10-09,2025-10-09,1,4,15948.43,Active,Independent Broker
POL-103305,2024-07-26,2025-07-26,1,2,17584.31,Active,Independent Broker
POL-103306,2025-01-12,2026-01-12,2,2,13554.96,Active,Corporate Intermediary
POL-103307,2025-01-27,2026-01-27,1,5,16061.62,Active,Independent Broker
POL-103308,2025-02-07,2026-02-07,2,2,8034.13,Active,Corporate Intermediary
POL-103309,2024-09-17,2025-09-17,2,4,7699.25,Cancelled,Independent Broker
POL-103310,2024-07-20,2025-07-20,4,1,223141.49,Active,Direct Digital
POL-103311,2025-03-02,2026-03-02,2,1,11371.75,Active,Direct Digital
POL-103312,2024-07-13,2025-07-13,1,1,15919.58,Active,Corporate Intermediary
POL-103313,2024-03-31,2025-03-31,2,1,10729.02,Active,Independent Broker
POL-103314,2024-12-17,2025-12-17,4,3,245379.45,Active,Direct Digital
POL-103315,2025-06-11,2026-06-11,3,4,146581.55,Active,Independent Broker
POL-103316,2024-04-10,2025-04-10,5,4,208151.88,Active,Direct Digital
POL-103317,2024-11-14,2025-11-14,5,1,161862.55,Active,Independent Broker
POL-103318,2024-08-13,2025-08-13,1,3,15156.9,Active,Direct Digital
POL-103319,2024-10-15,2025-10-15,2,1,19467.7,Active,Independent Broker
POL-103320,2024-08-29,2025-08-29,1,1,13876.17,Active,Corporate Intermediary
POL-103321,2024-09-03,2025-09-03,1,1,21185.06,Active,Independent Broker
POL-103322,2025-05-26,2026-05-26,2,1,12359.3,Active,Independent Broker
POL-103323,2025-04-23,2026-04-23,5,6,116368.73,Active,Independent Broker
POL-103324,2025-05-26,2026-05-26,2,2,12739.0,Active,Independent Broker
POL-103325,2024-10-01,2025-10-01,5,7,210266.04,Lapsed,Independent Broker
POL-103326,2024-07-23,2025-07-23,2,1,13224.89,Active,Affinity Partner
POL-103327,2024-10-04,2025-10-04,2,2,20050.47,Active,Independent Broker
POL-103328,2024-03-06,2025-03-06,2,1,19702.04,Active,Direct Digital
POL-103329,2024-10-19,2025-10-19,2,1,14589.71,Lapsed,Independent Broker
POL-103330,2024-11-09,2025-11-09,3,1,138142.38,Active,Independent Broker
POL-103331,2024-05-26,2025-05-26,2,2,15144.89,Active,Corporate Intermediary
POL-103332,2024-07-05,2025-07-05,1,1,9822.16,Active,Direct Digital
POL-103333,2024-09-02,2025-09-02,2,7,17100.18,Cancelled,Direct Digital
POL-103334,2025-01-29,2026-01-29,1,1,10463.28,Active,Direct Digital
POL-103335,2024-07-19,2025-07-19,1,1,25031.72,Active,Independent Broker
POL-103336,2024-11-20,2025-11-20,2,1,17113.84,Active,Independent Broker
POL-103337,2024-08-13,2025-08-13,4,7,187184.95,Active,Affinity Partner
POL-103338,2024-01-19,2025-01-18,1,3,20188.11,Active,Independent Broker
POL-103339,2024-12-30,2025-12-30,1,1,24883.51,Active,Independent Broker
POL-103340,2025-04-02,2026-04-02,1,3,14205.96,Active,Independent Broker
POL-103341,2024-10-13,2025-10-13,5,1,123600.75,Lapsed,Corporate Intermediary
POL-103342,2024-09-22,2025-09-22,1,5,20267.98,Active,Direct Digital
POL-103343,2025-05-24,2026-05-24,1,4,25423.92,Active,Affinity Partner
POL-103344,2024-01-26,2025-01-25,4,3,175675.92,Active,Independent Broker
POL-103345,2024-05-31,2025-05-31,1,2,17189.91,Active,Independent Broker
POL-103346,2024-11-27,2025-11-27,2,1,9890.71,Active,Direct Digital
POL-103347,2024-03-04,2025-03-04,4,1,301625.09,Active,Independent Broker
POL-103348,2024-06-05,2025-06-05,2,3,8067.77,Lapsed,Independent Broker
POL-103349,2025-06-15,2026-06-15,4,1,83909.8,Lapsed,Independent Broker
POL-103350,2024-07-01,2025-07-01,5,1,61171.14,Active,Independent Broker
POL-103351,2024-07-18,2025-07-18,1,2,10034.1,Active,Affinity Partner
POL-103352,2024-05-06,2025-05-06,5,1,179720.85,Active,Independent Broker
POL-103353,2024-03-29,2025-03-29,3,1,149195.11,Active,Direct Digital
POL-103354,2024-12-20,2025-12-20,2,5,9327.61,Active,Direct Digital
POL-103355,2024-01-28,2025-01-27,4,4,120689.32,Active,Corporate Intermediary
POL-103356,2024-09-09,2025-09-09,2,1,17124.08,Cancelled,Independent Broker
POL-103357,2024-08-06,2025-08-06,1,1,12371.21,Active,Corporate Intermediary
POL-103358,2025-03-29,2026-03-29,1,5,19701.56,Lapsed,Independent Broker
POL-103359,2024-06-27,2025-06-27,1,1,15562.89,Active,Independent Broker
POL-103360,2024-08-15,2025-08-15,2,1,8983.0,Active,Direct Digital
POL-103361,2024-12-24,2025-12-24,1,2,16112.37,Lapsed,Independent Broker
POL-103362,2025-04-15,2026-04-15,1,3,12673.98,Active,Corporate Intermediary
POL-103363,2024-05-03,2025-05-03,5,3,187177.38,Active,Direct Digital
POL-103364,2024-02-09,2025-02-08,1,1,17658.83,Active,Direct Digital
POL-103365,2024-08-15,2025-08-15,3,5,108106.04,Cancelled,Independent Broker
POL-103366,2025-05-19,2026-05-19,4,4,181511.74,Active,Direct Digital
POL-103367,2024-09-21,2025-09-21,5,2,131340.98,Active,Corporate Intermediary
POL-103368,2024-05-14,2025-05-14,1,1,25666.72,Cancelled,Affinity Partner
POL-103369,2024-06-05,2025-06-05,1,1,24682.14,Active,Independent Broker
POL-103370,2024-10-26,2025-10-26,1,1,15276.14,Cancelled,Corporate Intermediary
POL-103371,2024-06-06,2025-06-06,5,4,218438.11,Active,Direct Digital
POL-103372,2024-12-28,2025-12-28,2,1,12402.97,Active,Independent Broker
POL-103373,2024-12-11,2025-12-11,1,2,20359.87,Lapsed,Direct Digital
POL-103374,2025-05-05,2026-05-05,1,1,23623.37,Active,Direct Digital
POL-103375,2025-02-10,2026-02-10,4,3,142566.03,Active,Direct Digital
POL-103376,2024-11-18,2025-11-18,1,3,25176.36,Active,Independent Broker
POL-103377,2024-11-27,2025-11-27,1,1,24171.05,Active,Corporate Intermediary
POL-103378,2024-06-27,2025-06-27,2,4,7991.18,Active,Independent Broker
POL-103379,2024-08-22,2025-08-22,3,6,97876.14,Active,Direct Digital
POL-103380,2024-10-10,2025-10-10,3,1,84660.79,Active,Direct Digital
POL-103381,2024-06-27,2025-06-27,4,4,91486.73,Active,Affinity Partner
POL-103382,2024-10-01,2025-10-01,1,1,18886.11,Lapsed,Independent Broker
POL-103383,2025-03-14,2026-03-14,1,1,18941.04,Active,Independent Broker
POL-103384,2025-01-19,2026-01-19,4,1,219778.98,Active,Independent Broker
POL-103385,2024-07-08,2025-07-08,1,2,22776.22,Active,Direct Digital
POL-103386,2024-06-21,2025-06-21,2,1,16399.96,Active,Corporate Intermediary
POL-103387,2025-05-23,2026-05-23,1,1,21555.01,Active,Independent Broker
POL-103388,2024-07-25,2025-07-25,3,1,130723.94,Active,Affinity Partner
POL-103389,2025-02-17,2026-02-17,2,3,15018.11,Active,Direct Digital
POL-103390,2025-06-19,2026-06-19,3,1,50754.82,Active,Corporate Intermediary
POL-103391,2024-08-24,2025-08-24,1,3,25755.48,Active,Independent Broker
POL-103392,2025-02-02,2026-02-02,4,7,81938.0,Lapsed,Independent Broker
POL-103393,2025-05-01,2026-05-01,4,3,177987.37,Active,Independent Broker
POL-103394,2024-07-31,2025-07-31,4,5,215058.12,Lapsed,Independent Broker
POL-103395,2024-07-26,2025-07-26,1,3,11103.81,Active,Independent Broker
POL-103396,2024-07-11,2025-07-11,1,3,20622.66,Active,Independent Broker
POL-103397,2024-07-05,2025-07-05,1,1,11973.6,Active,Independent Broker
POL-103398,2024-12-26,2025-12-26,1,7,15325.33,Active,Direct Digital
POL-103399,2024-10-16,2025-10-16,3,4,95819.19,Lapsed,Independent Broker
POL-103400,2024-02-21,2025-02-20,1,1,16502.18,Active,Independent Broker
POL-103401,2024-11-12,2025-11-12,3,4,131976.81,Active,Direct Digital
POL-103402,2025-04-03,2026-04-03,4,2,301222.52,Lapsed,Direct Digital
POL-103403,2024-07-25,2025-07-25,2,2,13087.5,Cancelled,Direct Digital
POL-103404,2024-12-04,2025-12-04,1,1,16269.98,Active,Independent Broker
POL-103405,2025-04-26,2026-04-26,1,1,19257.36,Active,Direct Digital
POL-103406,2025-03-12,2026-03-12,4,1,310907.08,Active,Direct Digital
POL-103407,2025-01-01,2026-01-01,1,3,21013.51,Active,Direct Digital
POL-103408,2025-01-14,2026-01-14,4,2,251158.88,Active,Independent Broker
POL-103409,2024-06-14,2025-06-14,3,1,96595.36,Active,Independent Broker
POL-103410,2024-08-28,2025-08-28,1,2,19670.94,Lapsed,Independent Broker
POL-103411,2024-12-09,2025-12-09,4,2,160426.83,Active,Independent Broker
POL-103412,2024-09-10,2025-09-10,2,2,17601.33,Active,Affinity Partner
POL-103413,2024-10-26,2025-10-26,5,1,102256.56,Active,Direct Digital
POL-103414,2024-11-08,2025-11-08,4,1,171902.87,Lapsed,Independent Broker
POL-103415,2024-09-05,2025-09-05,5,1,96883.95,Active,Direct Digital
POL-103416,2024-10-03,2025-10-03,2,1,7437.03,Active,Corporate Intermediary
POL-103417,2024-06-24,2025-06-24,1,1,10383.01,Active,Independent Broker
POL-103418,2025-05-03,2026-05-03,5,1,218015.62,Active,Independent Broker
POL-103419,2025-06-18,2026-06-18,3,1,53771.56,Active,Affinity Partner
POL-103420,2025-04-01,2026-04-01,1,1,20936.86,Active,Independent Broker
POL-103421,2024-02-14,2025-02-13,3,2,77560.31,Active,Independent Broker
POL-103422,2024-10-20,2025-10-20,4,5,267170.41,Active,Independent Broker
POL-103423,2024-05-15,2025-05-15,5,1,56339.7,Active,Independent Broker
POL-103424,2025-03-19,2026-03-19,2,2,20018.83,Active,Independent Broker
POL-103425,2024-02-25,2025-02-24,1,1,24314.72,Active,Direct Digital
POL-103426,2024-04-27,2025-04-27,1,6,23765.9,Active,Independent Broker
POL-103427,2024-12-30,2025-12-30,3,5,112198.86,Active,Independent Broker
POL-103428,2025-04-27,2026-04-27,1,3,25014.7,Cancelled,Direct Digital
POL-103429,2024-08-11,2025-08-11,1,1,21175.39,Active,Direct Digital
POL-103430,2024-12-01,2025-12-01,2,2,10253.76,Active,Affinity Partner
POL-103431,2025-01-14,2026-01-14,1,1,14464.62,Active,Corporate Intermediary
POL-103432,2024-06-10,2025-06-10,4,6,108254.31,Active,Direct Digital
POL-103433,2025-04-13,2026-04-13,2,1,10858.7,Active,Direct Digital
POL-103434,2024-11-04,2025-11-04,1,4,16992.5,Active,Independent Broker
POL-103435,2025-02-09,2026-02-09,3,1,45855.01,Active,Affinity Partner
POL-103436,2024-11-17,2025-11-17,5,5,202521.69,Active,Direct Digital
POL-103437,2024-02-21,2025-02-20,1,4,11070.6,Active,Independent Broker
POL-103438,2024-10-19,2025-10-19,1,2,13921.33,Cancelled,Independent Broker
POL-103439,2024-11-22,2025-11-22,1,1,13345.45,Active,Corporate Intermediary
POL-103440,2024-02-18,2025-02-17,1,1,22967.09,Active,Direct Digital
POL-103441,2025-02-04,2026-02-04,2,1,13388.69,Active,Corporate Intermediary
POL-103442,2024-06-12,2025-06-12,1,1,11789.02,Cancelled,Independent Broker
POL-103443,2024-08-27,2025-08-27,1,1,9866.36,Active,Independent Broker
POL-103444,2024-04-20,2025-04-20,1,1,23996.16,Active,Direct Digital
POL-103445,2024-09-16,2025-09-16,2,2,13285.43,Active,Direct Digital
POL-103446,2025-03-14,2026-03-14,2,2,20072.84,Active,Corporate Intermediary
POL-103447,2024-05-25,2025-05-25,5,2,153644.33,Active,Corporate Intermediary
POL-103448,2024-09-12,2025-09-12,5,1,79505.33,Active,Direct Digital
POL-103449,2024-03-21,2025-03-21,1,1,21649.34,Active,Direct Digital
POL-103450,2025-05-14,2026-05-14,1,1,10076.31,Active,Affinity Partner
POL-103451,2024-05-14,2025-05-14,1,1,18459.01,Active,Affinity Partner
POL-103452,2024-01-17,2025-01-16,1,2,21370.27,Lapsed,Independent Broker
POL-103453,2024-05-15,2025-05-15,2,1,19358.9,Active,Corporate Intermediary
POL-103454,2025-02-27,2026-02-27,1,4,24082.8,Active,Corporate Intermediary
POL-103455,2024-04-14,2025-04-14,3,4,117055.35,Active,Corporate Intermediary
POL-103456,2025-02-27,2026-02-27,1,4,22501.22,Active,Corporate Intermediary
POL-103457,2024-09-27,2025-09-27,1,2,15500.08,Active,Independent Broker
POL-103458,2025-03-27,2026-03-27,1,5,17294.24,Active,Independent Broker
POL-103459,2024-03-06,2025-03-06,1,1,14793.19,Active,Affinity Partner
POL-103460,2024-12-17,2025-12-17,2,2,17663.84,Active,Direct Digital
POL-103461,2025-06-03,2026-06-03,5,6,75063.59,Active,Direct Digital
POL-103462,2024-07-11,2025-07-11,2,3,17818.01,Active,Direct Digital
POL-103463,2024-05-13,2025-05-13,1,1,25660.95,Active,Independent Broker
POL-103464,2025-06-09,2026-06-09,1,1,21028.98,Cancelled,Independent Broker
POL-103465,2024-02-21,2025-02-20,4,1,186331.58,Active,Corporate Intermediary
POL-103466,2024-10-25,2025-10-25,4,1,270494.75,Lapsed,Independent Broker
POL-103467,2024-12-26,2025-12-26,1,3,25534.64,Active,Independent Broker
POL-103468,2024-07-01,2025-07-01,4,2,255128.57,Lapsed,Direct Digital
POL-103469,2024-04-14,2025-04-14,1,1,11930.52,Active,Independent Broker
POL-103470,2024-09-17,2025-09-17,1,1,18743.92,Active,Direct Digital
POL-103471,2024-10-23,2025-10-23,1,1,11452.98,Active,Independent Broker
POL-103472,2024-09-23,2025-09-23,4,4,168712.53,Lapsed,Affinity Partner
POL-103473,2024-01-02,2025-01-01,4,3,275031.22,Active,Direct Digital
POL-103474,2024-11-05,2025-11-05,2,1,11405.32,Active,Independent Broker
POL-103475,2024-12-04,2025-12-04,1,1,17219.85,Active,Direct Digital
POL-103476,2025-01-18,2026-01-18,4,5,167493.17,Active,Independent Broker
POL-103477,2024-11-16,2025-11-16,1,5,16950.4,Active,Independent Broker
POL-103478,2024-07-05,2025-07-05,2,2,15958.32,Active,Affinity Partner
POL-103479,2024-11-20,2025-11-20,2,1,10898.5,Active,Independent Broker
POL-103480,2024-11-22,2025-11-22,1,1,24557.6,Active,Direct Digital
POL-103481,2024-03-23,2025-03-23,2,2,14689.77,Active,Independent Broker
POL-103482,2024-01-29,2025-01-28,4,2,215312.63,Lapsed,Direct Digital
POL-103483,2024-10-19,2025-10-19,1,1,14890.32,Active,Affinity Partner
POL-103484,2025-02-24,2026-02-24,1,1,12086.81,Active,Corporate Intermediary
POL-103485,2025-02-15,2026-02-15,1,2,13607.57,Active,Corporate Intermediary
POL-103486,2025-02-22,2026-02-22,1,4,21452.61,Active,Affinity Partner
POL-103487,2024-02-13,2025-02-12,2,2,8248.77,Active,Independent Broker
POL-103488,2024-01-28,2025-01-27,4,4,210050.09,Active,Direct Digital
POL-103489,2024-04-19,2025-04-19,1,4,18428.28,Active,Direct Digital
POL-103490,2024-08-17,2025-08-17,5,1,60919.5,Active,Direct Digital
POL-103491,2024-06-04,2025-06-04,1,1,22426.62,Active,Direct Digital
POL-103492,2024-04-25,2025-04-25,5,2,141515.49,Active,Independent Broker
POL-103493,2025-05-26,2026-05-26,2,1,19532.09,Active,Independent Broker
POL-103494,2024-11-30,2025-11-30,1,3,18410.63,Active,Affinity Partner
POL-103495,2024-05-16,2025-05-16,4,1,85432.16,Active,Independent Broker
POL-103496,2025-05-29,2026-05-29,3,2,117317.15,Active,Corporate Intermediary
POL-103497,2025-06-17,2026-06-17,2,7,17367.14,Active,Independent Broker
POL-103498,2025-02-12,2026-02-12,5,1,181762.03,Active,Independent Broker
POL-103499,2024-05-12,2025-05-12,1,1,20399.47,Active,Direct Digital
POL-103500,2025-03-22,2026-03-22,1,1,10831.7,Active,Independent Broker
POL-103501,2024-03-06,2025-03-06,1,1,12274.76,Active,Direct Digital
POL-103502,2024-04-25,2025-04-25,2,6,13901.25,Active,Corporate Intermediary
POL-103503,2024-04-24,2025-04-24,1,2,23748.29,Active,Corporate Intermediary
POL-103504,2025-02-20,2026-02-20,4,4,220545.06,Active,Independent Broker
POL-103505,2025-06-23,2026-06-23,1,4,12238.49,Active,Direct Digital
POL-103506,2024-01-21,2025-01-20,1,1,23953.01,Active,Direct Digital
POL-103507,2024-06-21,2025-06-21,5,1,60605.95,Active,Direct Digital
POL-103508,2024-06-14,2025-06-14,3,2,64820.23,Active,Corporate Intermediary
POL-103509,2024-01-04,2025-01-03,2,4,7840.5,Active,Direct Digital
POL-103510,2024-08-28,2025-08-28,3,5,42225.5,Active,Independent Broker
POL-103511,2025-03-03,2026-03-03,4,1,236696.27,Active,Independent Broker
POL-103512,2024-03-02,2025-03-02,2,2,14568.95,Active,Corporate Intermediary
POL-103513,2025-03-22,2026-03-22,1,1,12507.89,Active,Corporate Intermediary
POL-103514,2025-05-28,2026-05-28,4,2,239927.86,Lapsed,Direct Digital
POL-103515,2025-05-10,2026-05-10,2,6,8349.56,Active,Direct Digital
POL-103516,2025-02-16,2026-02-16,1,2,17059.96,Active,Independent Broker
POL-103517,2024-04-21,2025-04-21,1,1,12713.9,Active,Corporate Intermediary
POL-103518,2024-07-24,2025-07-24,1,6,19583.89,Active,Independent Broker
POL-103519,2025-06-04,2026-06-04,5,1,109385.69,Active,Independent Broker
POL-103520,2024-03-05,2025-03-05,3,2,80393.29,Lapsed,Independent Broker
POL-103521,2024-01-21,2025-01-20,2,2,14003.52,Active,Direct Digital
POL-103522,2025-01-14,2026-01-14,3,1,42740.33,Lapsed,Independent Broker
POL-103523,2024-04-12,2025-04-12,4,1,135603.76,Active,Direct Digital
POL-103524,2025-03-31,2026-03-31,2,1,13556.89,Active,Direct Digital
POL-103525,2025-03-05,2026-03-05,3,3,117903.68,Active,Direct Digital
POL-103526,2025-05-24,2026-05-24,1,6,20679.13,Cancelled,Corporate Intermediary
POL-103527,2024-06-03,2025-06-03,4,2,167333.25,Active,Corporate Intermediary
POL-103528,2025-01-28,2026-01-28,5,1,153978.04,Active,Corporate Intermediary
POL-103529,2024-05-21,2025-05-21,2,2,10017.13,Active,Independent Broker
POL-103530,2024-06-15,2025-06-15,2,2,10284.52,Active,Independent Broker
POL-103531,2024-01-10,2025-01-09,5,2,175489.6,Lapsed,Independent Broker
POL-103532,2024-01-24,2025-01-23,2,1,15858.14,Active,Independent Broker
POL-103533,2025-03-09,2026-03-09,4,1,90417.64,Active,Independent Broker
POL-103534,2025-05-11,2026-05-11,1,3,9663.09,Active,Independent Broker
POL-103535,2025-05-24,2026-05-24,1,3,15371.87,Active,Independent Broker
POL-103536,2025-02-19,2026-02-19,2,1,20359.79,Active,Independent Broker
POL-103537,2025-05-31,2026-05-31,2,1,12871.16,Active,Corporate Intermediary
POL-103538,2025-06-15,2026-06-15,4,2,125533.18,Active,Independent Broker
POL-103539,2024-04-19,2025-04-19,2,1,17914.4,Active,Direct Digital
POL-103540,2024-11-19,2025-11-19,1,3,12333.31,Active,Corporate Intermediary
POL-103541,2024-01-11,2025-01-10,2,1,8832.09,Lapsed,Direct Digital
POL-103542,2025-02-12,2026-02-12,1,2,10240.99,Active,Independent Broker
POL-103543,2024-03-03,2025-03-03,1,3,12537.92,Active,Direct Digital
POL-103544,2025-06-16,2026-06-16,1,7,13231.61,Active,Independent Broker
POL-103545,2024-07-13,2025-07-13,4,1,155820.6,Active,Corporate Intermediary
POL-103546,2024-08-30,2025-08-30,4,3,255538.87,Active,Corporate Intermediary
POL-103547,2024-04-18,2025-04-18,3,2,91087.3,Active,Direct Digital
POL-103548,2025-04-02,2026-04-02,2,1,7851.96,Active,Independent Broker
POL-103549,2025-02-03,2026-02-03,5,5,118560.5,Active,Corporate Intermediary
POL-103550,2024-12-30,2025-12-30,4,1,79235.41,Cancelled,Independent Broker
POL-103551,2024-10-26,2025-10-26,1,3,13881.37,Active,Corporate Intermediary
POL-103552,2024-10-28,2025-10-28,2,2,15058.85,Active,Independent Broker
POL-103553,2024-01-20,2025-01-19,4,1,205050.78,Active,Corporate Intermediary
POL-103554,2024-02-05,2025-02-04,1,1,19948.78,Active,Independent Broker
POL-103555,2024-05-05,2025-05-05,1,1,14050.69,Active,Affinity Partner
POL-103556,2024-09-15,2025-09-15,1,3,19363.02,Active,Independent Broker
POL-103557,2024-12-17,2025-12-17,2,3,19652.94,Active,Affinity Partner
POL-103558,2024-06-17,2025-06-17,2,1,12414.05,Active,Direct Digital
POL-103559,2024-11-27,2025-11-27,2,4,15443.52,Active,Direct Digital
POL-103560,2025-03-11,2026-03-11,5,1,81320.26,Active,Direct Digital
POL-103561,2024-01-09,2025-01-08,2,1,10173.28,Active,Independent Broker
POL-103562,2025-03-26,2026-03-26,1,1,17782.02,Active,Independent Broker
POL-103563,2024-10-22,2025-10-22,4,2,166229.53,Active,Independent Broker
POL-103564,2024-06-23,2025-06-23,1,1,18363.79,Active,Independent Broker
POL-103565,2024-03-24,2025-03-24,1,1,15061.48,Active,Direct Digital
POL-103566,2024-02-27,2025-02-26,1,6,13685.84,Active,Direct Digital
POL-103567,2024-04-03,2025-04-03,1,6,22377.78,Active,Corporate Intermediary
POL-103568,2024-05-26,2025-05-26,4,2,196190.1,Active,Direct Digital
POL-103569,2024-09-09,2025-09-09,4,2,211142.84,Active,Independent Broker
POL-103570,2024-11-28,2025-11-28,1,1,19185.08,Active,Independent Broker
POL-103571,2024-12-20,2025-12-20,1,6,23691.16,Active,Direct Digital
POL-103572,2025-05-29,2026-05-29,2,3,12281.76,Active,Direct Digital
POL-103573,2024-12-10,2025-12-10,1,3,23567.54,Active,Independent Broker
POL-103574,2024-04-04,2025-04-04,1,2,17047.37,Active,Direct Digital
POL-103575,2025-01-09,2026-01-09,4,1,162372.39,Active,Independent Broker
POL-103576,2024-10-29,2025-10-29,1,2,11552.95,Active,Independent Broker
POL-103577,2025-04-15,2026-04-15,1,1,14345.91,Lapsed,Direct Digital
POL-103578,2024-12-07,2025-12-07,1,3,17972.94,Active,Direct Digital
POL-103579,2024-08-10,2025-08-10,2,1,19259.09,Active,Direct Digital
POL-103580,2025-06-17,2026-06-17,4,1,179645.38,Active,Independent Broker
POL-103581,2024-06-28,2025-06-28,3,1,83609.91,Active,Independent Broker
POL-103582,2024-07-20,2025-07-20,1,1,23166.24,Active,Independent Broker
POL-103583,2024-03-05,2025-03-05,2,1,8886.73,Active,Independent Broker
POL-103584,2024-08-05,2025-08-05,2,6,10324.68,Active,Corporate Intermediary
POL-103585,2024-02-21,2025-02-20,1,3,18858.21,Active,Independent Broker
POL-103586,2025-05-04,2026-05-04,1,1,14179.15,Active,Direct Digital
POL-103587,2025-05-05,2026-05-05,2,6,12428.82,Active,Corporate Intermediary
POL-103588,2024-03-07,2025-03-07,2,1,10096.62,Active,Independent Broker
POL-103589,2024-09-20,2025-09-20,2,4,18155.36,Active,Affinity Partner
POL-103590,2024-02-23,2025-02-22,4,3,215903.31,Active,Independent Broker
POL-103591,2024-04-24,2025-04-24,1,3,19367.47,Active,Direct Digital
POL-103592,2024-01-18,2025-01-17,3,1,140253.92,Active,Independent Broker
POL-103593,2024-04-07,2025-04-07,5,1,141851.44,Active,Independent Broker
POL-103594,2024-10-21,2025-10-21,1,4,14434.87,Active,Affinity Partner
POL-103595,2025-06-13,2026-06-13,2,4,17564.94,Lapsed,Independent Broker
POL-103596,2025-04-13,2026-04-13,3,2,93688.77,Active,Corporate Intermediary
POL-103597,2025-05-17,2026-05-17,2,4,16997.71,Active,Independent Broker
POL-103598,2025-06-14,2026-06-14,5,1,193239.79,Active,Direct Digital
POL-103599,2025-03-27,2026-03-27,5,3,128669.33,Active,Independent Broker
POL-103600,2024-03-16,2025-03-16,1,1,18272.59,Active,Independent Broker
POL-103601,2025-04-07,2026-04-07,1,2,9835.97,Active,Independent Broker
POL-103602,2024-11-02,2025-11-02,1,2,22898.52,Active,Corporate Intermediary
POL-103603,2024-07-30,2025-07-30,2,3,17695.58,Active,Affinity Partner
POL-103604,2025-06-19,2026-06-19,1,1,12588.49,Active,Direct Digital
POL-103605,2025-06-24,2026-06-24,3,2,130734.29,Active,Direct Digital
POL-103606,2024-03-24,2025-03-24,3,1,113951.04,Cancelled,Corporate Intermediary
POL-103607,2024-03-22,2025-03-22,2,2,15154.84,Lapsed,Direct Digital
POL-103608,2024-06-19,2025-06-19,1,2,17275.37,Active,Independent Broker
POL-103609,2025-03-11,2026-03-11,2,3,10066.62,Active,Independent Broker
POL-103610,2024-11-16,2025-11-16,5,3,141538.38,Active,Independent Broker
POL-103611,2024-01-13,2025-01-12,5,4,104130.87,Active,Independent Broker
POL-103612,2024-05-04,2025-05-04,1,3,13554.55,Active,Direct Digital
POL-103613,2024-05-08,2025-05-08,3,2,78270.1,Active,Independent Broker
POL-103614,2024-05-04,2025-05-04,1,6,16596.11,Active,Independent Broker
POL-103615,2024-12-01,2025-12-01,3,1,142959.06,Active,Direct Digital
POL-103616,2024-12-01,2025-12-01,1,1,14509.12,Active,Direct Digital
POL-103617,2024-03-12,2025-03-12,2,5,18172.03,Active,Direct Digital
POL-103618,2025-02-15,2026-02-15,1,2,10893.4,Active,Independent Broker
POL-103619,2025-02-14,2026-02-14,3,1,66660.32,Active,Independent Broker
POL-103620,2024-01-08,2025-01-07,4,2,208415.4,Cancelled,Affinity Partner
POL-103621,2025-03-16,2026-03-16,1,2,19979.05,Active,Independent Broker
POL-103622,2024-03-29,2025-03-29,4,2,285889.67,Active,Direct Digital
POL-103623,2025-05-14,2026-05-14,3,1,84134.07,Active,Direct Digital
POL-103624,2025-01-23,2026-01-23,2,1,12621.85,Active,Direct Digital
POL-103625,2024-05-17,2025-05-17,3,1,97641.34,Active,Direct Digital
POL-103626,2024-06-11,2025-06-11,3,3,91775.26,Active,Independent Broker
POL-103627,2024-01-05,2025-01-04,2,1,11270.8,Active,Independent Broker
POL-103628,2024-09-18,2025-09-18,1,1,22998.8,Active,Direct Digital
POL-103629,2024-04-17,2025-04-17,4,5,188147.66,Lapsed,Independent Broker
POL-103630,2024-07-28,2025-07-28,2,3,19236.25,Active,Direct Digital
POL-103631,2024-09-28,2025-09-28,1,2,25398.69,Active,Independent Broker
POL-103632,2024-01-02,2025-01-01,1,3,25674.12,Active,Direct Digital
POL-103633,2025-03-05,2026-03-05,1,2,11802.86,Active,Corporate Intermediary
POL-103634,2024-09-26,2025-09-26,4,1,240725.89,Active,Independent Broker
POL-103635,2024-08-23,2025-08-23,4,2,269590.5,Lapsed,Independent Broker
POL-103636,2024-02-15,2025-02-14,2,3,12749.42,Active,Corporate Intermediary
POL-103637,2024-01-04,2025-01-03,3,1,62429.72,Active,Corporate Intermediary
POL-103638,2025-06-05,2026-06-05,2,7,10920.79,Active,Affinity Partner
POL-103639,2024-04-24,2025-04-24,5,1,191296.89,Active,Independent Broker
POL-103640,2025-04-09,2026-04-09,1,3,11621.89,Active,Direct Digital
POL-103641,2025-03-11,2026-03-11,3,3,158244.08,Active,Corporate Intermediary
POL-103642,2024-10-04,2025-10-04,5,6,180163.32,Active,Independent Broker
POL-103643,2024-08-01,2025-08-01,4,3,261201.64,Lapsed,Independent Broker
POL-103644,2024-07-29,2025-07-29,3,2,94296.12,Active,Affinity Partner
POL-103645,2024-08-15,2025-08-15,5,1,86456.34,Active,Independent Broker
POL-103646,2024-01-15,2025-01-14,1,1,13413.79,Active,Direct Digital
POL-103647,2024-04-25,2025-04-25,2,1,14274.58,Active,Independent Broker
POL-103648,2024-01-24,2025-01-23,1,3,11694.55,Active,Direct Digital
POL-103649,2024-06-19,2025-06-19,1,1,10712.25,Active,Corporate Intermediary
POL-103650,2024-08-26,2025-08-26,1,4,10171.54,Active,Independent Broker
POL-103651,2024-05-17,2025-05-17,1,1,22030.58,Active,Direct Digital
POL-103652,2025-05-21,2026-05-21,4,3,280522.09,Active,Independent Broker
POL-103653,2024-06-12,2025-06-12,1,2,25964.42,Active,Independent Broker
POL-103654,2024-03-18,2025-03-18,1,4,17516.63,Active,Direct Digital
POL-103655,2024-05-27,2025-05-27,1,7,14143.58,Lapsed,Direct Digital
POL-103656,2025-05-01,2026-05-01,1,6,15992.3,Active,Affinity Partner
POL-103657,2025-02-20,2026-02-20,1,1,12510.28,Active,Independent Broker
POL-103658,2024-11-01,2025-11-01,1,1,14349.65,Active,Corporate Intermediary
POL-103659,2024-08-07,2025-08-07,1,2,11234.73,Active,Independent Broker
POL-103660,2024-02-06,2025-02-05,1,1,15874.18,Active,Independent Broker
POL-103661,2024-08-08,2025-08-08,1,2,9796.79,Active,Independent Broker
POL-103662,2024-06-22,2025-06-22,1,1,22376.19,Active,Independent Broker
POL-103663,2024-08-30,2025-08-30,2,2,17155.9,Active,Independent Broker
POL-103664,2025-02-23,2026-02-23,3,3,45678.92,Active,Independent Broker
POL-103665,2024-11-16,2025-11-16,1,1,11170.79,Active,Independent Broker
POL-103666,2024-01-13,2025-01-12,1,2,13145.48,Active,Direct Digital
POL-103667,2024-02-05,2025-02-04,4,2,117057.97,Active,Direct Digital
POL-103668,2025-01-24,2026-01-24,3,1,129702.84,Active,Direct Digital
POL-103669,2025-02-03,2026-02-03,3,1,63905.27,Active,Corporate Intermediary
POL-103670,2024-11-19,2025-11-19,5,7,97485.72,Active,Direct Digital
POL-103671,2025-05-22,2026-05-22,1,3,12341.82,Active,Affinity Partner
POL-103672,2025-04-30,2026-04-30,1,2,13812.1,Active,Direct Digital
POL-103673,2024-05-28,2025-05-28,1,7,14545.16,Active,Affinity Partner
POL-103674,2024-05-14,2025-05-14,1,2,11965.28,Active,Direct Digital
POL-103675,2024-12-16,2025-12-16,1,1,24546.46,Active,Direct Digital
POL-103676,2024-01-18,2025-01-17,3,1,78000.73,Active,Corporate Intermediary
POL-103677,2025-04-30,2026-04-30,1,2,19719.19,Active,Direct Digital
POL-103678,2024-12-27,2025-12-27,2,1,10300.16,Active,Independent Broker
POL-103679,2025-04-21,2026-04-21,4,1,251449.02,Active,Affinity Partner
POL-103680,2024-05-17,2025-05-17,1,2,23165.44,Active,Independent Broker
POL-103681,2024-04-24,2025-04-24,2,1,9013.5,Active,Independent Broker
POL-103682,2024-11-23,2025-11-23,3,3,150818.11,Active,Corporate Intermediary
POL-103683,2025-02-18,2026-02-18,5,5,98541.08,Active,Independent Broker
POL-103684,2025-02-27,2026-02-27,1,2,18718.44,Active,Affinity Partner
POL-103685,2025-06-10,2026-06-10,4,2,106090.92,Active,Affinity Partner
POL-103686,2024-01-10,2025-01-09,3,3,73769.64,Active,Direct Digital
POL-103687,2024-08-24,2025-08-24,2,4,14893.37,Active,Independent Broker
POL-103688,2024-02-03,2025-02-02,3,1,115125.92,Active,Direct Digital
POL-103689,2024-11-03,2025-11-03,1,1,16220.09,Active,Corporate Intermediary
POL-103690,2024-07-25,2025-07-25,2,3,20474.88,Active,Corporate Intermediary
POL-103691,2024-11-29,2025-11-29,1,1,18461.45,Active,Direct Digital
POL-103692,2024-02-10,2025-02-09,3,1,55837.67,Active,Independent Broker
POL-103693,2024-11-22,2025-11-22,2,2,9787.38,Active,Direct Digital
POL-103694,2024-03-08,2025-03-08,1,1,21793.08,Active,Affinity Partner
POL-103695,2024-05-31,2025-05-31,1,2,24403.66,Active,Direct Digital
POL-103696,2024-08-11,2025-08-11,1,1,9938.19,Active,Independent Broker
POL-103697,2024-10-25,2025-10-25,5,6,218990.87,Active,Independent Broker
POL-103698,2024-01-05,2025-01-04,1,3,18145.91,Active,Independent Broker
POL-103699,2024-04-02,2025-04-02,1,1,11553.42,Active,Direct Digital
POL-103700,2024-04-04,2025-04-04,2,3,17590.97,Active,Corporate Intermediary
POL-103701,2024-05-22,2025-05-22,4,3,124377.67,Active,Corporate Intermediary
POL-103702,2025-04-15,2026-04-15,5,6,155021.91,Active,Independent Broker
POL-103703,2024-12-10,2025-12-10,2,3,20848.09,Lapsed,Affinity Partner
POL-103704,2025-03-11,2026-03-11,3,1,87843.93,Active,Direct Digital
POL-103705,2025-06-11,2026-06-11,2,5,10223.83,Active,Corporate Intermediary
POL-103706,2024-09-07,2025-09-07,2,1,20028.05,Active,Direct Digital
POL-103707,2024-04-04,2025-04-04,4,3,211047.51,Active,Direct Digital
POL-103708,2025-05-28,2026-05-28,1,7,19002.63,Active,Direct Digital
POL-103709,2024-01-19,2025-01-18,1,4,13860.3,Active,Direct Digital
POL-103710,2025-01-06,2026-01-06,1,2,22107.28,Active,Independent Broker
POL-103711,2025-04-02,2026-04-02,2,2,20219.61,Active,Direct Digital
POL-103712,2024-10-06,2025-10-06,2,2,13294.31,Active,Direct Digital
POL-103713,2024-05-21,2025-05-21,1,4,21424.69,Active,Independent Broker
POL-103714,2024-04-03,2025-04-03,4,3,112290.85,Active,Direct Digital
POL-103715,2025-04-02,2026-04-02,4,7,145801.56,Active,Affinity Partner
POL-103716,2025-02-04,2026-02-04,1,1,18306.41,Active,Direct Digital
POL-103717,2024-09-25,2025-09-25,4,2,296684.45,Active,Corporate Intermediary
POL-103718,2025-01-02,2026-01-02,4,1,175838.53,Active,Affinity Partner
POL-103719,2024-12-18,2025-12-18,2,1,7316.21,Active,Independent Broker
POL-103720,2024-05-22,2025-05-22,3,5,81177.84,Active,Independent Broker
POL-103721,2024-03-12,2025-03-12,4,1,267643.94,Cancelled,Independent Broker
POL-103722,2024-01-19,2025-01-18,2,4,19154.63,Active,Corporate Intermediary
POL-103723,2024-03-03,2025-03-03,2,3,9585.92,Active,Independent Broker
POL-103724,2024-01-25,2025-01-24,1,1,11695.7,Active,Direct Digital
POL-103725,2024-03-29,2025-03-29,1,1,21463.86,Active,Direct Digital
POL-103726,2024-05-10,2025-05-10,3,6,158844.21,Active,Direct Digital
POL-103727,2024-04-01,2025-04-01,1,1,20339.77,Active,Independent Broker
POL-103728,2025-01-18,2026-01-18,1,3,21661.03,Active,Independent Broker
POL-103729,2024-09-21,2025-09-21,2,2,17210.6,Cancelled,Independent Broker
POL-103730,2024-06-30,2025-06-30,1,2,16470.98,Active,Independent Broker
POL-103731,2025-01-27,2026-01-27,1,1,19801.44,Active,Direct Digital
POL-103732,2025-05-26,2026-05-26,5,6,185753.43,Cancelled,Affinity Partner
POL-103733,2024-11-12,2025-11-12,3,1,72617.81,Active,Affinity Partner
POL-103734,2024-03-26,2025-03-26,3,2,105101.45,Active,Independent Broker
POL-103735,2024-04-13,2025-04-13,5,5,71456.99,Active,Affinity Partner
POL-103736,2025-02-07,2026-02-07,2,1,14229.55,Active,Independent Broker
POL-103737,2025-01-31,2026-01-31,2,5,18007.77,Lapsed,Corporate Intermediary
POL-103738,2024-10-09,2025-10-09,1,4,24020.87,Lapsed,Independent Broker
POL-103739,2025-03-28,2026-03-28,3,1,135232.62,Active,Independent Broker
POL-103740,2024-03-23,2025-03-23,4,1,216654.37,Active,Independent Broker
POL-103741,2024-02-07,2025-02-06,2,1,18326.61,Active,Independent Broker
POL-103742,2024-11-04,2025-11-04,1,1,13458.81,Active,Corporate Intermediary
POL-103743,2024-11-10,2025-11-10,1,1,21507.35,Active,Corporate Intermediary
POL-103744,2024-06-05,2025-06-05,1,1,11024.84,Active,Independent Broker
POL-103745,2024-09-15,2025-09-15,4,6,259046.44,Active,Direct Digital
POL-103746,2024-06-25,2025-06-25,1,2,20422.77,Active,Direct Digital
POL-103747,2024-03-31,2025-03-31,5,1,67182.81,Active,Independent Broker
POL-103748,2024-07-19,2025-07-19,3,3,51476.33,Active,Direct Digital
POL-103749,2025-03-15,2026-03-15,1,1,13295.7,Active,Corporate Intermediary
POL-103750,2025-05-27,2026-05-27,3,1,127433.85,Active,Direct Digital
POL-103751,2025-03-05,2026-03-05,3,1,159182.55,Active,Corporate Intermediary
POL-103752,2024-01-19,2025-01-18,2,1,18468.51,Cancelled,Direct Digital
POL-103753,2024-06-13,2025-06-13,2,1,9905.81,Active,Direct Digital
POL-103754,2024-07-09,2025-07-09,1,1,11542.81,Active,Independent Broker
POL-103755,2025-06-24,2026-06-24,2,1,18568.38,Active,Direct Digital
POL-103756,2025-06-01,2026-06-01,2,1,20826.87,Active,Direct Digital
POL-103757,2024-07-25,2025-07-25,1,3,16926.24,Active,Independent Broker
POL-103758,2024-02-20,2025-02-19,1,1,22844.44,Active,Direct Digital
POL-103759,2024-10-31,2025-10-31,3,1,70402.82,Active,Independent Broker
POL-103760,2024-04-11,2025-04-11,4,2,261672.26,Active,Direct Digital
POL-103761,2024-04-17,2025-04-17,4,7,170048.67,Lapsed,Corporate Intermediary
POL-103762,2024-12-29,2025-12-29,4,6,226125.56,Active,Direct Digital
POL-103763,2025-06-03,2026-06-03,1,1,19142.08,Active,Affinity Partner
POL-103764,2025-04-22,2026-04-22,3,2,144345.61,Lapsed,Independent Broker
POL-103765,2024-03-19,2025-03-19,1,2,15187.91,Active,Direct Digital
POL-103766,2024-05-02,2025-05-02,1,2,24731.03,Active,Independent Broker
POL-103767,2025-03-30,2026-03-30,3,6,42408.65,Active,Independent Broker
POL-103768,2024-02-27,2025-02-26,5,1,129551.2,Lapsed,Direct Digital
POL-103769,2024-01-29,2025-01-28,3,5,102414.31,Active,Independent Broker
POL-103770,2024-06-07,2025-06-07,1,1,20700.28,Active,Independent Broker
POL-103771,2025-01-28,2026-01-28,1,2,17642.72,Active,Direct Digital
POL-103772,2024-12-12,2025-12-12,1,1,16937.5,Active,Corporate Intermediary
POL-103773,2024-01-08,2025-01-07,1,1,18571.29,Active,Independent Broker
POL-103774,2025-01-10,2026-01-10,2,2,19166.42,Active,Direct Digital
POL-103775,2024-09-20,2025-09-20,4,1,122567.89,Active,Direct Digital
POL-103776,2025-02-08,2026-02-08,1,1,25512.56,Active,Independent Broker
POL-103777,2025-01-28,2026-01-28,4,4,262037.5,Active,Corporate Intermediary
POL-103778,2024-09-22,2025-09-22,2,4,13715.81,Active,Independent Broker
POL-103779,2024-12-31,2025-12-31,1,2,19763.8,Active,Independent Broker
POL-103780,2025-01-08,2026-01-08,4,6,305202.75,Lapsed,Direct Digital
POL-103781,2024-02-26,2025-02-25,5,1,192584.03,Lapsed,Corporate Intermediary
POL-103782,2025-02-01,2026-02-01,1,1,17477.62,Active,Direct Digital
POL-103783,2024-02-17,2025-02-16,4,3,262876.72,Lapsed,Direct Digital
POL-103784,2024-08-04,2025-08-04,4,6,245235.35,Active,Corporate Intermediary
POL-103785,2024-05-20,2025-05-20,2,3,19002.86,Active,Direct Digital
POL-103786,2024-01-11,2025-01-10,2,1,17392.54,Active,Corporate Intermediary
POL-103787,2024-01-16,2025-01-15,2,1,7846.54,Active,Affinity Partner
POL-103788,2025-01-21,2026-01-21,3,6,85037.95,Active,Independent Broker
POL-103789,2025-02-01,2026-02-01,4,1,174048.57,Active,Direct Digital
POL-103790,2024-12-03,2025-12-03,1,1,18619.19,Active,Independent Broker
POL-103791,2024-05-01,2025-05-01,5,1,205054.28,Active,Corporate Intermediary
POL-103792,2024-06-08,2025-06-08,3,3,138791.02,Active,Independent Broker
POL-103793,2024-05-05,2025-05-05,2,2,10605.59,Active,Independent Broker
POL-103794,2024-04-23,2025-04-23,1,3,22235.03,Lapsed,Affinity Partner
POL-103795,2024-12-03,2025-12-03,1,1,13441.05,Active,Independent Broker
POL-103796,2025-06-02,2026-06-02,1,2,15541.4,Active,Corporate Intermediary
POL-103797,2024-02-16,2025-02-15,5,4,188056.69,Active,Direct Digital
POL-103798,2025-01-27,2026-01-27,1,1,14448.43,Active,Corporate Intermediary
POL-103799,2025-01-13,2026-01-13,5,1,121884.76,Active,Direct Digital
POL-103800,2025-01-01,2026-01-01,1,2,11268.63,Active,Direct Digital
POL-103801,2025-05-27,2026-05-27,2,1,12190.82,Active,Corporate Intermediary
POL-103802,2025-05-07,2026-05-07,3,4,130811.34,Active,Independent Broker
POL-103803,2024-08-09,2025-08-09,1,3,14816.02,Cancelled,Independent Broker
POL-103804,2024-07-09,2025-07-09,2,1,18534.46,Active,Independent Broker
POL-103805,2024-11-28,2025-11-28,5,2,164192.22,Active,Direct Digital
POL-103806,2024-06-25,2025-06-25,2,1,17833.97,Active,Independent Broker
POL-103807,2024-05-31,2025-05-31,2,1,14859.01,Active,Affinity Partner
POL-103808,2025-04-04,2026-04-04,2,2,10659.27,Active,Independent Broker
POL-103809,2025-01-21,2026-01-21,4,1,110235.13,Lapsed,Corporate Intermediary
POL-103810,2024-07-30,2025-07-30,2,1,17227.48,Cancelled,Independent Broker
POL-103811,2025-03-03,2026-03-03,4,1,162742.96,Active,Corporate Intermediary
POL-103812,2025-03-17,2026-03-17,5,3,192102.25,Active,Independent Broker
POL-103813,2024-01-31,2025-01-30,1,3,24663.77,Active,Independent Broker
POL-103814,2024-08-27,2025-08-27,1,1,20980.32,Active,Corporate Intermediary
POL-103815,2024-09-22,2025-09-22,1,2,22526.59,Active,Affinity Partner
POL-103816,2024-05-28,2025-05-28,3,1,110169.84,Active,Affinity Partner
POL-103817,2024-12-01,2025-12-01,4,2,180120.75,Active,Direct Digital
POL-103818,2024-07-15,2025-07-15,4,4,255777.33,Active,Direct Digital
POL-103819,2025-04-30,2026-04-30,3,3,146056.63,Active,Independent Broker
POL-103820,2024-09-17,2025-09-17,1,2,23548.83,Active,Corporate Intermediary
POL-103821,2024-09-04,2025-09-04,3,1,59365.18,Active,Direct Digital
POL-103822,2025-02-16,2026-02-16,5,1,127425.08,Active,Direct Digital
POL-103823,2024-06-29,2025-06-29,1,4,12014.49,Active,Corporate Intermediary
POL-103824,2025-04-20,2026-04-20,2,4,19440.7,Active,Direct Digital
POL-103825,2025-05-18,2026-05-18,1,2,12295.86,Active,Direct Digital
POL-103826,2025-01-15,2026-01-15,1,1,13998.56,Active,Independent Broker
POL-103827,2024-08-26,2025-08-26,1,2,12481.83,Active,Independent Broker
POL-103828,2024-01-09,2025-01-08,1,3,23646.24,Active,Direct Digital
POL-103829,2024-07-03,2025-07-03,5,2,219133.31,Cancelled,Corporate Intermediary
POL-103830,2024-01-15,2025-01-14,1,1,12623.91,Active,Independent Broker
POL-103831,2024-03-20,2025-03-20,1,2,18560.42,Active,Independent Broker
POL-103832,2024-01-20,2025-01-19,1,1,16161.02,Active,Corporate Intermediary
POL-103833,2024-02-10,2025-02-09,2,5,7348.77,Active,Independent Broker
POL-103834,2024-08-01,2025-08-01,1,2,23296.14,Active,Affinity Partner
POL-103835,2025-01-20,2026-01-20,3,1,142631.76,Active,Independent Broker
POL-103836,2024-10-12,2025-10-12,2,2,20708.65,Lapsed,Direct Digital
POL-103837,2024-08-15,2025-08-15,3,1,129489.09,Active,Independent Broker
POL-103838,2024-03-03,2025-03-03,1,2,19698.83,Active,Affinity Partner
POL-103839,2024-11-28,2025-11-28,1,5,19499.42,Active,Direct Digital
POL-103840,2025-04-18,2026-04-18,4,1,317870.09,Active,Independent Broker
POL-103841,2024-03-30,2025-03-30,1,3,11533.12,Active,Independent Broker
POL-103842,2024-02-18,2025-02-17,2,7,14972.33,Active,Direct Digital
POL-103843,2025-03-16,2026-03-16,5,2,126935.62,Active,Corporate Intermediary
POL-103844,2025-04-09,2026-04-09,1,3,20170.15,Active,Direct Digital
POL-103845,2025-05-15,2026-05-15,1,4,21882.26,Active,Direct Digital
POL-103846,2024-01-01,2024-12-31,3,3,93312.19,Active,Independent Broker
POL-103847,2025-05-22,2026-05-22,2,7,12896.41,Active,Direct Digital
POL-103848,2024-01-11,2025-01-10,4,6,300979.68,Active,Corporate Intermediary
POL-103849,2024-06-24,2025-06-24,4,1,115646.47,Active,Affinity Partner
POL-103850,2024-11-02,2025-11-02,1,4,10134.22,Active,Independent Broker
POL-103851,2024-02-05,2025-02-04,3,1,62455.62,Active,Affinity Partner
POL-103852,2024-09-10,2025-09-10,1,1,9707.59,Active,Independent Broker
POL-103853,2024-02-11,2025-02-10,1,2,24456.24,Active,Independent Broker
POL-103854,2024-03-01,2025-03-01,1,4,24109.67,Active,Independent Broker
POL-103855,2024-12-02,2025-12-02,5,5,202568.56,Active,Independent Broker
POL-103856,2025-05-31,2026-05-31,3,3,75610.77,Active,Independent Broker
POL-103857,2024-09-08,2025-09-08,1,1,14430.51,Active,Affinity Partner
POL-103858,2025-03-12,2026-03-12,1,1,22914.27,Active,Independent Broker
POL-103859,2024-08-24,2025-08-24,1,1,23239.11,Active,Corporate Intermediary
POL-103860,2024-04-02,2025-04-02,1,3,10543.53,Active,Corporate Intermediary
POL-103861,2025-02-06,2026-02-06,2,4,15495.78,Active,Direct Digital
POL-103862,2024-05-26,2025-05-26,1,3,16184.41,Active,Independent Broker
POL-103863,2025-01-15,2026-01-15,2,1,8104.82,Active,Direct Digital
POL-103864,2024-10-01,2025-10-01,4,1,213757.52,Lapsed,Independent Broker
POL-103865,2024-04-10,2025-04-10,4,1,119298.81,Active,Independent Broker
POL-103866,2024-04-12,2025-04-12,3,2,69390.06,Active,Affinity Partner
POL-103867,2024-10-07,2025-10-07,3,2,59835.08,Active,Independent Broker
POL-103868,2025-02-12,2026-02-12,1,2,11287.32,Lapsed,Independent Broker
POL-103869,2025-03-11,2026-03-11,1,2,22861.89,Active,Direct Digital
POL-103870,2024-06-11,2025-06-11,4,6,290443.08,Lapsed,Independent Broker
POL-103871,2024-05-20,2025-05-20,1,1,12733.25,Active,Direct Digital
POL-103872,2024-08-23,2025-08-23,2,2,7337.08,Active,Direct Digital
POL-103873,2024-05-22,2025-05-22,1,3,20093.5,Active,Independent Broker
POL-103874,2024-02-20,2025-02-19,3,2,99243.51,Active,Independent Broker
POL-103875,2024-09-24,2025-09-24,2,3,20638.78,Active,Independent Broker
POL-103876,2024-05-14,2025-05-14,1,1,17828.18,Active,Corporate Intermediary
POL-103877,2024-11-25,2025-11-25,4,3,268848.15,Active,Independent Broker
POL-103878,2024-01-08,2025-01-07,2,7,14689.7,Active,Independent Broker
POL-103879,2025-01-26,2026-01-26,3,1,155473.81,Lapsed,Corporate Intermediary
POL-103880,2025-03-16,2026-03-16,2,1,12139.96,Active,Direct Digital
POL-103881,2024-12-14,2025-12-14,2,6,14692.04,Active,Independent Broker
POL-103882,2024-02-28,2025-02-27,3,2,117111.7,Active,Independent Broker
POL-103883,2025-06-23,2026-06-23,3,1,139885.99,Active,Affinity Partner
POL-103884,2024-11-24,2025-11-24,4,2,249097.36,Active,Independent Broker
POL-103885,2024-06-25,2025-06-25,1,6,17929.81,Active,Direct Digital
POL-103886,2024-06-21,2025-06-21,2,1,19950.89,Active,Independent Broker
POL-103887,2024-11-22,2025-11-22,5,2,63626.03,Active,Direct Digital
POL-103888,2024-06-11,2025-06-11,1,1,23861.05,Active,Direct Digital
POL-103889,2024-07-06,2025-07-06,2,6,18182.24,Lapsed,Independent Broker
POL-103890,2024-11-03,2025-11-03,2,1,14824.09,Active,Corporate Intermediary
POL-103891,2024-07-03,2025-07-03,4,1,97206.72,Lapsed,Corporate Intermediary
POL-103892,2024-09-08,2025-09-08,2,1,11167.13,Active,Independent Broker
POL-103893,2024-01-14,2025-01-13,4,5,235505.44,Active,Corporate Intermediary
POL-103894,2025-03-30,2026-03-30,1,1,16322.51,Active,Affinity Partner
POL-103895,2024-12-16,2025-12-16,1,3,15525.43,Active,Direct Digital
POL-103896,2024-10-18,2025-10-18,4,1,79596.95,Active,Direct Digital
POL-103897,2024-03-27,2025-03-27,3,1,70982.02,Active,Independent Broker
POL-103898,2024-06-30,2025-06-30,1,1,14485.21,Active,Direct Digital
POL-103899,2024-08-15,2025-08-15,2,1,16788.62,Active,Direct Digital
POL-103900,2024-05-27,2025-05-27,2,3,16295.25,Active,Direct Digital
POL-103901,2024-04-23,2025-04-23,4,6,177406.4,Active,Independent Broker
POL-103902,2025-03-22,2026-03-22,1,2,14214.64,Active,Independent Broker
POL-103903,2024-12-28,2025-12-28,1,1,18988.06,Active,Direct Digital
POL-103904,2024-10-04,2025-10-04,2,1,13336.76,Active,Direct Digital
POL-103905,2024-08-16,2025-08-16,4,1,125368.57,Active,Direct Digital
POL-103906,2025-02-24,2026-02-24,1,1,20143.79,Active,Direct Digital
POL-103907,2024-04-05,2025-04-05,2,1,9093.59,Active,Direct Digital
POL-103908,2024-12-23,2025-12-23,2,1,8805.0,Active,Independent Broker
POL-103909,2025-04-20,2026-04-20,3,4,147581.64,Active,Independent Broker
POL-103910,2025-03-06,2026-03-06,5,1,121738.27,Active,Corporate Intermediary
POL-103911,2024-10-26,2025-10-26,1,4,25584.72,Active,Corporate Intermediary
POL-103912,2024-03-12,2025-03-12,3,2,143285.06,Active,Independent Broker
POL-103913,2024-01-21,2025-01-20,1,3,19763.45,Active,Direct Digital
POL-103914,2024-07-06,2025-07-06,1,1,14307.31,Active,Independent Broker
POL-103915,2024-09-30,2025-09-30,1,7,17737.85,Active,Independent Broker
POL-103916,2024-12-09,2025-12-09,1,3,23112.2,Active,Independent Broker
POL-103917,2024-01-12,2025-01-11,1,2,23936.0,Active,Independent Broker
POL-103918,2024-08-18,2025-08-18,2,7,9088.05,Active,Direct Digital
POL-103919,2025-04-23,2026-04-23,1,1,18057.77,Active,Direct Digital
POL-103920,2024-01-13,2025-01-12,1,3,15158.02,Active,Independent Broker
POL-103921,2024-11-16,2025-11-16,3,6,153345.57,Active,Independent Broker
POL-103922,2024-10-12,2025-10-12,1,2,22395.77,Active,Corporate Intermediary
POL-103923,2024-02-03,2025-02-02,3,7,68004.19,Active,Direct Digital
POL-103924,2025-03-13,2026-03-13,1,1,17615.15,Active,Independent Broker
POL-103925,2024-04-06,2025-04-06,2,1,13487.43,Lapsed,Independent Broker
POL-103926,2024-10-09,2025-10-09,1,2,10440.16,Active,Direct Digital
POL-103927,2025-04-07,2026-04-07,4,2,290225.22,Active,Independent Broker
POL-103928,2025-04-23,2026-04-23,1,5,23980.16,Active,Independent Broker
POL-103929,2024-03-09,2025-03-09,2,4,11297.7,Active,Independent Broker
POL-103930,2025-06-13,2026-06-13,5,3,147113.07,Lapsed,Direct Digital
POL-103931,2025-05-01,2026-05-01,4,1,216331.85,Active,Corporate Intermediary
POL-103932,2024-11-11,2025-11-11,2,1,16825.56,Active,Corporate Intermediary
POL-103933,2025-01-29,2026-01-29,1,1,25611.21,Active,Corporate Intermediary
POL-103934,2025-03-14,2026-03-14,1,2,24350.57,Active,Direct Digital
POL-103935,2024-09-30,2025-09-30,2,3,14226.91,Active,Independent Broker
POL-103936,2025-03-26,2026-03-26,4,1,80452.03,Active,Independent Broker
POL-103937,2024-05-03,2025-05-03,3,1,63598.29,Active,Independent Broker
POL-103938,2025-05-01,2026-05-01,3,4,75182.7,Active,Direct Digital
POL-103939,2025-06-08,2026-06-08,2,3,16129.19,Active,Direct Digital
POL-103940,2024-12-03,2025-12-03,4,3,273042.85,Active,Independent Broker
POL-103941,2024-07-29,2025-07-29,3,2,66113.34,Active,Direct Digital
POL-103942,2025-06-11,2026-06-11,4,4,287772.2,Active,Independent Broker
POL-103943,2025-02-13,2026-02-13,1,6,23438.89,Active,Independent Broker
POL-103944,2024-01-23,2025-01-22,4,4,149157.41,Active,Corporate Intermediary
POL-103945,2025-04-11,2026-04-11,1,1,20225.75,Active,Corporate Intermediary
POL-103946,2024-03-20,2025-03-20,3,2,122569.69,Active,Independent Broker
POL-103947,2024-07-29,2025-07-29,1,1,22105.6,Active,Direct Digital
POL-103948,2024-01-16,2025-01-15,3,1,153333.64,Active,Direct Digital
POL-103949,2025-06-05,2026-06-05,4,1,239861.46,Active,Independent Broker
POL-103950,2024-06-12,2025-06-12,3,1,108298.57,Active,Independent Broker
POL-103951,2024-07-27,2025-07-27,5,1,128820.59,Active,Affinity Partner
POL-103952,2024-01-07,2025-01-06,3,2,139038.31,Active,Direct Digital
POL-103953,2025-02-18,2026-02-18,4,1,113645.09,Active,Independent Broker
POL-103954,2024-08-28,2025-08-28,1,5,22245.76,Lapsed,Independent Broker
POL-103955,2024-01-20,2025-01-19,1,1,15484.2,Active,Affinity Partner
POL-103956,2025-04-05,2026-04-05,1,2,19420.56,Active,Independent Broker
POL-103957,2025-03-25,2026-03-25,1,1,15632.98,Cancelled,Independent Broker
POL-103958,2024-10-05,2025-10-05,1,3,24564.39,Active,Direct Digital
POL-103959,2024-09-08,2025-09-08,1,5,12005.85,Active,Independent Broker
POL-103960,2024-03-18,2025-03-18,2,6,14635.13,Active,Independent Broker
POL-103961,2024-01-06,2025-01-05,2,4,12401.29,Active,Independent Broker
POL-103962,2024-04-26,2025-04-26,2,4,14482.31,Active,Corporate Intermediary
POL-103963,2024-02-23,2025-02-22,1,2,20268.06,Active,Corporate Intermediary
POL-103964,2024-05-25,2025-05-25,4,3,97822.64,Active,Affinity Partner
POL-103965,2024-02-17,2025-02-16,1,2,10492.15,Active,Direct Digital
POL-103966,2024-11-01,2025-11-01,1,2,24029.3,Active,Independent Broker
POL-103967,2024-02-02,2025-02-01,3,4,147994.0,Cancelled,Direct Digital
POL-103968,2024-06-12,2025-06-12,2,1,14495.95,Active,Independent Broker
POL-103969,2024-06-27,2025-06-27,4,7,147515.7,Active,Independent Broker
POL-103970,2024-01-31,2025-01-30,4,1,187122.6,Active,Independent Broker
POL-103971,2024-12-13,2025-12-13,3,1,117707.14,Active,Direct Digital
POL-103972,2024-03-18,2025-03-18,2,3,7230.11,Lapsed,Independent Broker
POL-103973,2025-01-29,2026-01-29,1,1,22716.87,Active,Direct Digital
POL-103974,2024-02-03,2025-02-02,3,1,141199.29,Active,Direct Digital
POL-103975,2024-02-28,2025-02-27,4,7,272093.84,Cancelled,Independent Broker
POL-103976,2024-09-27,2025-09-27,2,1,10213.12,Active,Independent Broker
POL-103977,2024-07-07,2025-07-07,4,1,156831.93,Active,Corporate Intermediary
POL-103978,2025-05-11,2026-05-11,1,1,12529.74,Active,Direct Digital
POL-103979,2024-05-26,2025-05-26,2,1,16275.29,Active,Independent Broker
POL-103980,2024-01-20,2025-01-19,3,1,152776.98,Active,Direct Digital
POL-103981,2025-01-07,2026-01-07,1,1,12595.29,Lapsed,Independent Broker
POL-103982,2025-02-18,2026-02-18,5,1,92487.35,Active,Corporate Intermediary
POL-103983,2024-01-01,2024-12-31,1,7,14415.76,Active,Direct Digital
POL-103984,2024-11-11,2025-11-11,1,2,15419.7,Active,Independent Broker
POL-103985,2025-05-28,2026-05-28,5,1,168985.09,Active,Corporate Intermediary
POL-103986,2024-10-12,2025-10-12,4,1,312869.84,Active,Corporate Intermediary
POL-103987,2024-10-05,2025-10-05,3,3,59330.68,Active,Independent Broker
POL-103988,2025-04-07,2026-04-07,3,1,103096.95,Active,Independent Broker
POL-103989,2025-02-24,2026-02-24,1,1,25355.98,Active,Direct Digital
POL-103990,2025-02-16,2026-02-16,2,3,17901.39,Cancelled,Independent Broker
POL-103991,2024-03-16,2025-03-16,1,2,19136.22,Active,Independent Broker
POL-103992,2024-06-27,2025-06-27,1,6,10428.16,Active,Independent Broker
POL-103993,2025-01-31,2026-01-31,1,1,25364.43,Active,Direct Digital
POL-103994,2025-01-28,2026-01-28,2,2,8202.87,Active,Affinity Partner
POL-103995,2025-02-21,2026-02-21,1,1,24237.66,Active,Affinity Partner
POL-103996,2024-06-07,2025-06-07,4,6,222784.61,Lapsed,Independent Broker
POL-103997,2024-08-08,2025-08-08,2,7,14829.28,Active,Affinity Partner
POL-103998,2025-06-11,2026-06-11,2,5,14036.96,Active,Independent Broker
POL-103999,2025-03-20,2026-03-20,1,1,11591.26,Active,Direct Digital
POL-104000,2025-06-19,2026-06-19,1,3,22934.81,Active,Direct Digital
POL-104001,2025-06-24,2026-06-24,5,1,215928.2,Active,Direct Digital
POL-104002,2024-05-09,2025-05-09,2,1,7604.77,Lapsed,Direct Digital
POL-104003,2024-02-20,2025-02-19,4,4,246106.81,Lapsed,Direct Digital
POL-104004,2024-03-09,2025-03-09,2,6,16198.47,Active,Direct Digital
POL-104005,2024-10-18,2025-10-18,5,3,62021.88,Active,Direct Digital
POL-104006,2025-06-12,2026-06-12,3,3,79924.87,Lapsed,Corporate Intermediary
POL-104007,2025-04-26,2026-04-26,1,1,19299.56,Active,Independent Broker
POL-104008,2025-01-27,2026-01-27,2,1,17443.5,Active,Independent Broker
POL-104009,2024-10-30,2025-10-30,1,2,19785.79,Active,Direct Digital
POL-104010,2025-06-15,2026-06-15,1,1,15124.07,Active,Independent Broker
POL-104011,2025-05-11,2026-05-11,2,2,15599.11,Active,Independent Broker
POL-104012,2024-09-24,2025-09-24,3,4,89280.09,Lapsed,Independent Broker
POL-104013,2024-02-04,2025-02-03,4,2,173563.07,Active,Direct Digital
POL-104014,2025-04-30,2026-04-30,4,2,135271.2,Lapsed,Independent Broker
POL-104015,2025-02-22,2026-02-22,2,1,20122.97,Active,Independent Broker
POL-104016,2025-05-06,2026-05-06,1,7,22137.49,Lapsed,Independent Broker
POL-104017,2024-10-24,2025-10-24,1,1,13665.7,Lapsed,Independent Broker
POL-104018,2024-05-03,2025-05-03,5,1,104057.9,Cancelled,Independent Broker
POL-104019,2025-05-08,2026-05-08,4,4,152358.39,Active,Direct Digital
POL-104020,2025-05-23,2026-05-23,3,3,65181.02,Active,Independent Broker
POL-104021,2024-12-24,2025-12-24,1,1,16472.32,Active,Corporate Intermediary
POL-104022,2024-07-02,2025-07-02,1,1,20998.16,Active,Independent Broker
POL-104023,2024-03-13,2025-03-13,4,1,201330.92,Active,Independent Broker
POL-104024,2024-07-13,2025-07-13,2,6,9737.11,Active,Affinity Partner
POL-104025,2024-10-08,2025-10-08,2,1,14789.31,Active,Direct Digital
POL-104026,2025-03-17,2026-03-17,1,2,21896.6,Active,Corporate Intermediary
POL-104027,2024-08-18,2025-08-18,2,1,19937.47,Lapsed,Independent Broker
POL-104028,2025-04-26,2026-04-26,2,2,8251.79,Active,Direct Digital
POL-104029,2025-04-27,2026-04-27,4,1,314476.98,Active,Corporate Intermediary
POL-104030,2024-12-31,2025-12-31,1,2,20999.25,Cancelled,Direct Digital
POL-104031,2024-12-21,2025-12-21,1,1,15367.47,Active,Direct Digital
POL-104032,2024-03-16,2025-03-16,3,2,102048.25,Active,Independent Broker
POL-104033,2024-03-21,2025-03-21,5,6,187319.29,Active,Corporate Intermediary
POL-104034,2024-09-23,2025-09-23,1,6,22732.57,Active,Independent Broker
POL-104035,2024-04-29,2025-04-29,2,1,16123.25,Active,Direct Digital
POL-104036,2024-10-18,2025-10-18,1,3,13631.61,Active,Direct Digital
POL-104037,2024-11-14,2025-11-14,2,1,8817.77,Active,Direct Digital
POL-104038,2024-09-11,2025-09-11,4,6,208753.27,Active,Corporate Intermediary
POL-104039,2024-01-25,2025-01-24,4,1,219198.76,Active,Direct Digital
POL-104040,2024-02-10,2025-02-09,1,3,15696.65,Active,Independent Broker
POL-104041,2024-10-12,2025-10-12,4,5,257217.07,Active,Independent Broker
POL-104042,2024-01-13,2025-01-12,1,2,14875.81,Active,Independent Broker
POL-104043,2025-01-26,2026-01-26,2,5,13235.15,Active,Corporate Intermediary
POL-104044,2024-08-30,2025-08-30,2,6,12961.83,Active,Affinity Partner
POL-104045,2025-04-24,2026-04-24,2,1,18930.06,Active,Independent Broker
POL-104046,2024-02-24,2025-02-23,5,7,192873.37,Active,Independent Broker
POL-104047,2025-05-09,2026-05-09,1,3,12358.28,Cancelled,Independent Broker
POL-104048,2024-04-04,2025-04-04,3,6,139034.32,Active,Affinity Partner
POL-104049,2024-08-15,2025-08-15,1,1,12874.95,Active,Direct Digital
POL-104050,2025-02-03,2026-02-03,2,1,8528.23,Active,Independent Broker
POL-104051,2024-02-18,2025-02-17,2,1,18244.73,Active,Independent Broker
POL-104052,2024-04-24,2025-04-24,4,4,173803.08,Active,Independent Broker
POL-104053,2024-06-11,2025-06-11,1,1,14742.05,Active,Independent Broker
POL-104054,2024-01-08,2025-01-07,3,2,154332.81,Active,Direct Digital
POL-104055,2025-05-06,2026-05-06,5,5,212958.6,Active,Independent Broker
POL-104056,2024-05-20,2025-05-20,4,1,94582.42,Active,Direct Digital
POL-104057,2024-03-16,2025-03-16,4,3,158044.83,Active,Direct Digital
POL-104058,2025-05-12,2026-05-12,2,2,9025.33,Active,Direct Digital
POL-104059,2025-01-19,2026-01-19,1,2,13406.26,Active,Independent Broker
POL-104060,2024-03-16,2025-03-16,5,3,101205.17,Active,Independent Broker
POL-104061,2025-04-04,2026-04-04,1,1,24472.33,Active,Direct Digital
POL-104062,2024-02-23,2025-02-22,2,1,7773.11,Active,Independent Broker
POL-104063,2024-01-09,2025-01-08,2,1,8983.87,Active,Independent Broker
POL-104064,2025-03-15,2026-03-15,1,1,19831.05,Active,Direct Digital
POL-104065,2024-08-09,2025-08-09,4,1,220129.47,Cancelled,Direct Digital
POL-104066,2024-08-30,2025-08-30,4,1,110074.79,Active,Independent Broker
POL-104067,2024-12-13,2025-12-13,1,5,12880.51,Lapsed,Corporate Intermediary
POL-104068,2025-04-23,2026-04-23,4,3,164833.68,Active,Independent Broker
POL-104069,2024-07-10,2025-07-10,2,1,7883.64,Active,Independent Broker
POL-104070,2024-05-16,2025-05-16,2,2,19857.79,Lapsed,Affinity Partner
POL-104071,2024-11-25,2025-11-25,1,1,25696.31,Active,Direct Digital
POL-104072,2024-11-22,2025-11-22,2,6,14884.35,Active,Independent Broker
POL-104073,2024-12-03,2025-12-03,1,3,11085.23,Active,Independent Broker
POL-104074,2024-05-03,2025-05-03,5,3,151191.3,Active,Independent Broker
POL-104075,2024-08-04,2025-08-04,2,1,17716.83,Active,Independent Broker
POL-104076,2024-06-20,2025-06-20,4,5,165893.7,Active,Independent Broker
POL-104077,2024-02-23,2025-02-22,2,5,12822.14,Active,Affinity Partner
POL-104078,2025-02-22,2026-02-22,1,2,23381.85,Active,Independent Broker
POL-104079,2025-04-03,2026-04-03,1,1,16962.12,Active,Corporate Intermediary
POL-104080,2025-02-19,2026-02-19,1,1,12826.54,Active,Direct Digital
POL-104081,2025-05-31,2026-05-31,2,1,8179.89,Lapsed,Independent Broker
POL-104082,2024-03-10,2025-03-10,2,1,16575.59,Active,Direct Digital
POL-104083,2025-05-23,2026-05-23,1,2,16541.25,Active,Independent Broker
POL-104084,2024-03-04,2025-03-04,2,1,9673.55,Active,Direct Digital
POL-104085,2024-11-30,2025-11-30,2,2,15026.91,Active,Independent Broker
POL-104086,2024-09-27,2025-09-27,5,6,112112.37,Active,Corporate Intermediary
POL-104087,2025-04-23,2026-04-23,3,1,79679.51,Active,Independent Broker
POL-104088,2024-03-22,2025-03-22,5,4,208509.0,Active,Independent Broker
POL-104089,2025-03-21,2026-03-21,5,1,194094.11,Active,Direct Digital
POL-104090,2024-12-04,2025-12-04,2,1,14841.46,Active,Independent Broker
POL-104091,2025-05-21,2026-05-21,1,4,20597.06,Active,Independent Broker
POL-104092,2024-01-08,2025-01-07,2,5,13668.16,Active,Affinity Partner
POL-104093,2025-05-04,2026-05-04,3,6,52466.86,Active,Corporate Intermediary
POL-104094,2024-04-12,2025-04-12,3,1,61345.2,Active,Independent Broker
POL-104095,2024-09-04,2025-09-04,1,1,23545.07,Active,Independent Broker
POL-104096,2025-05-05,2026-05-05,1,5,11785.49,Active,Corporate Intermediary
POL-104097,2024-10-23,2025-10-23,1,1,12651.11,Active,Direct Digital
POL-104098,2024-09-02,2025-09-02,5,1,188631.12,Lapsed,Corporate Intermediary
POL-104099,2025-04-16,2026-04-16,2,4,19060.63,Active,Direct Digital
POL-104100,2025-03-25,2026-03-25,3,1,115390.04,Active,Direct Digital
POL-104101,2024-12-12,2025-12-12,4,1,86449.85,Active,Direct Digital
POL-104102,2024-04-06,2025-04-06,1,5,25861.84,Active,Independent Broker
POL-104103,2024-08-21,2025-08-21,5,1,137765.17,Active,Direct Digital
POL-104104,2024-10-31,2025-10-31,3,4,50331.05,Active,Direct Digital
POL-104105,2024-01-10,2025-01-09,4,2,156192.86,Active,Direct Digital
POL-104106,2024-10-02,2025-10-02,4,2,106075.24,Active,Affinity Partner
POL-104107,2025-03-29,2026-03-29,2,2,15043.84,Active,Direct Digital
POL-104108,2024-08-14,2025-08-14,1,1,9661.99,Active,Corporate Intermediary
POL-104109,2024-09-08,2025-09-08,1,5,12137.5,Active,Independent Broker
POL-104110,2024-06-03,2025-06-03,1,3,16970.17,Active,Direct Digital
POL-104111,2024-03-18,2025-03-18,2,6,14186.0,Cancelled,Affinity Partner
POL-104112,2025-02-15,2026-02-15,2,6,13798.37,Lapsed,Independent Broker
POL-104113,2024-07-31,2025-07-31,3,2,48178.47,Active,Direct Digital
POL-104114,2024-11-16,2025-11-16,1,4,17856.14,Active,Independent Broker
POL-104115,2024-03-27,2025-03-27,5,1,158853.24,Active,Direct Digital
POL-104116,2024-02-24,2025-02-23,1,3,14032.08,Active,Corporate Intermediary
POL-104117,2025-04-29,2026-04-29,5,2,136077.72,Active,Independent Broker
POL-104118,2025-01-15,2026-01-15,3,1,141339.17,Active,Direct Digital
POL-104119,2024-02-10,2025-02-09,1,5,16239.34,Active,Independent Broker
POL-104120,2024-12-31,2025-12-31,4,2,291344.35,Active,Affinity Partner
POL-104121,2024-03-13,2025-03-13,2,3,13379.87,Active,Independent Broker
POL-104122,2024-08-01,2025-08-01,1,3,24775.11,Cancelled,Independent Broker
POL-104123,2025-05-11,2026-05-11,5,3,192569.29,Active,Corporate Intermediary
POL-104124,2024-03-20,2025-03-20,1,3,24587.87,Active,Direct Digital
POL-104125,2024-11-18,2025-11-18,2,1,19161.5,Active,Corporate Intermediary
POL-104126,2024-07-31,2025-07-31,1,2,22311.27,Active,Direct Digital
POL-104127,2024-05-14,2025-05-14,5,1,215811.14,Active,Independent Broker
POL-104128,2024-05-13,2025-05-13,1,1,21385.06,Active,Affinity Partner
POL-104129,2024-03-17,2025-03-17,4,1,155738.35,Active,Affinity Partner
POL-104130,2024-08-21,2025-08-21,1,1,9666.97,Active,Independent Broker
POL-104131,2025-03-23,2026-03-23,5,5,217910.74,Active,Direct Digital
POL-104132,2024-07-16,2025-07-16,4,3,247283.76,Active,Independent Broker
POL-104133,2024-06-25,2025-06-25,4,1,158546.95,Active,Independent Broker
POL-104134,2025-05-18,2026-05-18,1,3,22299.36,Active,Affinity Partner
POL-104135,2024-05-11,2025-05-11,1,2,18224.1,Active,Independent Broker
POL-104136,2024-12-03,2025-12-03,4,3,313270.13,Active,Independent Broker
POL-104137,2024-02-20,2025-02-19,2,5,8263.08,Active,Independent Broker
POL-104138,2024-09-18,2025-09-18,3,4,85669.19,Active,Independent Broker
POL-104139,2024-10-04,2025-10-04,2,1,17591.93,Active,Independent Broker
POL-104140,2025-03-30,2026-03-30,4,1,214005.41,Active,Direct Digital
POL-104141,2024-09-04,2025-09-04,1,4,23672.51,Active,Direct Digital
POL-104142,2024-05-02,2025-05-02,1,3,10573.41,Lapsed,Independent Broker
POL-104143,2025-01-28,2026-01-28,2,1,7302.24,Active,Independent Broker
POL-104144,2024-11-22,2025-11-22,5,2,166345.25,Active,Direct Digital
POL-104145,2025-05-26,2026-05-26,4,3,307020.37,Active,Corporate Intermediary
POL-104146,2025-01-02,2026-01-02,3,2,53785.38,Cancelled,Direct Digital
POL-104147,2025-03-17,2026-03-17,2,1,7294.51,Active,Independent Broker
POL-104148,2025-06-17,2026-06-17,2,3,19010.54,Active,Direct Digital
POL-104149,2024-03-14,2025-03-14,2,2,12070.02,Active,Direct Digital
POL-104150,2024-09-19,2025-09-19,2,1,8148.21,Active,Independent Broker
POL-104151,2024-10-30,2025-10-30,1,1,22747.48,Active,Direct Digital
POL-104152,2025-02-20,2026-02-20,3,2,44004.65,Active,Corporate Intermediary
POL-104153,2025-04-26,2026-04-26,1,6,10641.78,Active,Direct Digital
POL-104154,2024-07-17,2025-07-17,1,4,14492.1,Lapsed,Direct Digital
POL-104155,2024-08-05,2025-08-05,3,4,90523.04,Active,Corporate Intermediary
POL-104156,2024-12-06,2025-12-06,5,1,141894.75,Active,Direct Digital
POL-104157,2024-10-11,2025-10-11,5,1,86140.5,Active,Direct Digital
POL-104158,2025-03-19,2026-03-19,4,1,276799.76,Active,Independent Broker
POL-104159,2025-05-13,2026-05-13,1,1,15120.82,Active,Direct Digital
POL-104160,2024-08-02,2025-08-02,2,2,15609.62,Active,Direct Digital
POL-104161,2024-02-13,2025-02-12,2,1,12084.34,Active,Corporate Intermediary
POL-104162,2025-05-18,2026-05-18,2,3,20636.82,Active,Independent Broker
POL-104163,2024-08-16,2025-08-16,3,1,121866.01,Lapsed,Independent Broker
POL-104164,2024-02-16,2025-02-15,1,4,25714.49,Active,Independent Broker
POL-104165,2024-09-13,2025-09-13,1,1,20271.05,Active,Direct Digital
POL-104166,2024-08-26,2025-08-26,1,2,24546.1,Active,Corporate Intermediary
POL-104167,2024-12-06,2025-12-06,3,1,114041.85,Active,Independent Broker
POL-104168,2024-11-15,2025-11-15,1,1,13328.67,Active,Independent Broker
POL-104169,2025-04-15,2026-04-15,3,1,104845.67,Active,Independent Broker
POL-104170,2024-04-26,2025-04-26,4,1,91339.95,Lapsed,Independent Broker
POL-104171,2025-06-19,2026-06-19,5,1,84249.32,Active,Corporate Intermediary
POL-104172,2024-05-12,2025-05-12,4,2,267743.43,Active,Independent Broker
POL-104173,2025-06-10,2026-06-10,2,1,15073.61,Active,Independent Broker
POL-104174,2024-08-13,2025-08-13,1,2,10110.5,Active,Independent Broker
POL-104175,2025-01-20,2026-01-20,5,4,178646.48,Active,Independent Broker
POL-104176,2025-05-07,2026-05-07,2,3,10095.06,Active,Independent Broker
POL-104177,2024-01-03,2025-01-02,2,2,9708.75,Active,Independent Broker
POL-104178,2024-03-29,2025-03-29,2,1,20747.82,Active,Corporate Intermediary
POL-104179,2024-04-02,2025-04-02,2,3,14109.01,Active,Direct Digital
POL-104180,2025-01-25,2026-01-25,2,2,14971.14,Active,Independent Broker
POL-104181,2024-01-24,2025-01-23,2,1,10450.82,Active,Direct Digital
POL-104182,2025-04-30,2026-04-30,1,2,19844.65,Lapsed,Direct Digital
POL-104183,2024-06-04,2025-06-04,1,1,17333.03,Active,Direct Digital
POL-104184,2025-03-14,2026-03-14,2,1,19246.31,Active,Independent Broker
POL-104185,2025-04-03,2026-04-03,1,4,24172.58,Active,Independent Broker
POL-104186,2025-04-02,2026-04-02,3,2,124985.5,Active,Corporate Intermediary
POL-104187,2025-03-06,2026-03-06,3,2,79037.2,Active,Direct Digital
POL-104188,2024-02-10,2025-02-09,2,6,10099.81,Active,Independent Broker
POL-104189,2024-03-07,2025-03-07,2,3,15514.89,Active,Independent Broker
POL-104190,2025-06-06,2026-06-06,4,7,249490.85,Active,Independent Broker
POL-104191,2024-08-03,2025-08-03,3,1,106958.3,Active,Direct Digital
POL-104192,2024-01-24,2025-01-23,1,1,20838.06,Active,Direct Digital
POL-104193,2025-02-12,2026-02-12,4,1,119199.64,Lapsed,Corporate Intermediary
POL-104194,2024-01-29,2025-01-28,4,2,255865.8,Active,Corporate Intermediary
POL-104195,2024-04-12,2025-04-12,1,3,20211.47,Active,Independent Broker
POL-104196,2024-04-10,2025-04-10,3,7,57790.18,Active,Independent Broker
POL-104197,2025-05-15,2026-05-15,1,2,15963.59,Active,Affinity Partner
POL-104198,2024-02-07,2025-02-06,1,1,17056.78,Active,Independent Broker
POL-104199,2024-05-30,2025-05-30,4,3,110274.74,Active,Corporate Intermediary
POL-104200,2024-08-17,2025-08-17,2,5,14257.06,Lapsed,Independent Broker
POL-104201,2024-11-07,2025-11-07,4,2,300723.46,Active,Independent Broker
POL-104202,2025-03-06,2026-03-06,3,2,96308.52,Active,Corporate Intermediary
POL-104203,2024-08-18,2025-08-18,1,2,15410.74,Active,Corporate Intermediary
POL-104204,2025-03-28,2026-03-28,1,6,11265.61,Active,Corporate Intermediary
POL-104205,2024-08-11,2025-08-11,1,2,15000.02,Active,Independent Broker
POL-104206,2024-11-21,2025-11-21,2,5,19689.94,Active,Independent Broker
POL-104207,2025-06-21,2026-06-21,3,4,113213.48,Active,Direct Digital
POL-104208,2024-10-07,2025-10-07,5,1,94779.28,Active,Affinity Partner
POL-104209,2024-08-02,2025-08-02,1,1,14706.36,Active,Independent Broker
POL-104210,2024-02-22,2025-02-21,4,5,100088.67,Active,Direct Digital
POL-104211,2024-11-26,2025-11-26,1,1,16169.78,Cancelled,Direct Digital
POL-104212,2025-02-06,2026-02-06,5,3,152295.88,Active,Independent Broker
POL-104213,2025-03-24,2026-03-24,2,4,13360.44,Active,Corporate Intermediary
POL-104214,2024-08-25,2025-08-25,4,1,272052.66,Active,Independent Broker
POL-104215,2025-06-08,2026-06-08,2,1,12885.79,Active,Corporate Intermediary
POL-104216,2024-01-26,2025-01-25,5,1,189298.47,Active,Corporate Intermediary
POL-104217,2024-11-01,2025-11-01,1,1,16684.91,Lapsed,Independent Broker
POL-104218,2025-05-06,2026-05-06,1,7,17777.19,Active,Corporate Intermediary
POL-104219,2024-12-29,2025-12-29,3,3,85194.08,Active,Direct Digital
POL-104220,2024-05-30,2025-05-30,4,2,132212.75,Active,Affinity Partner
POL-104221,2024-08-01,2025-08-01,5,1,73239.88,Active,Independent Broker
POL-104222,2025-01-12,2026-01-12,5,4,101730.96,Active,Corporate Intermediary
POL-104223,2024-08-20,2025-08-20,1,1,11083.71,Active,Independent Broker
POL-104224,2024-03-11,2025-03-11,3,2,115965.8,Active,Direct Digital
POL-104225,2025-03-19,2026-03-19,2,1,20264.93,Lapsed,Direct Digital
POL-104226,2025-01-28,2026-01-28,3,5,72043.76,Active,Direct Digital
POL-104227,2024-12-31,2025-12-31,3,1,118735.61,Lapsed,Independent Broker
POL-104228,2024-04-27,2025-04-27,2,1,13298.96,Active,Affinity Partner
POL-104229,2024-06-18,2025-06-18,1,3,20496.23,Active,Independent Broker
POL-104230,2024-10-20,2025-10-20,1,1,22518.86,Active,Direct Digital
POL-104231,2025-05-06,2026-05-06,2,5,19473.16,Active,Direct Digital
POL-104232,2024-07-27,2025-07-27,4,3,273661.02,Active,Independent Broker
POL-104233,2024-05-11,2025-05-11,4,6,285560.0,Active,Direct Digital
POL-104234,2024-09-04,2025-09-04,1,7,24921.5,Active,Independent Broker
POL-104235,2024-12-22,2025-12-22,5,1,147773.46,Active,Independent Broker
POL-104236,2024-07-10,2025-07-10,1,3,24207.34,Active,Independent Broker
POL-104237,2024-05-06,2025-05-06,4,6,167500.71,Active,Independent Broker
POL-104238,2024-03-20,2025-03-20,1,1,25957.06,Active,Affinity Partner
POL-104239,2024-10-11,2025-10-11,1,1,11804.61,Active,Direct Digital
POL-104240,2024-08-13,2025-08-13,1,4,19249.48,Active,Corporate Intermediary
POL-104241,2024-08-01,2025-08-01,5,2,215231.38,Active,Corporate Intermediary
POL-104242,2025-05-14,2026-05-14,2,4,17417.1,Active,Corporate Intermediary
POL-104243,2024-03-14,2025-03-14,2,1,15972.17,Active,Independent Broker
POL-104244,2024-10-07,2025-10-07,2,1,15711.58,Active,Corporate Intermediary
POL-104245,2024-12-24,2025-12-24,1,2,14586.35,Active,Independent Broker
POL-104246,2024-11-10,2025-11-10,1,2,22942.32,Active,Independent Broker
POL-104247,2025-05-16,2026-05-16,5,1,114533.71,Active,Independent Broker
POL-104248,2024-12-31,2025-12-31,5,4,114836.67,Active,Independent Broker
POL-104249,2024-06-10,2025-06-10,4,1,194062.06,Active,Corporate Intermediary
POL-104250,2024-09-26,2025-09-26,1,1,19568.84,Active,Affinity Partner
POL-104251,2024-11-27,2025-11-27,1,1,21784.4,Active,Direct Digital
POL-104252,2024-08-01,2025-08-01,1,7,14332.19,Active,Corporate Intermediary
POL-104253,2025-02-12,2026-02-12,3,1,63307.02,Lapsed,Direct Digital
POL-104254,2024-01-01,2024-12-31,2,2,17619.39,Lapsed,Direct Digital
POL-104255,2025-01-04,2026-01-04,2,2,17290.77,Active,Independent Broker
POL-104256,2025-05-08,2026-05-08,2,3,18646.53,Active,Direct Digital
POL-104257,2024-09-23,2025-09-23,4,3,187207.17,Active,Independent Broker
POL-104258,2024-11-20,2025-11-20,1,1,11797.81,Active,Direct Digital
POL-104259,2024-11-25,2025-11-25,2,1,13283.21,Active,Independent Broker
POL-104260,2025-06-10,2026-06-10,1,1,21053.19,Active,Independent Broker
POL-104261,2024-03-02,2025-03-02,1,6,21026.05,Active,Direct Digital
POL-104262,2024-11-15,2025-11-15,1,3,10982.65,Active,Direct Digital
POL-104263,2024-08-22,2025-08-22,2,2,14581.08,Active,Direct Digital
POL-104264,2024-01-16,2025-01-15,3,3,51158.72,Active,Direct Digital
POL-104265,2025-02-19,2026-02-19,4,3,153420.46,Active,Independent Broker
POL-104266,2025-04-10,2026-04-10,1,2,20133.96,Active,Direct Digital
POL-104267,2025-03-14,2026-03-14,3,4,65354.87,Lapsed,Independent Broker
POL-104268,2025-01-16,2026-01-16,1,1,21190.35,Active,Independent Broker
POL-104269,2024-02-24,2025-02-23,1,1,10489.37,Lapsed,Independent Broker
POL-104270,2024-12-09,2025-12-09,4,5,305883.32,Lapsed,Direct Digital
POL-104271,2024-11-30,2025-11-30,1,1,14328.23,Active,Direct Digital
POL-104272,2024-06-06,2025-06-06,1,2,16305.27,Active,Independent Broker
POL-104273,2024-09-19,2025-09-19,2,6,15325.76,Active,Direct Digital
POL-104274,2025-02-15,2026-02-15,2,1,10040.13,Active,Direct Digital
POL-104275,2024-05-18,2025-05-18,1,1,10212.68,Cancelled,Direct Digital
POL-104276,2024-05-13,2025-05-13,1,4,12488.05,Active,Direct Digital
POL-104277,2024-01-29,2025-01-28,1,4,21722.23,Active,Corporate Intermediary
POL-104278,2024-04-26,2025-04-26,5,1,93524.42,Active,Direct Digital
POL-104279,2024-04-13,2025-04-13,1,1,20124.57,Active,Independent Broker
POL-104280,2024-04-29,2025-04-29,1,1,13589.41,Active,Independent Broker
POL-104281,2025-02-25,2026-02-25,4,1,156647.86,Active,Direct Digital
POL-104282,2025-02-13,2026-02-13,2,7,18297.37,Active,Independent Broker
POL-104283,2024-01-06,2025-01-05,1,1,19171.86,Active,Direct Digital
POL-104284,2024-06-27,2025-06-27,5,1,174046.03,Active,Independent Broker
POL-104285,2025-03-23,2026-03-23,5,2,158231.76,Active,Affinity Partner
POL-104286,2024-09-05,2025-09-05,2,4,15105.31,Active,Independent Broker
POL-104287,2025-04-28,2026-04-28,1,2,16238.16,Active,Independent Broker
POL-104288,2024-06-30,2025-06-30,2,2,12318.78,Active,Corporate Intermediary
POL-104289,2024-09-30,2025-09-30,3,7,147872.6,Cancelled,Independent Broker
POL-104290,2024-09-09,2025-09-09,4,3,89841.77,Lapsed,Independent Broker
POL-104291,2024-04-17,2025-04-17,1,2,22437.2,Active,Direct Digital
POL-104292,2025-01-14,2026-01-14,1,1,24001.77,Active,Affinity Partner
POL-104293,2025-02-07,2026-02-07,2,6,11585.37,Active,Direct Digital
POL-104294,2025-02-21,2026-02-21,1,7,19994.16,Active,Independent Broker
POL-104295,2024-12-13,2025-12-13,5,1,76196.32,Active,Affinity Partner
POL-104296,2025-02-01,2026-02-01,3,3,59786.68,Active,Independent Broker
POL-104297,2024-06-09,2025-06-09,4,2,286535.77,Active,Independent Broker
POL-104298,2024-07-20,2025-07-20,5,4,142998.89,Active,Direct Digital
POL-104299,2024-10-20,2025-10-20,2,3,11733.63,Active,Direct Digital
POL-104300,2024-01-27,2025-01-26,2,1,12627.49,Active,Direct Digital
POL-104301,2025-04-26,2026-04-26,4,4,132909.23,Active,Corporate Intermediary
POL-104302,2024-03-20,2025-03-20,2,1,12091.89,Active,Affinity Partner
POL-104303,2024-03-26,2025-03-26,1,2,24309.77,Active,Direct Digital
POL-104304,2025-04-17,2026-04-17,1,1,13615.43,Active,Direct Digital
POL-104305,2024-05-13,2025-05-13,2,1,13707.12,Active,Corporate Intermediary
POL-104306,2024-01-05,2025-01-04,1,1,18395.41,Active,Independent Broker
POL-104307,2024-01-20,2025-01-19,3,1,87618.5,Active,Direct Digital
POL-104308,2024-05-14,2025-05-14,1,1,16131.0,Active,Corporate Intermediary
POL-104309,2025-03-28,2026-03-28,2,1,11661.74,Active,Direct Digital
POL-104310,2024-06-17,2025-06-17,2,5,11292.22,Active,Direct Digital
POL-104311,2024-07-14,2025-07-14,4,1,187702.32,Active,Independent Broker
POL-104312,2024-11-03,2025-11-03,1,1,16084.75,Active,Independent Broker
POL-104313,2024-03-22,2025-03-22,4,1,119472.91,Active,Affinity Partner
POL-104314,2024-10-26,2025-10-26,3,2,52434.88,Active,Affinity Partner
POL-104315,2024-01-27,2025-01-26,2,5,19468.29,Active,Independent Broker
POL-104316,2024-04-23,2025-04-23,1,1,25277.29,Active,Independent Broker
POL-104317,2024-01-29,2025-01-28,1,2,22327.56,Active,Independent Broker
POL-104318,2024-02-04,2025-02-03,5,7,63821.65,Active,Direct Digital
POL-104319,2024-10-05,2025-10-05,1,2,24649.33,Active,Independent Broker
POL-104320,2024-07-29,2025-07-29,4,1,205702.38,Active,Direct Digital
POL-104321,2024-09-28,2025-09-28,1,6,10618.05,Active,Independent Broker
POL-104322,2024-08-09,2025-08-09,1,1,25901.2,Lapsed,Direct Digital
POL-104323,2025-02-14,2026-02-14,1,1,19084.81,Active,Independent Broker
POL-104324,2024-03-26,2025-03-26,5,1,58085.31,Active,Corporate Intermediary
POL-104325,2024-06-14,2025-06-14,1,1,18286.04,Active,Independent Broker
POL-104326,2025-03-03,2026-03-03,1,2,24622.05,Cancelled,Independent Broker
POL-104327,2024-03-15,2025-03-15,4,3,84691.1,Active,Direct Digital
POL-104328,2024-07-24,2025-07-24,1,3,24283.23,Lapsed,Independent Broker
POL-104329,2024-09-24,2025-09-24,1,1,13036.29,Active,Independent Broker
POL-104330,2025-05-04,2026-05-04,3,4,53347.87,Active,Affinity Partner
POL-104331,2024-04-12,2025-04-12,1,3,15867.38,Active,Corporate Intermediary
POL-104332,2024-04-11,2025-04-11,4,1,268725.34,Active,Corporate Intermediary
POL-104333,2024-04-10,2025-04-10,3,5,78513.57,Active,Direct Digital
POL-104334,2024-05-18,2025-05-18,2,2,16432.3,Active,Affinity Partner
POL-104335,2025-06-17,2026-06-17,3,4,52415.26,Active,Direct Digital
POL-104336,2025-04-15,2026-04-15,4,1,152692.88,Lapsed,Affinity Partner
POL-104337,2024-03-17,2025-03-17,5,3,86231.55,Active,Corporate Intermediary
POL-104338,2025-01-12,2026-01-12,3,2,76758.56,Active,Independent Broker
POL-104339,2024-09-01,2025-09-01,3,1,46426.09,Active,Independent Broker
POL-104340,2024-04-23,2025-04-23,4,2,104917.99,Active,Direct Digital
POL-104341,2024-09-12,2025-09-12,4,1,104147.75,Active,Direct Digital
POL-104342,2024-08-31,2025-08-31,1,2,13171.84,Active,Independent Broker
POL-104343,2025-03-19,2026-03-19,4,1,170191.33,Active,Direct Digital
POL-104344,2024-12-18,2025-12-18,2,1,20977.1,Active,Independent Broker
POL-104345,2024-11-15,2025-11-15,1,1,11878.46,Active,Independent Broker
POL-104346,2024-03-07,2025-03-07,5,2,149237.41,Active,Independent Broker
POL-104347,2025-06-17,2026-06-17,3,2,92258.42,Active,Independent Broker
POL-104348,2024-08-14,2025-08-14,1,1,15655.61,Active,Independent Broker
POL-104349,2024-12-14,2025-12-14,2,2,12000.58,Active,Independent Broker
POL-104350,2025-01-09,2026-01-09,2,7,14167.15,Lapsed,Corporate Intermediary
POL-104351,2024-07-07,2025-07-07,2,4,17196.87,Active,Independent Broker
POL-104352,2024-05-16,2025-05-16,5,4,111476.3,Active,Direct Digital
POL-104353,2024-01-09,2025-01-08,3,1,120273.75,Active,Corporate Intermediary
POL-104354,2024-10-08,2025-10-08,1,1,9683.54,Active,Independent Broker
POL-104355,2025-03-07,2026-03-07,1,1,10264.61,Active,Independent Broker
POL-104356,2024-04-15,2025-04-15,1,1,25482.0,Cancelled,Independent Broker
POL-104357,2024-03-01,2025-03-01,4,1,317127.49,Active,Direct Digital
POL-104358,2024-05-18,2025-05-18,3,1,42909.51,Active,Direct Digital
POL-104359,2024-04-23,2025-04-23,1,2,23870.98,Active,Direct Digital
POL-104360,2024-05-26,2025-05-26,3,1,63355.79,Active,Direct Digital
POL-104361,2024-10-11,2025-10-11,3,2,144226.73,Active,Independent Broker
POL-104362,2024-10-31,2025-10-31,1,1,14075.88,Active,Corporate Intermediary
POL-104363,2024-10-01,2025-10-01,2,3,18274.97,Active,Corporate Intermediary
POL-104364,2024-04-14,2025-04-14,5,1,209122.13,Active,Direct Digital
POL-104365,2024-11-17,2025-11-17,1,2,25461.79,Lapsed,Affinity Partner
POL-104366,2024-06-17,2025-06-17,5,4,140204.14,Active,Corporate Intermediary
POL-104367,2025-03-23,2026-03-23,2,1,16025.88,Lapsed,Independent Broker
POL-104368,2025-05-16,2026-05-16,3,1,112657.81,Active,Direct Digital
POL-104369,2024-05-10,2025-05-10,3,1,142475.5,Active,Independent Broker
POL-104370,2024-10-21,2025-10-21,5,2,91239.42,Active,Independent Broker
POL-104371,2024-05-09,2025-05-09,5,3,179361.58,Active,Independent Broker
POL-104372,2024-10-21,2025-10-21,3,3,90378.87,Active,Independent Broker
POL-104373,2024-05-11,2025-05-11,3,1,62683.77,Active,Independent Broker
POL-104374,2024-08-16,2025-08-16,1,2,13241.01,Active,Affinity Partner
POL-104375,2024-01-26,2025-01-25,4,1,188841.49,Active,Direct Digital
POL-104376,2024-05-29,2025-05-29,1,1,23112.08,Active,Affinity Partner
POL-104377,2025-03-31,2026-03-31,1,1,23081.12,Active,Independent Broker
POL-104378,2024-11-22,2025-11-22,2,3,11659.65,Active,Independent Broker
POL-104379,2025-01-16,2026-01-16,4,3,149984.96,Active,Independent Broker
POL-104380,2024-10-11,2025-10-11,1,3,24274.6,Active,Independent Broker
POL-104381,2025-03-16,2026-03-16,3,4,47763.0,Active,Corporate Intermediary
POL-104382,2025-06-16,2026-06-16,4,3,180141.95,Active,Independent Broker
POL-104383,2025-02-01,2026-02-01,2,2,13543.83,Active,Corporate Intermediary
POL-104384,2025-01-15,2026-01-15,2,1,8345.32,Active,Independent Broker
POL-104385,2024-04-05,2025-04-05,1,2,20487.67,Active,Independent Broker
POL-104386,2024-02-29,2025-02-28,1,2,13207.21,Active,Direct Digital
POL-104387,2025-05-05,2026-05-05,5,2,154714.09,Active,Independent Broker
POL-104388,2025-02-11,2026-02-11,2,1,11357.86,Active,Independent Broker
POL-104389,2024-07-03,2025-07-03,2,1,14534.75,Active,Direct Digital
POL-104390,2024-05-24,2025-05-24,1,1,13086.51,Active,Corporate Intermediary
POL-104391,2024-10-07,2025-10-07,1,2,21234.78,Active,Independent Broker
POL-104392,2024-12-16,2025-12-16,1,2,19445.78,Active,Independent Broker
POL-104393,2025-04-14,2026-04-14,2,3,20008.7,Active,Corporate Intermediary
POL-104394,2025-01-22,2026-01-22,1,1,14151.83,Active,Direct Digital
POL-104395,2024-08-06,2025-08-06,1,4,11968.14,Active,Independent Broker
POL-104396,2024-10-25,2025-10-25,2,1,20046.66,Active,Independent Broker
POL-104397,2024-05-22,2025-05-22,3,2,68710.46,Active,Affinity Partner
POL-104398,2024-05-23,2025-05-23,4,2,171115.95,Lapsed,Independent Broker
POL-104399,2024-04-02,2025-04-02,2,1,8569.08,Active,Direct Digital
POL-104400,2024-05-22,2025-05-22,1,1,14553.38,Active,Independent Broker
POL-104401,2024-06-30,2025-06-30,1,2,20825.75,Active,Corporate Intermediary
POL-104402,2025-01-26,2026-01-26,4,1,191335.57,Cancelled,Direct Digital
POL-104403,2024-08-14,2025-08-14,1,2,21925.0,Cancelled,Direct Digital
POL-104404,2024-08-24,2025-08-24,4,1,197527.36,Active,Corporate Intermediary
POL-104405,2025-01-01,2026-01-01,1,1,12080.07,Active,Independent Broker
POL-104406,2024-02-19,2025-02-18,1,3,13525.5,Active,Independent Broker
POL-104407,2024-08-19,2025-08-19,3,3,99491.2,Active,Direct Digital
POL-104408,2024-01-23,2025-01-22,1,5,19140.98,Active,Direct Digital
POL-104409,2024-05-29,2025-05-29,1,2,15775.8,Active,Direct Digital
POL-104410,2025-05-19,2026-05-19,1,3,21735.38,Active,Independent Broker
POL-104411,2024-01-03,2025-01-02,5,2,148492.41,Active,Corporate Intermediary
POL-104412,2024-08-20,2025-08-20,1,1,22620.32,Active,Corporate Intermediary
POL-104413,2024-08-10,2025-08-10,1,6,13443.06,Cancelled,Independent Broker
POL-104414,2025-04-24,2026-04-24,2,3,17803.64,Active,Independent Broker
POL-104415,2025-03-27,2026-03-27,5,1,192437.35,Active,Corporate Intermediary
POL-104416,2024-05-01,2025-05-01,4,1,306520.32,Active,Independent Broker
POL-104417,2024-04-16,2025-04-16,1,4,17002.3,Active,Affinity Partner
POL-104418,2025-03-14,2026-03-14,2,1,11955.49,Active,Independent Broker
POL-104419,2025-03-04,2026-03-04,1,1,10034.64,Active,Independent Broker
POL-104420,2024-11-24,2025-11-24,3,3,48483.4,Active,Corporate Intermediary
POL-104421,2024-03-02,2025-03-02,1,1,13632.87,Active,Independent Broker
POL-104422,2025-03-28,2026-03-28,1,2,19918.87,Active,Independent Broker
POL-104423,2024-12-09,2025-12-09,1,1,12079.17,Active,Direct Digital
POL-104424,2024-12-30,2025-12-30,3,1,50450.25,Active,Corporate Intermediary
POL-104425,2025-06-13,2026-06-13,5,1,160010.66,Active,Direct Digital
POL-104426,2025-05-24,2026-05-24,1,1,14291.5,Active,Independent Broker
POL-104427,2024-01-23,2025-01-22,1,1,24998.94,Active,Corporate Intermediary
POL-104428,2024-09-08,2025-09-08,3,7,105469.13,Lapsed,Direct Digital
POL-104429,2024-09-06,2025-09-06,4,5,92921.65,Active,Independent Broker
POL-104430,2025-05-29,2026-05-29,2,2,15653.96,Active,Independent Broker
POL-104431,2024-09-21,2025-09-21,1,3,20409.42,Active,Independent Broker
POL-104432,2025-02-26,2026-02-26,2,3,8187.78,Cancelled,Corporate Intermediary
POL-104433,2025-06-20,2026-06-20,1,1,11145.66,Active,Independent Broker
POL-104434,2024-02-01,2025-01-31,2,2,9458.61,Active,Direct Digital
POL-104435,2025-03-17,2026-03-17,2,1,19226.76,Active,Corporate Intermediary
POL-104436,2025-05-14,2026-05-14,1,1,14781.13,Active,Affinity Partner
POL-104437,2024-09-11,2025-09-11,3,2,121371.66,Active,Corporate Intermediary
POL-104438,2025-04-25,2026-04-25,2,1,14499.3,Active,Independent Broker
POL-104439,2024-06-12,2025-06-12,1,1,22951.99,Active,Independent Broker
POL-104440,2024-05-03,2025-05-03,1,1,16271.45,Active,Direct Digital
POL-104441,2025-02-27,2026-02-27,3,1,156541.97,Active,Independent Broker
POL-104442,2024-12-07,2025-12-07,1,1,23022.14,Active,Independent Broker
POL-104443,2024-05-09,2025-05-09,5,2,198888.73,Active,Direct Digital
POL-104444,2024-08-24,2025-08-24,5,2,169366.07,Active,Independent Broker
POL-104445,2024-08-08,2025-08-08,1,5,23988.31,Active,Direct Digital
POL-104446,2024-04-22,2025-04-22,2,2,19187.74,Active,Affinity Partner
POL-104447,2024-07-09,2025-07-09,1,1,14400.4,Active,Independent Broker
POL-104448,2024-01-07,2025-01-06,2,2,20620.03,Active,Independent Broker
POL-104449,2024-05-20,2025-05-20,2,1,19123.46,Active,Independent Broker
POL-104450,2025-04-14,2026-04-14,1,1,13374.92,Active,Direct Digital
POL-104451,2024-10-26,2025-10-26,2,3,16592.75,Lapsed,Affinity Partner
POL-104452,2024-05-27,2025-05-27,5,1,82821.54,Active,Corporate Intermediary
POL-104453,2024-02-27,2025-02-26,3,5,124972.9,Active,Independent Broker
POL-104454,2025-02-08,2026-02-08,3,2,132380.6,Active,Independent Broker
POL-104455,2025-02-20,2026-02-20,4,1,239371.08,Active,Corporate Intermediary
POL-104456,2025-06-16,2026-06-16,2,1,7259.95,Active,Direct Digital
POL-104457,2024-06-04,2025-06-04,1,1,24218.0,Active,Independent Broker
POL-104458,2025-05-30,2026-05-30,1,1,15958.25,Active,Affinity Partner
POL-104459,2024-07-27,2025-07-27,1,7,13085.27,Active,Independent Broker
POL-104460,2025-01-25,2026-01-25,1,3,12328.72,Cancelled,Independent Broker
POL-104461,2025-02-19,2026-02-19,3,6,129327.81,Active,Direct Digital
POL-104462,2024-01-09,2025-01-08,2,4,16545.06,Active,Direct Digital
POL-104463,2025-03-21,2026-03-21,4,1,80886.58,Cancelled,Affinity Partner
POL-104464,2024-10-13,2025-10-13,3,6,140405.32,Active,Direct Digital
POL-104465,2024-09-24,2025-09-24,4,2,262081.45,Active,Independent Broker
POL-104466,2024-08-08,2025-08-08,2,1,18583.21,Cancelled,Corporate Intermediary
POL-104467,2024-03-20,2025-03-20,1,2,14385.09,Active,Independent Broker
POL-104468,2024-03-02,2025-03-02,3,1,67574.98,Active,Independent Broker
POL-104469,2024-02-06,2025-02-05,2,1,16005.19,Active,Direct Digital
POL-104470,2024-09-04,2025-09-04,1,2,16252.94,Lapsed,Independent Broker
POL-104471,2024-08-06,2025-08-06,2,1,14409.68,Active,Direct Digital
POL-104472,2024-08-10,2025-08-10,3,1,96053.61,Active,Direct Digital
POL-104473,2024-02-13,2025-02-12,4,4,77945.45,Lapsed,Independent Broker
POL-104474,2024-11-21,2025-11-21,2,1,13373.83,Active,Corporate Intermediary
POL-104475,2024-09-25,2025-09-25,1,1,25377.89,Active,Direct Digital
POL-104476,2025-04-18,2026-04-18,4,1,174175.62,Active,Independent Broker
POL-104477,2024-07-28,2025-07-28,3,5,54134.02,Active,Independent Broker
POL-104478,2025-02-02,2026-02-02,2,3,20693.17,Active,Independent Broker
POL-104479,2025-04-26,2026-04-26,2,2,12116.22,Active,Independent Broker
POL-104480,2024-07-22,2025-07-22,1,2,10677.04,Active,Independent Broker
POL-104481,2024-01-29,2025-01-28,2,3,10061.84,Active,Independent Broker
POL-104482,2024-03-09,2025-03-09,4,2,178385.59,Active,Direct Digital
POL-104483,2025-01-13,2026-01-13,1,2,25210.43,Cancelled,Independent Broker
POL-104484,2025-06-05,2026-06-05,1,1,12211.25,Active,Direct Digital
POL-104485,2025-04-24,2026-04-24,5,5,131936.23,Active,Direct Digital
POL-104486,2024-12-04,2025-12-04,3,1,151625.6,Active,Independent Broker
POL-104487,2024-08-01,2025-08-01,1,7,12919.26,Active,Independent Broker
POL-104488,2024-07-28,2025-07-28,1,2,12531.82,Active,Independent Broker
POL-104489,2024-08-15,2025-08-15,1,2,10741.97,Active,Independent Broker
POL-104490,2024-03-03,2025-03-03,1,2,11662.82,Active,Affinity Partner
POL-104491,2025-03-12,2026-03-12,1,1,9672.46,Active,Corporate Intermediary
POL-104492,2024-01-08,2025-01-07,3,3,151015.21,Active,Independent Broker
POL-104493,2024-01-09,2025-01-08,4,2,262553.8,Active,Corporate Intermediary
POL-104494,2024-06-19,2025-06-19,3,2,97358.84,Lapsed,Affinity Partner
POL-104495,2024-04-28,2025-04-28,1,7,17820.71,Active,Direct Digital
POL-104496,2025-05-07,2026-05-07,4,3,300777.72,Active,Corporate Intermediary
POL-104497,2024-03-03,2025-03-03,1,2,24481.36,Active,Direct Digital
POL-104498,2024-05-24,2025-05-24,5,1,73938.09,Active,Direct Digital
POL-104499,2024-08-09,2025-08-09,4,1,160455.7,Active,Corporate Intermediary
POL-104500,2025-04-02,2026-04-02,3,1,131372.17,Active,Corporate Intermediary
POL-104501,2025-03-13,2026-03-13,1,5,19105.83,Active,Direct Digital
POL-104502,2025-01-08,2026-01-08,5,4,123865.42,Active,Independent Broker
POL-104503,2025-04-11,2026-04-11,2,1,7761.55,Active,Independent Broker
POL-104504,2025-06-20,2026-06-20,1,1,14316.18,Active,Direct Digital
POL-104505,2025-01-10,2026-01-10,1,1,24953.17,Active,Affinity Partner
POL-104506,2025-01-23,2026-01-23,4,6,164309.67,Active,Independent Broker
POL-104507,2024-07-05,2025-07-05,1,1,19103.07,Active,Direct Digital
POL-104508,2024-01-14,2025-01-13,2,1,12193.47,Active,Independent Broker
POL-104509,2025-03-07,2026-03-07,1,7,11469.89,Active,Independent Broker
POL-104510,2024-04-27,2025-04-27,1,2,10209.13,Active,Direct Digital
POL-104511,2025-02-10,2026-02-10,5,1,121240.03,Active,Direct Digital
POL-104512,2025-02-14,2026-02-14,2,3,15091.12,Active,Direct Digital
POL-104513,2025-04-24,2026-04-24,2,3,13488.86,Active,Corporate Intermediary
POL-104514,2024-08-13,2025-08-13,2,1,14204.88,Active,Independent Broker
POL-104515,2024-04-01,2025-04-01,4,1,101410.25,Active,Independent Broker
POL-104516,2024-04-03,2025-04-03,1,2,13576.44,Lapsed,Independent Broker
POL-104517,2025-02-27,2026-02-27,4,2,284000.62,Active,Direct Digital
POL-104518,2024-06-08,2025-06-08,1,1,11102.56,Cancelled,Independent Broker
POL-104519,2024-05-22,2025-05-22,4,2,178704.24,Active,Independent Broker
POL-104520,2024-11-13,2025-11-13,2,3,11796.4,Active,Independent Broker
POL-104521,2024-06-19,2025-06-19,5,3,163867.79,Active,Direct Digital
POL-104522,2024-02-05,2025-02-04,4,6,240448.82,Active,Independent Broker
POL-104523,2024-02-20,2025-02-19,1,1,20531.25,Active,Direct Digital
POL-104524,2024-03-29,2025-03-29,4,1,212072.19,Active,Direct Digital
POL-104525,2024-05-26,2025-05-26,3,1,89276.04,Active,Independent Broker
POL-104526,2024-07-21,2025-07-21,1,2,24337.05,Active,Affinity Partner
POL-104527,2025-01-25,2026-01-25,4,6,261843.66,Lapsed,Corporate Intermediary
POL-104528,2024-04-01,2025-04-01,1,1,21447.06,Active,Independent Broker
POL-104529,2024-08-28,2025-08-28,1,3,16871.22,Active,Direct Digital
POL-104530,2024-11-13,2025-11-13,3,1,62471.84,Active,Affinity Partner
POL-104531,2024-12-09,2025-12-09,4,1,90794.9,Active,Affinity Partner
POL-104532,2024-07-03,2025-07-03,4,5,87390.23,Active,Direct Digital
POL-104533,2024-09-25,2025-09-25,5,1,157670.73,Active,Direct Digital
POL-104534,2025-03-03,2026-03-03,2,1,14566.3,Active,Independent Broker
POL-104535,2024-03-25,2025-03-25,1,1,20659.82,Active,Direct Digital
POL-104536,2024-11-06,2025-11-06,5,2,202002.01,Cancelled,Corporate Intermediary
POL-104537,2024-01-04,2025-01-03,2,6,10239.97,Cancelled,Corporate Intermediary
POL-104538,2024-03-31,2025-03-31,1,2,20766.44,Lapsed,Independent Broker
POL-104539,2024-09-07,2025-09-07,1,4,16695.47,Lapsed,Independent Broker
POL-104540,2025-05-30,2026-05-30,2,1,8506.37,Active,Direct Digital
POL-104541,2024-11-11,2025-11-11,1,4,16523.93,Active,Affinity Partner
POL-104542,2024-12-30,2025-12-30,4,1,260579.69,Active,Corporate Intermediary
POL-104543,2025-03-13,2026-03-13,3,5,144279.33,Active,Independent Broker
POL-104544,2024-05-08,2025-05-08,4,3,207959.74,Lapsed,Independent Broker
POL-104545,2024-08-29,2025-08-29,2,3,14458.31,Active,Independent Broker
POL-104546,2024-03-30,2025-03-30,5,4,117407.08,Active,Independent Broker
POL-104547,2025-04-15,2026-04-15,2,1,15371.32,Active,Independent Broker
POL-104548,2025-03-30,2026-03-30,3,5,102755.69,Active,Independent Broker
POL-104549,2025-04-03,2026-04-03,4,2,95978.19,Active,Corporate Intermediary
POL-104550,2024-06-22,2025-06-22,1,3,24635.14,Active,Corporate Intermediary
POL-104551,2024-01-01,2024-12-31,2,1,15214.77,Active,Independent Broker
POL-104552,2024-04-18,2025-04-18,1,2,15198.93,Active,Independent Broker
POL-104553,2025-03-20,2026-03-20,2,3,18736.05,Active,Direct Digital
POL-104554,2024-07-11,2025-07-11,3,2,155231.86,Active,Independent Broker
POL-104555,2024-03-15,2025-03-15,5,1,71215.74,Active,Corporate Intermediary
POL-104556,2025-01-31,2026-01-31,2,2,14809.82,Active,Direct Digital
POL-104557,2024-05-22,2025-05-22,4,2,287513.63,Active,Direct Digital
POL-104558,2025-03-27,2026-03-27,1,4,11472.07,Cancelled,Independent Broker
POL-104559,2024-02-10,2025-02-09,1,4,15521.4,Active,Independent Broker
POL-104560,2024-07-07,2025-07-07,1,1,19347.6,Active,Independent Broker
POL-104561,2025-04-02,2026-04-02,3,3,83250.53,Active,Direct Digital
POL-104562,2024-08-26,2025-08-26,4,1,264615.65,Active,Direct Digital
POL-104563,2024-04-14,2025-04-14,5,1,107782.22,Active,Independent Broker
POL-104564,2025-02-04,2026-02-04,4,1,195884.86,Active,Corporate Intermediary
POL-104565,2024-01-24,2025-01-23,2,4,16075.17,Active,Affinity Partner
POL-104566,2024-06-14,2025-06-14,1,1,16292.42,Active,Direct Digital
POL-104567,2024-01-17,2025-01-16,2,1,19432.81,Active,Affinity Partner
POL-104568,2024-07-19,2025-07-19,1,1,22923.13,Active,Affinity Partner
POL-104569,2025-03-09,2026-03-09,1,1,21108.68,Active,Independent Broker
POL-104570,2025-04-25,2026-04-25,5,4,99007.66,Active,Corporate Intermediary
POL-104571,2025-05-21,2026-05-21,4,1,272656.11,Active,Independent Broker
POL-104572,2025-01-11,2026-01-11,2,5,17922.22,Active,Direct Digital
POL-104573,2025-01-24,2026-01-24,3,3,135100.33,Active,Independent Broker
POL-104574,2025-01-16,2026-01-16,1,1,15017.02,Active,Independent Broker
POL-104575,2025-03-15,2026-03-15,3,3,120193.88,Active,Affinity Partner
POL-104576,2025-06-10,2026-06-10,1,4,21859.63,Active,Direct Digital
POL-104577,2024-10-30,2025-10-30,3,6,143025.66,Active,Affinity Partner
POL-104578,2025-03-15,2026-03-15,4,1,284395.62,Active,Direct Digital
POL-104579,2025-02-05,2026-02-05,2,3,11522.02,Active,Corporate Intermediary
POL-104580,2025-04-16,2026-04-16,3,2,103893.94,Active,Independent Broker
POL-104581,2024-10-24,2025-10-24,1,1,22279.49,Active,Corporate Intermediary
POL-104582,2024-08-11,2025-08-11,4,4,136696.45,Active,Affinity Partner
POL-104583,2025-03-16,2026-03-16,4,5,157618.04,Active,Independent Broker
POL-104584,2024-11-08,2025-11-08,2,1,12184.26,Active,Independent Broker
POL-104585,2024-10-02,2025-10-02,2,2,9479.55,Active,Direct Digital
POL-104586,2024-07-20,2025-07-20,2,1,19865.17,Active,Corporate Intermediary
POL-104587,2024-02-16,2025-02-15,4,2,184474.96,Lapsed,Independent Broker
POL-104588,2024-05-25,2025-05-25,4,2,141062.07,Active,Independent Broker
POL-104589,2024-01-05,2025-01-04,1,3,24776.17,Active,Direct Digital
POL-104590,2024-12-25,2025-12-25,1,2,10230.61,Active,Independent Broker
POL-104591,2024-01-05,2025-01-04,2,2,7519.6,Active,Independent Broker
POL-104592,2024-11-15,2025-11-15,1,2,13322.4,Active,Affinity Partner
POL-104593,2024-09-28,2025-09-28,5,5,166732.98,Active,Corporate Intermediary
POL-104594,2025-05-18,2026-05-18,4,7,155999.88,Active,Independent Broker
POL-104595,2024-04-12,2025-04-12,1,1,13519.61,Active,Direct Digital
POL-104596,2024-06-19,2025-06-19,2,2,9748.18,Active,Direct Digital
POL-104597,2025-03-20,2026-03-20,4,2,296997.12,Active,Independent Broker
POL-104598,2024-02-22,2025-02-21,3,2,100517.4,Active,Independent Broker
POL-104599,2024-12-24,2025-12-24,2,1,11922.66,Active,Independent Broker
POL-104600,2025-03-17,2026-03-17,1,3,23110.27,Active,Independent Broker
POL-104601,2024-11-27,2025-11-27,1,1,17416.84,Lapsed,Independent Broker
POL-104602,2025-01-01,2026-01-01,2,7,16642.83,Active,Independent Broker
POL-104603,2025-03-03,2026-03-03,1,2,12658.22,Active,Independent Broker
POL-104604,2024-07-23,2025-07-23,1,2,13702.95,Active,Corporate Intermediary
POL-104605,2024-03-29,2025-03-29,4,2,278461.56,Active,Independent Broker
POL-104606,2024-06-19,2025-06-19,5,2,93745.78,Active,Corporate Intermediary
POL-104607,2024-01-30,2025-01-29,3,1,104034.85,Active,Corporate Intermediary
POL-104608,2025-03-28,2026-03-28,2,1,7394.8,Active,Direct Digital
POL-104609,2024-08-27,2025-08-27,1,3,23249.03,Active,Corporate Intermediary
POL-104610,2024-08-28,2025-08-28,4,3,157326.65,Active,Independent Broker
POL-104611,2024-03-01,2025-03-01,2,2,7648.31,Active,Independent Broker
POL-104612,2024-05-26,2025-05-26,1,5,21143.94,Active,Direct Digital
POL-104613,2024-04-12,2025-04-12,1,7,13131.13,Active,Corporate Intermediary
POL-104614,2024-02-09,2025-02-08,2,3,11949.36,Lapsed,Independent Broker
POL-104615,2024-06-04,2025-06-04,1,1,15656.48,Active,Independent Broker
POL-104616,2025-01-10,2026-01-10,1,5,11973.94,Active,Independent Broker
POL-104617,2024-04-19,2025-04-19,1,1,11773.24,Active,Independent Broker
POL-104618,2025-01-22,2026-01-22,2,1,15568.02,Active,Independent Broker
POL-104619,2024-10-26,2025-10-26,4,1,258379.3,Active,Direct Digital
POL-104620,2024-03-28,2025-03-28,3,5,65968.55,Active,Independent Broker
POL-104621,2025-01-16,2026-01-16,1,1,24140.22,Active,Corporate Intermediary
POL-104622,2025-05-10,2026-05-10,3,1,122028.03,Active,Direct Digital
POL-104623,2024-05-30,2025-05-30,4,3,103099.61,Active,Independent Broker
POL-104624,2024-05-09,2025-05-09,2,2,18362.79,Lapsed,Direct Digital
POL-104625,2024-06-14,2025-06-14,3,1,141338.64,Active,Independent Broker
POL-104626,2024-02-24,2025-02-23,5,3,133159.2,Active,Direct Digital
POL-104627,2024-04-10,2025-04-10,4,3,135315.47,Active,Direct Digital
POL-104628,2024-11-25,2025-11-25,2,1,16575.68,Active,Independent Broker
POL-104629,2024-01-28,2025-01-27,2,1,14995.34,Active,Independent Broker
POL-104630,2025-03-28,2026-03-28,4,1,159832.99,Active,Independent Broker
POL-104631,2024-03-23,2025-03-23,2,1,7979.42,Active,Direct Digital
POL-104632,2024-06-30,2025-06-30,1,1,22328.27,Active,Corporate Intermediary
POL-104633,2024-09-06,2025-09-06,3,3,107484.28,Active,Direct Digital
POL-104634,2024-11-13,2025-11-13,4,2,290721.95,Active,Independent Broker
POL-104635,2025-02-13,2026-02-13,2,7,12673.09,Active,Corporate Intermediary
POL-104636,2024-10-05,2025-10-05,1,3,22406.29,Active,Direct Digital
POL-104637,2025-04-15,2026-04-15,4,2,147911.37,Active,Independent Broker
POL-104638,2024-05-29,2025-05-29,1,2,18483.94,Active,Direct Digital
POL-104639,2024-09-06,2025-09-06,3,4,57595.17,Active,Direct Digital
POL-104640,2024-11-17,2025-11-17,1,1,13610.9,Active,Direct Digital
POL-104641,2024-11-13,2025-11-13,1,1,9647.92,Active,Independent Broker
POL-104642,2024-06-22,2025-06-22,2,1,9598.61,Active,Independent Broker
POL-104643,2024-03-19,2025-03-19,5,5,115745.05,Active,Corporate Intermediary
POL-104644,2025-02-24,2026-02-24,1,2,23393.98,Active,Independent Broker
POL-104645,2024-03-29,2025-03-29,4,5,192326.61,Active,Independent Broker
POL-104646,2024-01-13,2025-01-12,2,6,14241.87,Active,Independent Broker
POL-104647,2025-03-14,2026-03-14,3,1,47448.41,Active,Direct Digital
POL-104648,2024-09-20,2025-09-20,4,6,99432.17,Active,Independent Broker
POL-104649,2024-01-10,2025-01-09,2,1,13185.08,Active,Independent Broker
POL-104650,2024-01-29,2025-01-28,4,4,205617.57,Active,Direct Digital
POL-104651,2024-08-09,2025-08-09,2,1,14501.39,Active,Direct Digital
POL-104652,2024-03-23,2025-03-23,4,1,270644.15,Active,Direct Digital
POL-104653,2025-01-07,2026-01-07,2,3,13722.03,Active,Independent Broker
POL-104654,2025-02-02,2026-02-02,1,3,12651.46,Active,Direct Digital
POL-104655,2025-03-25,2026-03-25,2,6,16644.1,Active,Corporate Intermediary
POL-104656,2025-05-28,2026-05-28,3,2,130509.86,Active,Direct Digital
POL-104657,2024-12-28,2025-12-28,2,1,9055.71,Active,Corporate Intermediary
POL-104658,2025-03-27,2026-03-27,3,1,152914.76,Active,Independent Broker
POL-104659,2025-04-14,2026-04-14,1,1,18529.32,Active,Independent Broker
POL-104660,2024-10-20,2025-10-20,1,1,21562.79,Active,Independent Broker
POL-104661,2024-10-22,2025-10-22,4,2,310546.62,Active,Corporate Intermediary
POL-104662,2025-01-25,2026-01-25,1,3,16557.91,Active,Direct Digital
POL-104663,2024-04-23,2025-04-23,1,2,16423.97,Active,Direct Digital
POL-104664,2024-04-14,2025-04-14,2,1,11278.2,Active,Independent Broker
POL-104665,2025-03-07,2026-03-07,1,2,13895.68,Active,Direct Digital
POL-104666,2024-11-16,2025-11-16,2,3,20682.01,Active,Independent Broker
POL-104667,2025-05-09,2026-05-09,1,1,15789.43,Active,Affinity Partner
POL-104668,2024-01-04,2025-01-03,1,1,18477.05,Active,Independent Broker
POL-104669,2024-08-21,2025-08-21,2,6,10332.78,Active,Corporate Intermediary
POL-104670,2024-07-04,2025-07-04,5,1,182508.94,Active,Affinity Partner
POL-104671,2024-04-26,2025-04-26,4,4,116078.45,Lapsed,Independent Broker
POL-104672,2024-08-16,2025-08-16,2,1,7802.8,Active,Independent Broker
POL-104673,2024-05-28,2025-05-28,3,1,51670.81,Active,Direct Digital
POL-104674,2024-06-09,2025-06-09,2,2,8912.27,Active,Direct Digital
POL-104675,2024-04-26,2025-04-26,2,5,15250.77,Cancelled,Independent Broker
POL-104676,2024-02-24,2025-02-23,3,2,121903.13,Active,Independent Broker
POL-104677,2025-06-17,2026-06-17,4,1,278994.54,Active,Direct Digital
POL-104678,2025-04-04,2026-04-04,4,3,88935.65,Active,Corporate Intermediary
POL-104679,2024-04-19,2025-04-19,3,1,55024.7,Active,Independent Broker
POL-104680,2024-12-09,2025-12-09,2,2,14331.62,Active,Independent Broker
POL-104681,2024-04-14,2025-04-14,1,2,10862.3,Active,Corporate Intermediary
POL-104682,2024-11-16,2025-11-16,2,1,8507.04,Active,Corporate Intermediary
POL-104683,2024-06-21,2025-06-21,4,2,315362.11,Active,Independent Broker
POL-104684,2024-07-01,2025-07-01,5,7,120451.02,Active,Independent Broker
POL-104685,2025-02-24,2026-02-24,1,3,24587.24,Active,Direct Digital
POL-104686,2024-08-04,2025-08-04,3,5,125842.23,Active,Corporate Intermediary
POL-104687,2024-02-24,2025-02-23,2,3,20696.81,Active,Direct Digital
POL-104688,2024-07-31,2025-07-31,4,1,197399.82,Active,Independent Broker
POL-104689,2024-07-12,2025-07-12,4,5,117076.43,Active,Corporate Intermediary
POL-104690,2024-07-18,2025-07-18,2,1,18272.16,Active,Independent Broker
POL-104691,2025-06-23,2026-06-23,2,1,15181.86,Active,Direct Digital
POL-104692,2024-02-27,2025-02-26,1,2,20629.91,Active,Independent Broker
POL-104693,2025-01-15,2026-01-15,3,7,81283.18,Active,Independent Broker
POL-104694,2024-08-28,2025-08-28,4,3,299681.97,Active,Corporate Intermediary
POL-104695,2024-06-05,2025-06-05,3,1,159904.48,Active,Independent Broker
POL-104696,2024-05-28,2025-05-28,2,7,20462.82,Active,Independent Broker
POL-104697,2024-10-05,2025-10-05,1,3,21089.25,Active,Independent Broker
POL-104698,2024-03-09,2025-03-09,4,6,281545.47,Lapsed,Corporate Intermediary
POL-104699,2025-05-20,2026-05-20,2,1,19683.53,Active,Independent Broker
POL-104700,2024-07-05,2025-07-05,5,1,118988.73,Active,Independent Broker
POL-104701,2025-02-08,2026-02-08,1,3,19411.04,Active,Direct Digital
POL-104702,2024-07-31,2025-07-31,5,7,144325.98,Active,Direct Digital
POL-104703,2025-02-02,2026-02-02,1,7,10464.63,Active,Corporate Intermediary
POL-104704,2025-04-26,2026-04-26,4,2,202722.53,Active,Corporate Intermediary
POL-104705,2024-02-17,2025-02-16,4,3,180019.01,Active,Independent Broker
POL-104706,2025-04-20,2026-04-20,1,4,14152.07,Active,Independent Broker
POL-104707,2024-06-29,2025-06-29,4,1,187921.05,Active,Corporate Intermediary
POL-104708,2024-12-02,2025-12-02,4,7,301803.67,Active,Independent Broker
POL-104709,2024-03-09,2025-03-09,1,1,25393.05,Active,Affinity Partner
POL-104710,2025-04-08,2026-04-08,1,2,20955.53,Active,Independent Broker
POL-104711,2024-10-27,2025-10-27,1,5,24686.06,Active,Independent Broker
POL-104712,2024-06-23,2025-06-23,5,1,65989.79,Active,Corporate Intermediary
POL-104713,2024-08-23,2025-08-23,1,2,20648.83,Active,Independent Broker
POL-104714,2025-03-20,2026-03-20,2,1,19644.67,Active,Independent Broker
POL-104715,2024-11-13,2025-11-13,2,1,9521.1,Active,Independent Broker
POL-104716,2024-10-04,2025-10-04,1,4,25758.1,Active,Independent Broker
POL-104717,2024-09-07,2025-09-07,5,2,51244.89,Active,Independent Broker
POL-104718,2024-12-25,2025-12-25,4,1,103913.76,Active,Independent Broker
POL-104719,2024-03-07,2025-03-07,2,2,20857.77,Active,Corporate Intermediary
POL-104720,2024-10-18,2025-10-18,1,1,17717.88,Active,Independent Broker
POL-104721,2024-03-07,2025-03-07,1,2,10238.47,Active,Independent Broker
POL-104722,2024-11-03,2025-11-03,2,1,16644.41,Active,Independent Broker
POL-104723,2024-07-02,2025-07-02,2,1,16410.08,Active,Direct Digital
POL-104724,2024-07-23,2025-07-23,2,2,11609.44,Active,Independent Broker
POL-104725,2024-06-28,2025-06-28,1,4,25291.69,Active,Independent Broker
POL-104726,2025-01-25,2026-01-25,2,3,16362.72,Cancelled,Independent Broker
POL-104727,2024-06-20,2025-06-20,3,2,69579.86,Active,Direct Digital
POL-104728,2024-09-13,2025-09-13,1,1,19851.85,Active,Corporate Intermediary
POL-104729,2024-01-17,2025-01-16,4,1,266943.2,Active,Direct Digital
POL-104730,2024-06-01,2025-06-01,2,1,12423.94,Active,Independent Broker
POL-104731,2024-07-11,2025-07-11,1,2,12737.57,Active,Independent Broker
POL-104732,2024-08-23,2025-08-23,1,1,13022.47,Active,Affinity Partner
POL-104733,2025-06-23,2026-06-23,2,2,19654.91,Active,Direct Digital
POL-104734,2025-03-21,2026-03-21,5,2,188029.01,Active,Direct Digital
POL-104735,2024-06-29,2025-06-29,2,4,20237.06,Active,Independent Broker
POL-104736,2025-04-05,2026-04-05,1,1,15176.42,Active,Independent Broker
POL-104737,2024-12-21,2025-12-21,1,7,23582.06,Active,Affinity Partner
POL-104738,2025-01-17,2026-01-17,4,1,290388.8,Lapsed,Corporate Intermediary
POL-104739,2024-01-09,2025-01-08,1,3,16601.49,Lapsed,Corporate Intermediary
POL-104740,2025-03-08,2026-03-08,2,2,10091.5,Active,Corporate Intermediary
POL-104741,2025-04-26,2026-04-26,2,2,7818.26,Active,Corporate Intermediary
POL-104742,2025-06-19,2026-06-19,1,1,10217.22,Active,Independent Broker
POL-104743,2024-10-07,2025-10-07,1,3,17942.0,Active,Affinity Partner
POL-104744,2024-10-18,2025-10-18,5,6,153788.5,Active,Independent Broker
POL-104745,2025-03-20,2026-03-20,2,2,15328.79,Active,Direct Digital
POL-104746,2024-01-17,2025-01-16,2,5,8669.59,Active,Corporate Intermediary
POL-104747,2024-01-23,2025-01-22,2,3,7910.57,Active,Independent Broker
POL-104748,2024-03-25,2025-03-25,1,1,25399.33,Active,Independent Broker
POL-104749,2025-04-03,2026-04-03,1,2,16031.9,Active,Independent Broker
POL-104750,2024-11-29,2025-11-29,1,4,15154.79,Active,Independent Broker
POL-104751,2024-01-21,2025-01-20,4,1,169168.06,Active,Direct Digital
POL-104752,2024-07-04,2025-07-04,1,1,20986.43,Cancelled,Independent Broker
POL-104753,2025-03-21,2026-03-21,3,3,80664.61,Lapsed,Affinity Partner
POL-104754,2024-10-11,2025-10-11,2,7,19748.77,Active,Corporate Intermediary
POL-104755,2025-02-22,2026-02-22,5,3,184467.93,Active,Independent Broker
POL-104756,2024-02-16,2025-02-15,1,6,21890.0,Active,Direct Digital
POL-104757,2025-03-21,2026-03-21,1,2,23235.6,Active,Direct Digital
POL-104758,2024-12-05,2025-12-05,2,1,11349.15,Active,Direct Digital
POL-104759,2024-02-27,2025-02-26,4,1,207034.74,Active,Affinity Partner
POL-104760,2025-03-14,2026-03-14,5,1,178446.88,Active,Independent Broker
POL-104761,2024-03-14,2025-03-14,4,2,261344.83,Active,Independent Broker
POL-104762,2024-09-07,2025-09-07,5,6,119224.66,Active,Direct Digital
POL-104763,2025-01-29,2026-01-29,1,2,17999.24,Active,Independent Broker
POL-104764,2024-03-27,2025-03-27,1,7,10903.25,Active,Independent Broker
POL-104765,2025-01-21,2026-01-21,4,2,95594.5,Active,Independent Broker
POL-104766,2024-01-02,2025-01-01,5,1,159259.07,Active,Independent Broker
POL-104767,2025-05-16,2026-05-16,2,2,14433.7,Active,Direct Digital
POL-104768,2024-08-09,2025-08-09,2,2,12926.36,Active,Direct Digital
POL-104769,2025-03-08,2026-03-08,1,1,14586.33,Active,Independent Broker
POL-104770,2024-09-21,2025-09-21,2,3,17976.19,Active,Independent Broker
POL-104771,2024-09-07,2025-09-07,1,1,18410.36,Active,Direct Digital
POL-104772,2024-08-15,2025-08-15,2,2,16578.86,Active,Independent Broker
POL-104773,2024-02-18,2025-02-17,2,1,18767.14,Lapsed,Independent Broker
POL-104774,2024-12-31,2025-12-31,2,2,19428.76,Active,Independent Broker
POL-104775,2024-05-19,2025-05-19,2,1,20216.17,Active,Independent Broker
POL-104776,2024-02-12,2025-02-11,3,4,148404.0,Active,Corporate Intermediary
POL-104777,2025-05-15,2026-05-15,3,1,134459.68,Cancelled,Corporate Intermediary
POL-104778,2024-10-06,2025-10-06,4,1,234265.49,Lapsed,Corporate Intermediary
POL-104779,2024-12-08,2025-12-08,1,3,15407.92,Active,Independent Broker
POL-104780,2024-09-16,2025-09-16,1,7,22457.73,Active,Independent Broker
POL-104781,2025-05-01,2026-05-01,2,1,10858.91,Active,Affinity Partner
POL-104782,2025-05-06,2026-05-06,2,2,12094.74,Active,Independent Broker
POL-104783,2024-07-23,2025-07-23,2,1,8249.23,Active,Corporate Intermediary
POL-104784,2024-07-31,2025-07-31,1,4,19249.11,Active,Independent Broker
POL-104785,2024-02-17,2025-02-16,3,1,129140.03,Active,Independent Broker
POL-104786,2024-12-31,2025-12-31,5,3,75502.57,Active,Independent Broker
POL-104787,2024-12-17,2025-12-17,1,3,25724.33,Active,Independent Broker
POL-104788,2025-03-08,2026-03-08,2,1,11919.0,Active,Direct Digital
POL-104789,2024-05-13,2025-05-13,2,2,20777.18,Active,Affinity Partner
POL-104790,2024-01-14,2025-01-13,1,1,17249.21,Active,Independent Broker
POL-104791,2024-03-21,2025-03-21,1,1,21664.04,Active,Independent Broker
POL-104792,2025-01-05,2026-01-05,2,1,8285.57,Active,Independent Broker
POL-104793,2025-02-12,2026-02-12,2,1,8397.34,Active,Corporate Intermediary
POL-104794,2025-05-29,2026-05-29,1,6,25371.25,Active,Direct Digital
POL-104795,2025-03-12,2026-03-12,1,1,21574.73,Active,Independent Broker
POL-104796,2024-04-05,2025-04-05,3,4,132165.55,Active,Independent Broker
POL-104797,2024-01-01,2024-12-31,2,6,13569.5,Active,Independent Broker
POL-104798,2025-01-27,2026-01-27,3,1,125564.04,Active,Independent Broker
POL-104799,2024-05-16,2025-05-16,2,2,11934.69,Active,Independent Broker
POL-104800,2025-06-23,2026-06-23,4,4,91610.85,Active,Independent Broker
POL-104801,2024-08-25,2025-08-25,1,6,12559.88,Active,Independent Broker
POL-104802,2024-10-19,2025-10-19,1,2,14163.13,Active,Direct Digital
POL-104803,2025-03-08,2026-03-08,1,1,10700.2,Active,Direct Digital
POL-104804,2024-03-31,2025-03-31,3,2,86379.38,Active,Independent Broker
POL-104805,2024-09-06,2025-09-06,1,3,19288.8,Active,Independent Broker
POL-104806,2025-05-27,2026-05-27,2,1,10803.87,Active,Independent Broker
POL-104807,2024-05-11,2025-05-11,1,1,14967.96,Active,Direct Digital
POL-104808,2024-06-19,2025-06-19,5,1,183125.48,Active,Direct Digital
POL-104809,2024-12-31,2025-12-31,1,3,24618.74,Active,Corporate Intermediary
POL-104810,2025-02-20,2026-02-20,2,1,19974.26,Active,Independent Broker
POL-104811,2024-04-07,2025-04-07,1,1,25497.74,Lapsed,Direct Digital
POL-104812,2024-07-11,2025-07-11,1,1,15427.6,Active,Direct Digital
POL-104813,2025-03-04,2026-03-04,5,2,140866.99,Active,Direct Digital
POL-104814,2025-06-23,2026-06-23,5,3,111995.58,Active,Direct Digital
POL-104815,2024-12-01,2025-12-01,2,4,18332.89,Active,Independent Broker
POL-104816,2024-11-06,2025-11-06,5,5,184921.03,Active,Direct Digital
POL-104817,2025-01-19,2026-01-19,2,2,18345.58,Active,Affinity Partner
POL-104818,2024-04-23,2025-04-23,2,2,11963.23,Active,Direct Digital
POL-104819,2024-07-29,2025-07-29,1,3,13213.56,Active,Affinity Partner
POL-104820,2024-04-03,2025-04-03,3,6,132320.67,Active,Affinity Partner
POL-104821,2024-03-07,2025-03-07,1,2,12700.89,Active,Independent Broker
POL-104822,2024-06-26,2025-06-26,2,1,8618.59,Active,Independent Broker
POL-104823,2025-04-19,2026-04-19,5,1,216272.74,Active,Corporate Intermediary
POL-104824,2024-04-14,2025-04-14,1,1,18046.17,Active,Affinity Partner
POL-104825,2024-10-29,2025-10-29,1,1,14449.86,Active,Direct Digital
POL-104826,2024-03-26,2025-03-26,2,4,12117.75,Active,Direct Digital
POL-104827,2024-03-05,2025-03-05,2,1,7738.08,Active,Independent Broker
POL-104828,2024-01-11,2025-01-10,2,2,14552.97,Active,Direct Digital
POL-104829,2024-02-18,2025-02-17,4,6,174780.44,Active,Independent Broker
POL-104830,2024-11-16,2025-11-16,2,2,12813.53,Active,Independent Broker
POL-104831,2024-11-08,2025-11-08,2,1,8851.58,Active,Affinity Partner
POL-104832,2024-04-10,2025-04-10,1,2,24995.66,Active,Independent Broker
POL-104833,2024-12-15,2025-12-15,1,1,16438.41,Active,Affinity Partner
POL-104834,2024-04-15,2025-04-15,1,2,25535.86,Lapsed,Independent Broker
POL-104835,2025-01-24,2026-01-24,4,4,97854.44,Active,Corporate Intermediary
POL-104836,2025-06-23,2026-06-23,4,1,114209.14,Active,Corporate Intermediary
POL-104837,2024-05-06,2025-05-06,2,3,9151.26,Active,Affinity Partner
POL-104838,2024-06-04,2025-06-04,4,1,230040.82,Active,Affinity Partner
POL-104839,2025-02-15,2026-02-15,1,4,22427.49,Active,Independent Broker
POL-104840,2025-01-25,2026-01-25,1,1,18276.88,Active,Independent Broker
POL-104841,2024-03-29,2025-03-29,5,1,51890.81,Active,Direct Digital
POL-104842,2024-12-26,2025-12-26,3,1,131687.48,Active,Independent Broker
POL-104843,2024-07-25,2025-07-25,1,1,10100.29,Cancelled,Independent Broker
POL-104844,2024-09-30,2025-09-30,3,2,114650.78,Active,Direct Digital
POL-104845,2024-07-14,2025-07-14,3,2,152834.52,Active,Independent Broker
POL-104846,2024-10-29,2025-10-29,2,1,19633.35,Active,Independent Broker
POL-104847,2025-06-08,2026-06-08,4,1,248091.78,Active,Independent Broker
POL-104848,2025-06-12,2026-06-12,2,1,18322.99,Active,Independent Broker
POL-104849,2024-06-26,2025-06-26,1,1,9809.82,Active,Corporate Intermediary
POL-104850,2025-05-03,2026-05-03,1,2,25255.76,Active,Affinity Partner
POL-104851,2024-12-15,2025-12-15,1,6,19104.98,Active,Direct Digital
POL-104852,2025-05-29,2026-05-29,5,3,135860.11,Active,Affinity Partner
POL-104853,2024-09-22,2025-09-22,1,1,11137.8,Active,Independent Broker
POL-104854,2024-12-28,2025-12-28,2,1,10243.69,Active,Independent Broker
POL-104855,2025-06-06,2026-06-06,2,6,19345.01,Active,Independent Broker
POL-104856,2024-08-31,2025-08-31,1,1,15985.39,Lapsed,Independent Broker
POL-104857,2024-05-11,2025-05-11,1,3,9977.69,Active,Direct Digital
POL-104858,2024-07-17,2025-07-17,3,2,43076.34,Active,Corporate Intermediary
POL-104859,2024-10-10,2025-10-10,4,7,184568.05,Lapsed,Corporate Intermediary
POL-104860,2024-01-16,2025-01-15,1,3,9873.49,Active,Corporate Intermediary
POL-104861,2024-09-19,2025-09-19,3,3,136121.39,Active,Independent Broker
POL-104862,2024-06-21,2025-06-21,5,3,99274.21,Active,Independent Broker
POL-104863,2024-05-04,2025-05-04,1,2,22865.62,Active,Affinity Partner
POL-104864,2024-08-26,2025-08-26,2,2,8968.41,Active,Independent Broker
POL-104865,2024-04-05,2025-04-05,5,2,130619.46,Active,Corporate Intermediary
POL-104866,2024-12-05,2025-12-05,5,1,71436.08,Active,Independent Broker
POL-104867,2024-09-18,2025-09-18,3,7,103014.01,Active,Independent Broker
POL-104868,2025-02-27,2026-02-27,2,2,16704.98,Active,Corporate Intermediary
POL-104869,2025-01-11,2026-01-11,5,4,209674.38,Active,Direct Digital
POL-104870,2024-06-11,2025-06-11,3,1,126594.69,Lapsed,Corporate Intermediary
POL-104871,2024-04-23,2025-04-23,3,1,60202.96,Active,Direct Digital
POL-104872,2025-06-06,2026-06-06,3,2,92397.08,Active,Independent Broker
POL-104873,2025-03-08,2026-03-08,3,2,117418.36,Active,Independent Broker
POL-104874,2025-02-12,2026-02-12,2,2,18263.6,Active,Affinity Partner
POL-104875,2024-10-14,2025-10-14,3,2,140052.21,Active,Direct Digital
POL-104876,2024-08-24,2025-08-24,2,4,9969.19,Lapsed,Independent Broker
POL-104877,2024-12-18,2025-12-18,4,5,155789.49,Active,Affinity Partner
POL-104878,2025-05-15,2026-05-15,2,3,16977.82,Cancelled,Direct Digital
POL-104879,2024-03-06,2025-03-06,5,4,99492.54,Active,Independent Broker
POL-104880,2024-06-09,2025-06-09,2,2,11660.58,Active,Independent Broker
POL-104881,2024-04-30,2025-04-30,4,4,195789.84,Active,Direct Digital
POL-104882,2025-02-20,2026-02-20,2,2,8192.79,Active,Independent Broker
POL-104883,2024-11-14,2025-11-14,1,4,16214.16,Active,Independent Broker
POL-104884,2024-01-09,2025-01-08,1,3,25268.78,Active,Independent Broker
POL-104885,2024-07-07,2025-07-07,1,1,16094.44,Active,Direct Digital
POL-104886,2024-12-01,2025-12-01,3,2,118960.51,Active,Affinity Partner
POL-104887,2024-05-28,2025-05-28,1,3,14204.54,Active,Independent Broker
POL-104888,2024-11-08,2025-11-08,5,4,152034.41,Active,Independent Broker
POL-104889,2024-02-19,2025-02-18,3,4,103348.2,Active,Independent Broker
POL-104890,2024-02-20,2025-02-19,1,4,23937.61,Cancelled,Direct Digital
POL-104891,2024-07-27,2025-07-27,1,1,18678.2,Active,Corporate Intermediary
POL-104892,2024-08-12,2025-08-12,2,6,10539.75,Active,Independent Broker
POL-104893,2025-02-13,2026-02-13,5,3,67735.57,Active,Direct Digital
POL-104894,2025-03-02,2026-03-02,1,2,13618.79,Active,Independent Broker
POL-104895,2025-03-23,2026-03-23,3,1,151904.61,Active,Independent Broker
POL-104896,2024-05-21,2025-05-21,3,1,47673.18,Active,Direct Digital
POL-104897,2024-11-02,2025-11-02,4,3,90426.8,Active,Direct Digital
POL-104898,2024-12-23,2025-12-23,2,2,17396.62,Lapsed,Direct Digital
POL-104899,2025-05-28,2026-05-28,2,6,7787.52,Cancelled,Corporate Intermediary
POL-104900,2024-12-31,2025-12-31,2,6,19427.72,Active,Corporate Intermediary
POL-104901,2024-08-10,2025-08-10,3,1,143585.65,Active,Independent Broker
POL-104902,2024-11-23,2025-11-23,3,1,52542.22,Active,Direct Digital
POL-104903,2024-09-23,2025-09-23,1,3,15680.8,Active,Independent Broker
POL-104904,2024-10-22,2025-10-22,5,2,50429.71,Active,Corporate Intermediary
POL-104905,2024-01-23,2025-01-22,3,2,51697.96,Active,Independent Broker
POL-104906,2024-04-12,2025-04-12,4,3,90845.15,Active,Independent Broker
POL-104907,2024-06-05,2025-06-05,3,5,123183.1,Active,Corporate Intermediary
POL-104908,2024-06-18,2025-06-18,2,1,16476.14,Active,Direct Digital
POL-104909,2024-07-01,2025-07-01,3,7,121409.73,Active,Corporate Intermediary
POL-104910,2024-12-10,2025-12-10,4,3,191587.84,Active,Independent Broker
POL-104911,2025-01-23,2026-01-23,5,2,148999.32,Active,Direct Digital
POL-104912,2024-11-29,2025-11-29,2,6,15656.05,Active,Independent Broker
POL-104913,2024-11-09,2025-11-09,1,7,16683.31,Active,Independent Broker
POL-104914,2024-12-10,2025-12-10,2,3,9611.15,Active,Direct Digital
POL-104915,2024-09-29,2025-09-29,5,4,195961.28,Active,Independent Broker
POL-104916,2024-09-03,2025-09-03,2,1,11971.68,Active,Independent Broker
POL-104917,2024-05-07,2025-05-07,1,4,10382.91,Active,Independent Broker
POL-104918,2024-09-15,2025-09-15,2,2,19051.55,Active,Independent Broker
POL-104919,2024-09-26,2025-09-26,1,4,10776.81,Lapsed,Direct Digital
POL-104920,2025-05-10,2026-05-10,1,1,15379.32,Active,Affinity Partner
POL-104921,2024-12-10,2025-12-10,2,1,8633.3,Active,Independent Broker
POL-104922,2025-05-14,2026-05-14,2,1,12630.41,Active,Independent Broker
POL-104923,2025-04-23,2026-04-23,1,4,20509.14,Active,Corporate Intermediary
POL-104924,2025-01-10,2026-01-10,2,2,14827.09,Active,Independent Broker
POL-104925,2024-12-18,2025-12-18,3,6,112540.95,Active,Independent Broker
POL-104926,2025-05-28,2026-05-28,1,4,16304.06,Active,Corporate Intermediary
POL-104927,2024-09-25,2025-09-25,4,4,103801.66,Active,Direct Digital
POL-104928,2024-08-06,2025-08-06,5,6,161384.18,Cancelled,Independent Broker
POL-104929,2024-01-02,2025-01-01,2,1,13617.19,Active,Corporate Intermediary
POL-104930,2025-03-31,2026-03-31,4,6,98523.92,Active,Independent Broker
POL-104931,2025-05-15,2026-05-15,5,5,91744.67,Active,Independent Broker
POL-104932,2024-11-23,2025-11-23,3,2,159373.89,Active,Direct Digital
POL-104933,2024-10-17,2025-10-17,2,6,17778.85,Active,Independent Broker
POL-104934,2024-07-14,2025-07-14,4,2,99689.37,Active,Independent Broker
POL-104935,2024-02-01,2025-01-31,4,1,260704.73,Active,Direct Digital
POL-104936,2025-01-27,2026-01-27,2,3,18109.97,Active,Direct Digital
POL-104937,2025-03-18,2026-03-18,4,3,118634.0,Active,Independent Broker
POL-104938,2024-04-10,2025-04-10,2,5,9354.12,Active,Independent Broker
POL-104939,2024-08-30,2025-08-30,4,3,263809.36,Lapsed,Independent Broker
POL-104940,2025-02-15,2026-02-15,4,1,161470.44,Active,Independent Broker
POL-104941,2024-09-02,2025-09-02,2,5,18179.05,Active,Independent Broker
POL-104942,2024-02-16,2025-02-15,3,1,95625.64,Active,Independent Broker
POL-104943,2024-10-03,2025-10-03,5,1,214396.57,Active,Independent Broker
POL-104944,2024-04-19,2025-04-19,5,1,154055.6,Active,Direct Digital
POL-104945,2025-04-24,2026-04-24,2,1,13996.48,Active,Independent Broker
POL-104946,2025-03-18,2026-03-18,2,5,19935.8,Active,Independent Broker
POL-104947,2025-02-27,2026-02-27,2,7,18518.53,Active,Independent Broker
POL-104948,2025-06-16,2026-06-16,1,1,21138.94,Active,Corporate Intermediary
POL-104949,2024-01-12,2025-01-11,4,1,298972.38,Active,Direct Digital
POL-104950,2025-01-07,2026-01-07,5,4,124281.99,Active,Corporate Intermediary
POL-104951,2025-02-03,2026-02-03,1,3,12455.34,Active,Direct Digital
POL-104952,2025-03-01,2026-03-01,1,6,17322.36,Active,Direct Digital
POL-104953,2024-03-10,2025-03-10,1,3,23769.33,Active,Independent Broker
POL-104954,2024-04-16,2025-04-16,1,1,20624.39,Lapsed,Corporate Intermediary
POL-104955,2024-06-19,2025-06-19,1,1,19876.62,Active,Corporate Intermediary
POL-104956,2025-01-21,2026-01-21,1,1,19203.53,Active,Independent Broker
POL-104957,2024-05-30,2025-05-30,2,4,19139.03,Active,Corporate Intermediary
POL-104958,2024-11-22,2025-11-22,2,1,15882.64,Active,Affinity Partner
POL-104959,2024-08-07,2025-08-07,1,2,20857.63,Active,Direct Digital
POL-104960,2024-03-19,2025-03-19,1,3,11199.91,Active,Independent Broker
POL-104961,2024-12-16,2025-12-16,1,1,15865.56,Active,Independent Broker
POL-104962,2024-01-19,2025-01-18,4,2,110374.2,Active,Corporate Intermediary
POL-104963,2024-04-12,2025-04-12,4,3,128015.0,Active,Independent Broker
POL-104964,2025-06-09,2026-06-09,2,7,8576.09,Active,Direct Digital
POL-104965,2025-05-23,2026-05-23,1,1,15864.83,Active,Direct Digital
POL-104966,2024-03-17,2025-03-17,1,4,18164.53,Active,Independent Broker
POL-104967,2024-03-02,2025-03-02,1,1,12627.18,Active,Direct Digital
POL-104968,2025-02-02,2026-02-02,1,1,9626.56,Active,Corporate Intermediary
POL-104969,2024-10-25,2025-10-25,2,2,7837.7,Active,Affinity Partner
POL-104970,2025-05-09,2026-05-09,2,1,20604.27,Active,Independent Broker
POL-104971,2024-05-27,2025-05-27,5,3,113440.01,Active,Independent Broker
POL-104972,2024-03-08,2025-03-08,4,2,120457.74,Active,Direct Digital
POL-104973,2024-10-15,2025-10-15,3,3,141775.54,Active,Direct Digital
POL-104974,2024-11-02,2025-11-02,1,3,15994.87,Active,Direct Digital
POL-104975,2024-06-14,2025-06-14,2,1,16229.91,Active,Direct Digital
POL-104976,2025-03-15,2026-03-15,2,1,8706.8,Active,Independent Broker
POL-104977,2024-11-26,2025-11-26,5,5,177964.36,Active,Direct Digital
POL-104978,2024-09-13,2025-09-13,3,1,155900.22,Active,Corporate Intermediary
POL-104979,2024-01-16,2025-01-15,1,1,11743.29,Active,Affinity Partner
POL-104980,2025-04-06,2026-04-06,4,1,105228.79,Active,Corporate Intermediary
POL-104981,2024-04-12,2025-04-12,1,2,25892.91,Active,Independent Broker
POL-104982,2024-01-12,2025-01-11,2,1,9617.09,Cancelled,Affinity Partner
POL-104983,2024-03-09,2025-03-09,4,1,231216.0,Active,Direct Digital
POL-104984,2024-12-15,2025-12-15,1,2,22652.6,Active,Direct Digital
POL-104985,2024-01-26,2025-01-25,3,5,102185.2,Active,Direct Digital
POL-104986,2024-01-11,2025-01-10,1,3,13403.24,Active,Independent Broker
POL-104987,2024-08-24,2025-08-24,5,3,190684.53,Active,Corporate Intermediary
POL-104988,2024-03-25,2025-03-25,1,2,15538.24,Active,Corporate Intermediary
POL-104989,2024-03-27,2025-03-27,3,1,81892.49,Active,Independent Broker
POL-104990,2024-12-19,2025-12-19,1,1,23967.74,Active,Independent Broker
POL-104991,2024-03-31,2025-03-31,1,3,13610.51,Active,Independent Broker
POL-104992,2025-06-09,2026-06-09,4,3,248100.76,Active,Direct Digital
POL-104993,2024-08-13,2025-08-13,2,7,19100.06,Active,Independent Broker
POL-104994,2025-05-19,2026-05-19,1,3,21067.85,Active,Independent Broker
POL-104995,2025-05-27,2026-05-27,2,1,19526.87,Active,Direct Digital
POL-104996,2025-01-26,2026-01-26,1,2,11128.85,Active,Independent Broker
POL-104997,2024-08-25,2025-08-25,5,4,157303.45,Active,Direct Digital
POL-104998,2025-04-03,2026-04-03,2,3,10772.37,Active,Independent Broker
POL-104999,2025-02-17,2026-02-17,2,2,19146.24,Active,Direct Digital
POL-105000,2025-02-01,2026-02-01,2,1,11480.26,Lapsed,Independent Broker
